Phase 2 (tag=1m_ragged) — seeds [123, 456] | GPU 0 | out ./experiments/phase2/results_ragged

############################################################
# SEED 123
############################################################
step: 50/30000 | embedding_loss: 1.199962 | ema_momentum: 0.99900
step: 100/30000 | embedding_loss: 0.809754 | ema_momentum: 0.99900
step: 150/30000 | embedding_loss: 0.622053 | ema_momentum: 0.99901
step: 200/30000 | embedding_loss: 0.521100 | ema_momentum: 0.99901
step: 250/30000 | embedding_loss: 0.456942 | ema_momentum: 0.99901
step: 300/30000 | embedding_loss: 0.411598 | ema_momentum: 0.99901
step: 350/30000 | embedding_loss: 0.377362 | ema_momentum: 0.99901
step: 400/30000 | embedding_loss: 0.350045 | ema_momentum: 0.99901
step: 450/30000 | embedding_loss: 0.327506 | ema_momentum: 0.99901
step: 500/30000 | embedding_loss: 0.308408 | ema_momentum: 0.99902
step: 550/30000 | embedding_loss: 0.291953 | ema_momentum: 0.99902
step: 600/30000 | embedding_loss: 0.277586 | ema_momentum: 0.99902
step: 650/30000 | embedding_loss: 0.264909 | ema_momentum: 0.99902
step: 700/30000 | embedding_loss: 0.253639 | ema_momentum: 0.99902
step: 750/30000 | embedding_loss: 0.243502 | ema_momentum: 0.99903
step: 800/30000 | embedding_loss: 0.234322 | ema_momentum: 0.99903
step: 850/30000 | embedding_loss: 0.225957 | ema_momentum: 0.99903
step: 900/30000 | embedding_loss: 0.218299 | ema_momentum: 0.99903
step: 950/30000 | embedding_loss: 0.211268 | ema_momentum: 0.99903
step: 1000/30000 | embedding_loss: 0.204773 | ema_momentum: 0.99903
epoch: 1/30 | train_loss: 0.204773 | val_loss: 0.006750
  Saved context encoder weights → ./logs/ParticleJEPA/best/jepa_1m_ragged_seed123.pt
  Saved context encoder weights → ./logs/ParticleJEPA/best/jepa_1m_ragged_seed123_best.pt
step: 1050/30000 | embedding_loss: 0.078455 | ema_momentum: 0.99904
step: 1100/30000 | embedding_loss: 0.077251 | ema_momentum: 0.99904
step: 1150/30000 | embedding_loss: 0.076062 | ema_momentum: 0.99904
step: 1200/30000 | embedding_loss: 0.074946 | ema_momentum: 0.99904
step: 1250/30000 | embedding_loss: 0.073913 | ema_momentum: 0.99904
step: 1300/30000 | embedding_loss: 0.072928 | ema_momentum: 0.99904
step: 1350/30000 | embedding_loss: 0.071979 | ema_momentum: 0.99904
step: 1400/30000 | embedding_loss: 0.071049 | ema_momentum: 0.99905
step: 1450/30000 | embedding_loss: 0.070183 | ema_momentum: 0.99905
step: 1500/30000 | embedding_loss: 0.069350 | ema_momentum: 0.99905
step: 1550/30000 | embedding_loss: 0.068575 | ema_momentum: 0.99905
step: 1600/30000 | embedding_loss: 0.067821 | ema_momentum: 0.99905
step: 1650/30000 | embedding_loss: 0.067077 | ema_momentum: 0.99906
step: 1700/30000 | embedding_loss: 0.066359 | ema_momentum: 0.99906
step: 1750/30000 | embedding_loss: 0.065683 | ema_momentum: 0.99906
step: 1800/30000 | embedding_loss: 0.065033 | ema_momentum: 0.99906
step: 1850/30000 | embedding_loss: 0.064405 | ema_momentum: 0.99906
step: 1900/30000 | embedding_loss: 0.063794 | ema_momentum: 0.99906
step: 1950/30000 | embedding_loss: 0.063216 | ema_momentum: 0.99906
step: 2000/30000 | embedding_loss: 0.062654 | ema_momentum: 0.99907
epoch: 2/30 | train_loss: 0.062654 | val_loss: 0.003717
  Saved context encoder weights → ./logs/ParticleJEPA/best/jepa_1m_ragged_seed123.pt
  Saved context encoder weights → ./logs/ParticleJEPA/best/jepa_1m_ragged_seed123_best.pt
step: 2050/30000 | embedding_loss: 0.051404 | ema_momentum: 0.99907
step: 2100/30000 | embedding_loss: 0.051156 | ema_momentum: 0.99907
step: 2150/30000 | embedding_loss: 0.050757 | ema_momentum: 0.99907
step: 2200/30000 | embedding_loss: 0.050375 | ema_momentum: 0.99907
step: 2250/30000 | embedding_loss: 0.050105 | ema_momentum: 0.99908
step: 2300/30000 | embedding_loss: 0.049891 | ema_momentum: 0.99908
step: 2350/30000 | embedding_loss: 0.049693 | ema_momentum: 0.99908
step: 2400/30000 | embedding_loss: 0.049437 | ema_momentum: 0.99908
step: 2450/30000 | embedding_loss: 0.049192 | ema_momentum: 0.99908
step: 2500/30000 | embedding_loss: 0.048955 | ema_momentum: 0.99908
step: 2550/30000 | embedding_loss: 0.048752 | ema_momentum: 0.99909
step: 2600/30000 | embedding_loss: 0.048553 | ema_momentum: 0.99909
step: 2650/30000 | embedding_loss: 0.048360 | ema_momentum: 0.99909
step: 2700/30000 | embedding_loss: 0.048188 | ema_momentum: 0.99909
step: 2750/30000 | embedding_loss: 0.048018 | ema_momentum: 0.99909
step: 2800/30000 | embedding_loss: 0.047896 | ema_momentum: 0.99909
step: 2850/30000 | embedding_loss: 0.047754 | ema_momentum: 0.99909
step: 2900/30000 | embedding_loss: 0.047625 | ema_momentum: 0.99910
step: 2950/30000 | embedding_loss: 0.047495 | ema_momentum: 0.99910
step: 3000/30000 | embedding_loss: 0.047380 | ema_momentum: 0.99910
epoch: 3/30 | train_loss: 0.047380 | val_loss: 0.004512
step: 3050/30000 | embedding_loss: 0.045265 | ema_momentum: 0.99910
step: 3100/30000 | embedding_loss: 0.045116 | ema_momentum: 0.99910
step: 3150/30000 | embedding_loss: 0.045143 | ema_momentum: 0.99911
step: 3200/30000 | embedding_loss: 0.045082 | ema_momentum: 0.99911
step: 3250/30000 | embedding_loss: 0.045158 | ema_momentum: 0.99911
step: 3300/30000 | embedding_loss: 0.045173 | ema_momentum: 0.99911
step: 3350/30000 | embedding_loss: 0.045176 | ema_momentum: 0.99911
step: 3400/30000 | embedding_loss: 0.045199 | ema_momentum: 0.99911
step: 3450/30000 | embedding_loss: 0.045241 | ema_momentum: 0.99911
step: 3500/30000 | embedding_loss: 0.045288 | ema_momentum: 0.99912
step: 3550/30000 | embedding_loss: 0.045316 | ema_momentum: 0.99912
step: 3600/30000 | embedding_loss: 0.045354 | ema_momentum: 0.99912
step: 3650/30000 | embedding_loss: 0.045407 | ema_momentum: 0.99912
step: 3700/30000 | embedding_loss: 0.045433 | ema_momentum: 0.99912
step: 3750/30000 | embedding_loss: 0.045499 | ema_momentum: 0.99913
step: 3800/30000 | embedding_loss: 0.045557 | ema_momentum: 0.99913
step: 3850/30000 | embedding_loss: 0.045612 | ema_momentum: 0.99913
step: 3900/30000 | embedding_loss: 0.045673 | ema_momentum: 0.99913
step: 3950/30000 | embedding_loss: 0.045741 | ema_momentum: 0.99913
step: 4000/30000 | embedding_loss: 0.045801 | ema_momentum: 0.99913
epoch: 4/30 | train_loss: 0.045801 | val_loss: 0.004462
step: 4050/30000 | embedding_loss: 0.046978 | ema_momentum: 0.99913
step: 4100/30000 | embedding_loss: 0.047155 | ema_momentum: 0.99914
step: 4150/30000 | embedding_loss: 0.047269 | ema_momentum: 0.99914
step: 4200/30000 | embedding_loss: 0.047378 | ema_momentum: 0.99914
step: 4250/30000 | embedding_loss: 0.047475 | ema_momentum: 0.99914
step: 4300/30000 | embedding_loss: 0.047583 | ema_momentum: 0.99914
step: 4350/30000 | embedding_loss: 0.047722 | ema_momentum: 0.99914
step: 4400/30000 | embedding_loss: 0.047852 | ema_momentum: 0.99915
step: 4450/30000 | embedding_loss: 0.047962 | ema_momentum: 0.99915
step: 4500/30000 | embedding_loss: 0.048057 | ema_momentum: 0.99915
step: 4550/30000 | embedding_loss: 0.048169 | ema_momentum: 0.99915
step: 4600/30000 | embedding_loss: 0.048263 | ema_momentum: 0.99915
step: 4650/30000 | embedding_loss: 0.048374 | ema_momentum: 0.99916
step: 4700/30000 | embedding_loss: 0.048501 | ema_momentum: 0.99916
step: 4750/30000 | embedding_loss: 0.048613 | ema_momentum: 0.99916
step: 4800/30000 | embedding_loss: 0.048716 | ema_momentum: 0.99916
step: 4850/30000 | embedding_loss: 0.048831 | ema_momentum: 0.99916
step: 4900/30000 | embedding_loss: 0.048954 | ema_momentum: 0.99916
step: 4950/30000 | embedding_loss: 0.049056 | ema_momentum: 0.99916
step: 5000/30000 | embedding_loss: 0.049182 | ema_momentum: 0.99917
epoch: 5/30 | train_loss: 0.049182 | val_loss: 0.006270
  Saved context encoder weights → ./logs/ParticleJEPA/best/jepa_1m_ragged_seed123_ep5.pt
step: 5050/30000 | embedding_loss: 0.051575 | ema_momentum: 0.99917
step: 5100/30000 | embedding_loss: 0.051846 | ema_momentum: 0.99917
step: 5150/30000 | embedding_loss: 0.051969 | ema_momentum: 0.99917
step: 5200/30000 | embedding_loss: 0.052132 | ema_momentum: 0.99917
step: 5250/30000 | embedding_loss: 0.052254 | ema_momentum: 0.99918
step: 5300/30000 | embedding_loss: 0.052327 | ema_momentum: 0.99918
step: 5350/30000 | embedding_loss: 0.052491 | ema_momentum: 0.99918
step: 5400/30000 | embedding_loss: 0.052623 | ema_momentum: 0.99918
step: 5450/30000 | embedding_loss: 0.052777 | ema_momentum: 0.99918
step: 5500/30000 | embedding_loss: 0.052930 | ema_momentum: 0.99918
step: 5550/30000 | embedding_loss: 0.053089 | ema_momentum: 0.99918
step: 5600/30000 | embedding_loss: 0.053254 | ema_momentum: 0.99919
step: 5650/30000 | embedding_loss: 0.053376 | ema_momentum: 0.99919
step: 5700/30000 | embedding_loss: 0.053536 | ema_momentum: 0.99919
step: 5750/30000 | embedding_loss: 0.053678 | ema_momentum: 0.99919
step: 5800/30000 | embedding_loss: 0.053824 | ema_momentum: 0.99919
step: 5850/30000 | embedding_loss: 0.053973 | ema_momentum: 0.99919
step: 5900/30000 | embedding_loss: 0.054126 | ema_momentum: 0.99920
step: 5950/30000 | embedding_loss: 0.054275 | ema_momentum: 0.99920
step: 6000/30000 | embedding_loss: 0.054424 | ema_momentum: 0.99920
epoch: 6/30 | train_loss: 0.054424 | val_loss: 0.006398
step: 6050/30000 | embedding_loss: 0.057896 | ema_momentum: 0.99920
step: 6100/30000 | embedding_loss: 0.057930 | ema_momentum: 0.99920
step: 6150/30000 | embedding_loss: 0.058000 | ema_momentum: 0.99921
step: 6200/30000 | embedding_loss: 0.058186 | ema_momentum: 0.99921
step: 6250/30000 | embedding_loss: 0.058336 | ema_momentum: 0.99921
step: 6300/30000 | embedding_loss: 0.058509 | ema_momentum: 0.99921
step: 6350/30000 | embedding_loss: 0.058691 | ema_momentum: 0.99921
step: 6400/30000 | embedding_loss: 0.058858 | ema_momentum: 0.99921
step: 6450/30000 | embedding_loss: 0.058999 | ema_momentum: 0.99921
step: 6500/30000 | embedding_loss: 0.059186 | ema_momentum: 0.99922
step: 6550/30000 | embedding_loss: 0.059354 | ema_momentum: 0.99922
step: 6600/30000 | embedding_loss: 0.059518 | ema_momentum: 0.99922
step: 6650/30000 | embedding_loss: 0.059737 | ema_momentum: 0.99922
step: 6700/30000 | embedding_loss: 0.059926 | ema_momentum: 0.99922
step: 6750/30000 | embedding_loss: 0.060098 | ema_momentum: 0.99923
step: 6800/30000 | embedding_loss: 0.060262 | ema_momentum: 0.99923
step: 6850/30000 | embedding_loss: 0.060445 | ema_momentum: 0.99923
step: 6900/30000 | embedding_loss: 0.060625 | ema_momentum: 0.99923
step: 6950/30000 | embedding_loss: 0.060794 | ema_momentum: 0.99923
step: 7000/30000 | embedding_loss: 0.060968 | ema_momentum: 0.99923
epoch: 7/30 | train_loss: 0.060968 | val_loss: 0.006939
step: 7050/30000 | embedding_loss: 0.064496 | ema_momentum: 0.99923
step: 7100/30000 | embedding_loss: 0.064761 | ema_momentum: 0.99924
step: 7150/30000 | embedding_loss: 0.064968 | ema_momentum: 0.99924
step: 7200/30000 | embedding_loss: 0.065216 | ema_momentum: 0.99924
step: 7250/30000 | embedding_loss: 0.065352 | ema_momentum: 0.99924
step: 7300/30000 | embedding_loss: 0.065505 | ema_momentum: 0.99924
step: 7350/30000 | embedding_loss: 0.065685 | ema_momentum: 0.99925
step: 7400/30000 | embedding_loss: 0.065836 | ema_momentum: 0.99925
step: 7450/30000 | embedding_loss: 0.065962 | ema_momentum: 0.99925
step: 7500/30000 | embedding_loss: 0.066144 | ema_momentum: 0.99925
step: 7550/30000 | embedding_loss: 0.066321 | ema_momentum: 0.99925
step: 7600/30000 | embedding_loss: 0.066490 | ema_momentum: 0.99925
step: 7650/30000 | embedding_loss: 0.066678 | ema_momentum: 0.99926
step: 7700/30000 | embedding_loss: 0.066850 | ema_momentum: 0.99926
step: 7750/30000 | embedding_loss: 0.067029 | ema_momentum: 0.99926
step: 7800/30000 | embedding_loss: 0.067192 | ema_momentum: 0.99926
step: 7850/30000 | embedding_loss: 0.067367 | ema_momentum: 0.99926
step: 7900/30000 | embedding_loss: 0.067543 | ema_momentum: 0.99926
step: 7950/30000 | embedding_loss: 0.067724 | ema_momentum: 0.99926
step: 8000/30000 | embedding_loss: 0.067903 | ema_momentum: 0.99927
epoch: 8/30 | train_loss: 0.067903 | val_loss: 0.008084
step: 8050/30000 | embedding_loss: 0.071197 | ema_momentum: 0.99927
step: 8100/30000 | embedding_loss: 0.071449 | ema_momentum: 0.99927
step: 8150/30000 | embedding_loss: 0.071743 | ema_momentum: 0.99927
step: 8200/30000 | embedding_loss: 0.071944 | ema_momentum: 0.99927
step: 8250/30000 | embedding_loss: 0.072060 | ema_momentum: 0.99928
step: 8300/30000 | embedding_loss: 0.072168 | ema_momentum: 0.99928
step: 8350/30000 | embedding_loss: 0.072336 | ema_momentum: 0.99928
step: 8400/30000 | embedding_loss: 0.072572 | ema_momentum: 0.99928
step: 8450/30000 | embedding_loss: 0.072727 | ema_momentum: 0.99928
step: 8500/30000 | embedding_loss: 0.072896 | ema_momentum: 0.99928
step: 8550/30000 | embedding_loss: 0.073036 | ema_momentum: 0.99928
step: 8600/30000 | embedding_loss: 0.073205 | ema_momentum: 0.99929
step: 8650/30000 | embedding_loss: 0.073346 | ema_momentum: 0.99929
step: 8700/30000 | embedding_loss: 0.073520 | ema_momentum: 0.99929
step: 8750/30000 | embedding_loss: 0.073667 | ema_momentum: 0.99929
step: 8800/30000 | embedding_loss: 0.073839 | ema_momentum: 0.99929
step: 8850/30000 | embedding_loss: 0.074023 | ema_momentum: 0.99930
step: 8900/30000 | embedding_loss: 0.074170 | ema_momentum: 0.99930
step: 8950/30000 | embedding_loss: 0.074325 | ema_momentum: 0.99930
step: 9000/30000 | embedding_loss: 0.074485 | ema_momentum: 0.99930
epoch: 9/30 | train_loss: 0.074485 | val_loss: 0.008091
step: 9050/30000 | embedding_loss: 0.077611 | ema_momentum: 0.99930
step: 9100/30000 | embedding_loss: 0.077860 | ema_momentum: 0.99930
step: 9150/30000 | embedding_loss: 0.078083 | ema_momentum: 0.99930
step: 9200/30000 | embedding_loss: 0.078318 | ema_momentum: 0.99931
step: 9250/30000 | embedding_loss: 0.078451 | ema_momentum: 0.99931
step: 9300/30000 | embedding_loss: 0.078607 | ema_momentum: 0.99931
step: 9350/30000 | embedding_loss: 0.078824 | ema_momentum: 0.99931
step: 9400/30000 | embedding_loss: 0.079000 | ema_momentum: 0.99931
step: 9450/30000 | embedding_loss: 0.079162 | ema_momentum: 0.99931
step: 9500/30000 | embedding_loss: 0.079347 | ema_momentum: 0.99932
step: 9550/30000 | embedding_loss: 0.079489 | ema_momentum: 0.99932
step: 9600/30000 | embedding_loss: 0.079678 | ema_momentum: 0.99932
step: 9650/30000 | embedding_loss: 0.079837 | ema_momentum: 0.99932
step: 9700/30000 | embedding_loss: 0.079976 | ema_momentum: 0.99932
step: 9750/30000 | embedding_loss: 0.080152 | ema_momentum: 0.99933
step: 9800/30000 | embedding_loss: 0.080316 | ema_momentum: 0.99933
step: 9850/30000 | embedding_loss: 0.080489 | ema_momentum: 0.99933
step: 9900/30000 | embedding_loss: 0.080696 | ema_momentum: 0.99933
step: 9950/30000 | embedding_loss: 0.080869 | ema_momentum: 0.99933
step: 10000/30000 | embedding_loss: 0.081049 | ema_momentum: 0.99933
epoch: 10/30 | train_loss: 0.081049 | val_loss: 0.009131
  Saved context encoder weights → ./logs/ParticleJEPA/best/jepa_1m_ragged_seed123_ep10.pt
step: 10050/30000 | embedding_loss: 0.084419 | ema_momentum: 0.99933
step: 10100/30000 | embedding_loss: 0.084711 | ema_momentum: 0.99934
step: 10150/30000 | embedding_loss: 0.084782 | ema_momentum: 0.99934
step: 10200/30000 | embedding_loss: 0.084910 | ema_momentum: 0.99934
step: 10250/30000 | embedding_loss: 0.085059 | ema_momentum: 0.99934
step: 10300/30000 | embedding_loss: 0.085215 | ema_momentum: 0.99934
step: 10350/30000 | embedding_loss: 0.085363 | ema_momentum: 0.99935
step: 10400/30000 | embedding_loss: 0.085518 | ema_momentum: 0.99935
step: 10450/30000 | embedding_loss: 0.085654 | ema_momentum: 0.99935
step: 10500/30000 | embedding_loss: 0.085814 | ema_momentum: 0.99935
step: 10550/30000 | embedding_loss: 0.085969 | ema_momentum: 0.99935
step: 10600/30000 | embedding_loss: 0.086148 | ema_momentum: 0.99935
step: 10650/30000 | embedding_loss: 0.086327 | ema_momentum: 0.99935
step: 10700/30000 | embedding_loss: 0.086527 | ema_momentum: 0.99936
step: 10750/30000 | embedding_loss: 0.086678 | ema_momentum: 0.99936
step: 10800/30000 | embedding_loss: 0.086832 | ema_momentum: 0.99936
step: 10850/30000 | embedding_loss: 0.086990 | ema_momentum: 0.99936
step: 10900/30000 | embedding_loss: 0.087176 | ema_momentum: 0.99936
step: 10950/30000 | embedding_loss: 0.087345 | ema_momentum: 0.99936
step: 11000/30000 | embedding_loss: 0.087511 | ema_momentum: 0.99937
epoch: 11/30 | train_loss: 0.087511 | val_loss: 0.010253
step: 11050/30000 | embedding_loss: 0.090823 | ema_momentum: 0.99937
step: 11100/30000 | embedding_loss: 0.090824 | ema_momentum: 0.99937
step: 11150/30000 | embedding_loss: 0.091006 | ema_momentum: 0.99937
step: 11200/30000 | embedding_loss: 0.091172 | ema_momentum: 0.99937
step: 11250/30000 | embedding_loss: 0.091383 | ema_momentum: 0.99938
step: 11300/30000 | embedding_loss: 0.091592 | ema_momentum: 0.99938
step: 11350/30000 | embedding_loss: 0.091808 | ema_momentum: 0.99938
step: 11400/30000 | embedding_loss: 0.091971 | ema_momentum: 0.99938
step: 11450/30000 | embedding_loss: 0.092117 | ema_momentum: 0.99938
step: 11500/30000 | embedding_loss: 0.092283 | ema_momentum: 0.99938
step: 11550/30000 | embedding_loss: 0.092436 | ema_momentum: 0.99938
step: 11600/30000 | embedding_loss: 0.092603 | ema_momentum: 0.99939
step: 11650/30000 | embedding_loss: 0.092760 | ema_momentum: 0.99939
step: 11700/30000 | embedding_loss: 0.092932 | ema_momentum: 0.99939
step: 11750/30000 | embedding_loss: 0.093085 | ema_momentum: 0.99939
step: 11800/30000 | embedding_loss: 0.093239 | ema_momentum: 0.99939
step: 11850/30000 | embedding_loss: 0.093408 | ema_momentum: 0.99940
step: 11900/30000 | embedding_loss: 0.093587 | ema_momentum: 0.99940
step: 11950/30000 | embedding_loss: 0.093768 | ema_momentum: 0.99940
step: 12000/30000 | embedding_loss: 0.093927 | ema_momentum: 0.99940
epoch: 12/30 | train_loss: 0.093927 | val_loss: 0.012362
step: 12050/30000 | embedding_loss: 0.097044 | ema_momentum: 0.99940
step: 12100/30000 | embedding_loss: 0.096975 | ema_momentum: 0.99940
step: 12150/30000 | embedding_loss: 0.097208 | ema_momentum: 0.99940
step: 12200/30000 | embedding_loss: 0.097280 | ema_momentum: 0.99941
step: 12250/30000 | embedding_loss: 0.097515 | ema_momentum: 0.99941
step: 12300/30000 | embedding_loss: 0.097650 | ema_momentum: 0.99941
step: 12350/30000 | embedding_loss: 0.097795 | ema_momentum: 0.99941
step: 12400/30000 | embedding_loss: 0.097990 | ema_momentum: 0.99941
step: 12450/30000 | embedding_loss: 0.098178 | ema_momentum: 0.99942
step: 12500/30000 | embedding_loss: 0.098371 | ema_momentum: 0.99942
step: 12550/30000 | embedding_loss: 0.098550 | ema_momentum: 0.99942
step: 12600/30000 | embedding_loss: 0.098694 | ema_momentum: 0.99942
step: 12650/30000 | embedding_loss: 0.098841 | ema_momentum: 0.99942
step: 12700/30000 | embedding_loss: 0.099003 | ema_momentum: 0.99942
step: 12750/30000 | embedding_loss: 0.099145 | ema_momentum: 0.99943
step: 12800/30000 | embedding_loss: 0.099307 | ema_momentum: 0.99943
step: 12850/30000 | embedding_loss: 0.099478 | ema_momentum: 0.99943
step: 12900/30000 | embedding_loss: 0.099637 | ema_momentum: 0.99943
step: 12950/30000 | embedding_loss: 0.099789 | ema_momentum: 0.99943
step: 13000/30000 | embedding_loss: 0.099961 | ema_momentum: 0.99943
epoch: 13/30 | train_loss: 0.099961 | val_loss: 0.012436
step: 13050/30000 | embedding_loss: 0.103330 | ema_momentum: 0.99943
step: 13100/30000 | embedding_loss: 0.103144 | ema_momentum: 0.99944
step: 13150/30000 | embedding_loss: 0.103297 | ema_momentum: 0.99944
step: 13200/30000 | embedding_loss: 0.103498 | ema_momentum: 0.99944
step: 13250/30000 | embedding_loss: 0.103685 | ema_momentum: 0.99944
step: 13300/30000 | embedding_loss: 0.103854 | ema_momentum: 0.99944
step: 13350/30000 | embedding_loss: 0.103966 | ema_momentum: 0.99945
step: 13400/30000 | embedding_loss: 0.104141 | ema_momentum: 0.99945
step: 13450/30000 | embedding_loss: 0.104236 | ema_momentum: 0.99945
step: 13500/30000 | embedding_loss: 0.104359 | ema_momentum: 0.99945
step: 13550/30000 | embedding_loss: 0.104509 | ema_momentum: 0.99945
step: 13600/30000 | embedding_loss: 0.104647 | ema_momentum: 0.99945
step: 13650/30000 | embedding_loss: 0.104769 | ema_momentum: 0.99945
step: 13700/30000 | embedding_loss: 0.104931 | ema_momentum: 0.99946
step: 13750/30000 | embedding_loss: 0.105054 | ema_momentum: 0.99946
step: 13800/30000 | embedding_loss: 0.105197 | ema_momentum: 0.99946
step: 13850/30000 | embedding_loss: 0.105346 | ema_momentum: 0.99946
step: 13900/30000 | embedding_loss: 0.105497 | ema_momentum: 0.99946
step: 13950/30000 | embedding_loss: 0.105694 | ema_momentum: 0.99947
step: 14000/30000 | embedding_loss: 0.105844 | ema_momentum: 0.99947
epoch: 14/30 | train_loss: 0.105844 | val_loss: 0.013303
step: 14050/30000 | embedding_loss: 0.108867 | ema_momentum: 0.99947
step: 14100/30000 | embedding_loss: 0.108718 | ema_momentum: 0.99947
step: 14150/30000 | embedding_loss: 0.108872 | ema_momentum: 0.99947
step: 14200/30000 | embedding_loss: 0.108985 | ema_momentum: 0.99947
step: 14250/30000 | embedding_loss: 0.109135 | ema_momentum: 0.99948
step: 14300/30000 | embedding_loss: 0.109237 | ema_momentum: 0.99948
step: 14350/30000 | embedding_loss: 0.109354 | ema_momentum: 0.99948
step: 14400/30000 | embedding_loss: 0.109470 | ema_momentum: 0.99948
step: 14450/30000 | embedding_loss: 0.109632 | ema_momentum: 0.99948
step: 14500/30000 | embedding_loss: 0.109765 | ema_momentum: 0.99948
step: 14550/30000 | embedding_loss: 0.109960 | ema_momentum: 0.99948
step: 14600/30000 | embedding_loss: 0.110129 | ema_momentum: 0.99949
step: 14650/30000 | embedding_loss: 0.110327 | ema_momentum: 0.99949
step: 14700/30000 | embedding_loss: 0.110492 | ema_momentum: 0.99949
step: 14750/30000 | embedding_loss: 0.110643 | ema_momentum: 0.99949
step: 14800/30000 | embedding_loss: 0.110769 | ema_momentum: 0.99949
step: 14850/30000 | embedding_loss: 0.110948 | ema_momentum: 0.99950
step: 14900/30000 | embedding_loss: 0.111061 | ema_momentum: 0.99950
step: 14950/30000 | embedding_loss: 0.111202 | ema_momentum: 0.99950
step: 15000/30000 | embedding_loss: 0.111339 | ema_momentum: 0.99950
epoch: 15/30 | train_loss: 0.111339 | val_loss: 0.014003
  Saved context encoder weights → ./logs/ParticleJEPA/best/jepa_1m_ragged_seed123_ep15.pt
step: 15050/30000 | embedding_loss: 0.114147 | ema_momentum: 0.99950
step: 15100/30000 | embedding_loss: 0.114014 | ema_momentum: 0.99950
step: 15150/30000 | embedding_loss: 0.114181 | ema_momentum: 0.99950
step: 15200/30000 | embedding_loss: 0.114362 | ema_momentum: 0.99951
step: 15250/30000 | embedding_loss: 0.114461 | ema_momentum: 0.99951
step: 15300/30000 | embedding_loss: 0.114661 | ema_momentum: 0.99951
step: 15350/30000 | embedding_loss: 0.114775 | ema_momentum: 0.99951
step: 15400/30000 | embedding_loss: 0.114881 | ema_momentum: 0.99951
step: 15450/30000 | embedding_loss: 0.114970 | ema_momentum: 0.99952
step: 15500/30000 | embedding_loss: 0.115111 | ema_momentum: 0.99952
step: 15550/30000 | embedding_loss: 0.115249 | ema_momentum: 0.99952
step: 15600/30000 | embedding_loss: 0.115379 | ema_momentum: 0.99952
step: 15650/30000 | embedding_loss: 0.115532 | ema_momentum: 0.99952
step: 15700/30000 | embedding_loss: 0.115654 | ema_momentum: 0.99952
step: 15750/30000 | embedding_loss: 0.115781 | ema_momentum: 0.99952
step: 15800/30000 | embedding_loss: 0.115908 | ema_momentum: 0.99953
step: 15850/30000 | embedding_loss: 0.116020 | ema_momentum: 0.99953
step: 15900/30000 | embedding_loss: 0.116156 | ema_momentum: 0.99953
step: 15950/30000 | embedding_loss: 0.116277 | ema_momentum: 0.99953
step: 16000/30000 | embedding_loss: 0.116400 | ema_momentum: 0.99953
epoch: 16/30 | train_loss: 0.116400 | val_loss: 0.015526
step: 16050/30000 | embedding_loss: 0.118472 | ema_momentum: 0.99953
step: 16100/30000 | embedding_loss: 0.118918 | ema_momentum: 0.99954
step: 16150/30000 | embedding_loss: 0.119019 | ema_momentum: 0.99954
step: 16200/30000 | embedding_loss: 0.119097 | ema_momentum: 0.99954
step: 16250/30000 | embedding_loss: 0.119190 | ema_momentum: 0.99954
step: 16300/30000 | embedding_loss: 0.119327 | ema_momentum: 0.99954
step: 16350/30000 | embedding_loss: 0.119423 | ema_momentum: 0.99955
step: 16400/30000 | embedding_loss: 0.119522 | ema_momentum: 0.99955
step: 16450/30000 | embedding_loss: 0.119614 | ema_momentum: 0.99955
step: 16500/30000 | embedding_loss: 0.119729 | ema_momentum: 0.99955
step: 16550/30000 | embedding_loss: 0.119874 | ema_momentum: 0.99955
step: 16600/30000 | embedding_loss: 0.120000 | ema_momentum: 0.99955
step: 16650/30000 | embedding_loss: 0.120133 | ema_momentum: 0.99955
step: 16700/30000 | embedding_loss: 0.120232 | ema_momentum: 0.99956
step: 16750/30000 | embedding_loss: 0.120325 | ema_momentum: 0.99956
step: 16800/30000 | embedding_loss: 0.120455 | ema_momentum: 0.99956
step: 16850/30000 | embedding_loss: 0.120584 | ema_momentum: 0.99956
step: 16900/30000 | embedding_loss: 0.120683 | ema_momentum: 0.99956
step: 16950/30000 | embedding_loss: 0.120822 | ema_momentum: 0.99957
step: 17000/30000 | embedding_loss: 0.120945 | ema_momentum: 0.99957
epoch: 17/30 | train_loss: 0.120945 | val_loss: 0.015993
step: 17050/30000 | embedding_loss: 0.123023 | ema_momentum: 0.99957
step: 17100/30000 | embedding_loss: 0.123321 | ema_momentum: 0.99957
step: 17150/30000 | embedding_loss: 0.123303 | ema_momentum: 0.99957
step: 17200/30000 | embedding_loss: 0.123337 | ema_momentum: 0.99957
step: 17250/30000 | embedding_loss: 0.123576 | ema_momentum: 0.99957
step: 17300/30000 | embedding_loss: 0.123627 | ema_momentum: 0.99958
step: 17350/30000 | embedding_loss: 0.123748 | ema_momentum: 0.99958
step: 17400/30000 | embedding_loss: 0.123837 | ema_momentum: 0.99958
step: 17450/30000 | embedding_loss: 0.123961 | ema_momentum: 0.99958
step: 17500/30000 | embedding_loss: 0.124058 | ema_momentum: 0.99958
step: 17550/30000 | embedding_loss: 0.124148 | ema_momentum: 0.99958
step: 17600/30000 | embedding_loss: 0.124215 | ema_momentum: 0.99959
step: 17650/30000 | embedding_loss: 0.124304 | ema_momentum: 0.99959
step: 17700/30000 | embedding_loss: 0.124439 | ema_momentum: 0.99959
step: 17750/30000 | embedding_loss: 0.124546 | ema_momentum: 0.99959
step: 17800/30000 | embedding_loss: 0.124666 | ema_momentum: 0.99959
step: 17850/30000 | embedding_loss: 0.124758 | ema_momentum: 0.99960
step: 17900/30000 | embedding_loss: 0.124850 | ema_momentum: 0.99960
step: 17950/30000 | embedding_loss: 0.124960 | ema_momentum: 0.99960
step: 18000/30000 | embedding_loss: 0.125058 | ema_momentum: 0.99960
epoch: 18/30 | train_loss: 0.125058 | val_loss: 0.015843
step: 18050/30000 | embedding_loss: 0.126821 | ema_momentum: 0.99960
step: 18100/30000 | embedding_loss: 0.126961 | ema_momentum: 0.99960
step: 18150/30000 | embedding_loss: 0.126969 | ema_momentum: 0.99960
step: 18200/30000 | embedding_loss: 0.127042 | ema_momentum: 0.99961
step: 18250/30000 | embedding_loss: 0.127157 | ema_momentum: 0.99961
step: 18300/30000 | embedding_loss: 0.127228 | ema_momentum: 0.99961
step: 18350/30000 | embedding_loss: 0.127345 | ema_momentum: 0.99961
step: 18400/30000 | embedding_loss: 0.127397 | ema_momentum: 0.99961
step: 18450/30000 | embedding_loss: 0.127494 | ema_momentum: 0.99962
step: 18500/30000 | embedding_loss: 0.127550 | ema_momentum: 0.99962
step: 18550/30000 | embedding_loss: 0.127655 | ema_momentum: 0.99962
step: 18600/30000 | embedding_loss: 0.127751 | ema_momentum: 0.99962
step: 18650/30000 | embedding_loss: 0.127860 | ema_momentum: 0.99962
step: 18700/30000 | embedding_loss: 0.127934 | ema_momentum: 0.99962
step: 18750/30000 | embedding_loss: 0.128021 | ema_momentum: 0.99962
step: 18800/30000 | embedding_loss: 0.128126 | ema_momentum: 0.99963
step: 18850/30000 | embedding_loss: 0.128242 | ema_momentum: 0.99963
step: 18900/30000 | embedding_loss: 0.128327 | ema_momentum: 0.99963
step: 18950/30000 | embedding_loss: 0.128396 | ema_momentum: 0.99963
step: 19000/30000 | embedding_loss: 0.128480 | ema_momentum: 0.99963
epoch: 19/30 | train_loss: 0.128480 | val_loss: 0.017018
step: 19050/30000 | embedding_loss: 0.129960 | ema_momentum: 0.99964
step: 19100/30000 | embedding_loss: 0.129912 | ema_momentum: 0.99964
step: 19150/30000 | embedding_loss: 0.130016 | ema_momentum: 0.99964
step: 19200/30000 | embedding_loss: 0.130105 | ema_momentum: 0.99964
step: 19250/30000 | embedding_loss: 0.130224 | ema_momentum: 0.99964
step: 19300/30000 | embedding_loss: 0.130319 | ema_momentum: 0.99964
step: 19350/30000 | embedding_loss: 0.130409 | ema_momentum: 0.99965
step: 19400/30000 | embedding_loss: 0.130541 | ema_momentum: 0.99965
step: 19450/30000 | embedding_loss: 0.130615 | ema_momentum: 0.99965
step: 19500/30000 | embedding_loss: 0.130729 | ema_momentum: 0.99965
step: 19550/30000 | embedding_loss: 0.130839 | ema_momentum: 0.99965
step: 19600/30000 | embedding_loss: 0.130941 | ema_momentum: 0.99965
step: 19650/30000 | embedding_loss: 0.131019 | ema_momentum: 0.99965
step: 19700/30000 | embedding_loss: 0.131108 | ema_momentum: 0.99966
step: 19750/30000 | embedding_loss: 0.131184 | ema_momentum: 0.99966
step: 19800/30000 | embedding_loss: 0.131277 | ema_momentum: 0.99966
step: 19850/30000 | embedding_loss: 0.131369 | ema_momentum: 0.99966
step: 19900/30000 | embedding_loss: 0.131442 | ema_momentum: 0.99966
step: 19950/30000 | embedding_loss: 0.131538 | ema_momentum: 0.99967
step: 20000/30000 | embedding_loss: 0.131609 | ema_momentum: 0.99967
epoch: 20/30 | train_loss: 0.131609 | val_loss: 0.017210
  Saved context encoder weights → ./logs/ParticleJEPA/best/jepa_1m_ragged_seed123_ep20.pt
step: 20050/30000 | embedding_loss: 0.133215 | ema_momentum: 0.99967
step: 20100/30000 | embedding_loss: 0.133221 | ema_momentum: 0.99967
step: 20150/30000 | embedding_loss: 0.133260 | ema_momentum: 0.99967
step: 20200/30000 | embedding_loss: 0.133248 | ema_momentum: 0.99967
step: 20250/30000 | embedding_loss: 0.133280 | ema_momentum: 0.99967
step: 20300/30000 | embedding_loss: 0.133374 | ema_momentum: 0.99968
step: 20350/30000 | embedding_loss: 0.133471 | ema_momentum: 0.99968
step: 20400/30000 | embedding_loss: 0.133530 | ema_momentum: 0.99968
step: 20450/30000 | embedding_loss: 0.133597 | ema_momentum: 0.99968
step: 20500/30000 | embedding_loss: 0.133652 | ema_momentum: 0.99968
step: 20550/30000 | embedding_loss: 0.133748 | ema_momentum: 0.99969
step: 20600/30000 | embedding_loss: 0.133824 | ema_momentum: 0.99969
step: 20650/30000 | embedding_loss: 0.133881 | ema_momentum: 0.99969
step: 20700/30000 | embedding_loss: 0.133946 | ema_momentum: 0.99969
step: 20750/30000 | embedding_loss: 0.134026 | ema_momentum: 0.99969
step: 20800/30000 | embedding_loss: 0.134096 | ema_momentum: 0.99969
step: 20850/30000 | embedding_loss: 0.134157 | ema_momentum: 0.99970
step: 20900/30000 | embedding_loss: 0.134217 | ema_momentum: 0.99970
step: 20950/30000 | embedding_loss: 0.134283 | ema_momentum: 0.99970
step: 21000/30000 | embedding_loss: 0.134350 | ema_momentum: 0.99970
epoch: 21/30 | train_loss: 0.134350 | val_loss: 0.018035
step: 21050/30000 | embedding_loss: 0.135492 | ema_momentum: 0.99970
step: 21100/30000 | embedding_loss: 0.135538 | ema_momentum: 0.99970
step: 21150/30000 | embedding_loss: 0.135676 | ema_momentum: 0.99970
step: 21200/30000 | embedding_loss: 0.135758 | ema_momentum: 0.99971
step: 21250/30000 | embedding_loss: 0.135792 | ema_momentum: 0.99971
step: 21300/30000 | embedding_loss: 0.135822 | ema_momentum: 0.99971
step: 21350/30000 | embedding_loss: 0.135900 | ema_momentum: 0.99971
step: 21400/30000 | embedding_loss: 0.135952 | ema_momentum: 0.99971
step: 21450/30000 | embedding_loss: 0.136055 | ema_momentum: 0.99972
step: 21500/30000 | embedding_loss: 0.136097 | ema_momentum: 0.99972
step: 21550/30000 | embedding_loss: 0.136189 | ema_momentum: 0.99972
step: 21600/30000 | embedding_loss: 0.136229 | ema_momentum: 0.99972
step: 21650/30000 | embedding_loss: 0.136292 | ema_momentum: 0.99972
step: 21700/30000 | embedding_loss: 0.136359 | ema_momentum: 0.99972
step: 21750/30000 | embedding_loss: 0.136403 | ema_momentum: 0.99972
step: 21800/30000 | embedding_loss: 0.136464 | ema_momentum: 0.99973
step: 21850/30000 | embedding_loss: 0.136529 | ema_momentum: 0.99973
step: 21900/30000 | embedding_loss: 0.136578 | ema_momentum: 0.99973
step: 21950/30000 | embedding_loss: 0.136625 | ema_momentum: 0.99973
step: 22000/30000 | embedding_loss: 0.136671 | ema_momentum: 0.99973
epoch: 22/30 | train_loss: 0.136671 | val_loss: 0.018371
step: 22050/30000 | embedding_loss: 0.137648 | ema_momentum: 0.99974
step: 22100/30000 | embedding_loss: 0.137579 | ema_momentum: 0.99974
step: 22150/30000 | embedding_loss: 0.137643 | ema_momentum: 0.99974
step: 22200/30000 | embedding_loss: 0.137701 | ema_momentum: 0.99974
step: 22250/30000 | embedding_loss: 0.137833 | ema_momentum: 0.99974
step: 22300/30000 | embedding_loss: 0.137821 | ema_momentum: 0.99974
step: 22350/30000 | embedding_loss: 0.137887 | ema_momentum: 0.99974
step: 22400/30000 | embedding_loss: 0.137922 | ema_momentum: 0.99975
step: 22450/30000 | embedding_loss: 0.137963 | ema_momentum: 0.99975
step: 22500/30000 | embedding_loss: 0.138021 | ema_momentum: 0.99975
step: 22550/30000 | embedding_loss: 0.138079 | ema_momentum: 0.99975
step: 22600/30000 | embedding_loss: 0.138135 | ema_momentum: 0.99975
step: 22650/30000 | embedding_loss: 0.138167 | ema_momentum: 0.99975
step: 22700/30000 | embedding_loss: 0.138222 | ema_momentum: 0.99976
step: 22750/30000 | embedding_loss: 0.138272 | ema_momentum: 0.99976
step: 22800/30000 | embedding_loss: 0.138298 | ema_momentum: 0.99976
step: 22850/30000 | embedding_loss: 0.138353 | ema_momentum: 0.99976
step: 22900/30000 | embedding_loss: 0.138428 | ema_momentum: 0.99976
step: 22950/30000 | embedding_loss: 0.138479 | ema_momentum: 0.99977
step: 23000/30000 | embedding_loss: 0.138535 | ema_momentum: 0.99977
epoch: 23/30 | train_loss: 0.138535 | val_loss: 0.018876
step: 23050/30000 | embedding_loss: 0.139691 | ema_momentum: 0.99977
step: 23100/30000 | embedding_loss: 0.139699 | ema_momentum: 0.99977
step: 23150/30000 | embedding_loss: 0.139616 | ema_momentum: 0.99977
step: 23200/30000 | embedding_loss: 0.139667 | ema_momentum: 0.99977
step: 23250/30000 | embedding_loss: 0.139708 | ema_momentum: 0.99977
step: 23300/30000 | embedding_loss: 0.139702 | ema_momentum: 0.99978
step: 23350/30000 | embedding_loss: 0.139715 | ema_momentum: 0.99978
step: 23400/30000 | embedding_loss: 0.139757 | ema_momentum: 0.99978
step: 23450/30000 | embedding_loss: 0.139812 | ema_momentum: 0.99978
step: 23500/30000 | embedding_loss: 0.139882 | ema_momentum: 0.99978
step: 23550/30000 | embedding_loss: 0.139955 | ema_momentum: 0.99979
step: 23600/30000 | embedding_loss: 0.139983 | ema_momentum: 0.99979
step: 23650/30000 | embedding_loss: 0.140008 | ema_momentum: 0.99979
step: 23700/30000 | embedding_loss: 0.140060 | ema_momentum: 0.99979
step: 23750/30000 | embedding_loss: 0.140099 | ema_momentum: 0.99979
step: 23800/30000 | embedding_loss: 0.140127 | ema_momentum: 0.99979
step: 23850/30000 | embedding_loss: 0.140156 | ema_momentum: 0.99979
step: 23900/30000 | embedding_loss: 0.140196 | ema_momentum: 0.99980
step: 23950/30000 | embedding_loss: 0.140224 | ema_momentum: 0.99980
step: 24000/30000 | embedding_loss: 0.140240 | ema_momentum: 0.99980
epoch: 24/30 | train_loss: 0.140240 | val_loss: 0.019103
step: 24050/30000 | embedding_loss: 0.141027 | ema_momentum: 0.99980
step: 24100/30000 | embedding_loss: 0.140934 | ema_momentum: 0.99980
step: 24150/30000 | embedding_loss: 0.141001 | ema_momentum: 0.99981
step: 24200/30000 | embedding_loss: 0.141022 | ema_momentum: 0.99981
step: 24250/30000 | embedding_loss: 0.140978 | ema_momentum: 0.99981
step: 24300/30000 | embedding_loss: 0.141043 | ema_momentum: 0.99981
step: 24350/30000 | embedding_loss: 0.141034 | ema_momentum: 0.99981
step: 24400/30000 | embedding_loss: 0.141045 | ema_momentum: 0.99981
step: 24450/30000 | embedding_loss: 0.141101 | ema_momentum: 0.99982
step: 24500/30000 | embedding_loss: 0.141147 | ema_momentum: 0.99982
step: 24550/30000 | embedding_loss: 0.141193 | ema_momentum: 0.99982
step: 24600/30000 | embedding_loss: 0.141228 | ema_momentum: 0.99982
step: 24650/30000 | embedding_loss: 0.141242 | ema_momentum: 0.99982
step: 24700/30000 | embedding_loss: 0.141273 | ema_momentum: 0.99982
step: 24750/30000 | embedding_loss: 0.141315 | ema_momentum: 0.99982
step: 24800/30000 | embedding_loss: 0.141340 | ema_momentum: 0.99983
step: 24850/30000 | embedding_loss: 0.141394 | ema_momentum: 0.99983
step: 24900/30000 | embedding_loss: 0.141445 | ema_momentum: 0.99983
step: 24950/30000 | embedding_loss: 0.141471 | ema_momentum: 0.99983
step: 25000/30000 | embedding_loss: 0.141506 | ema_momentum: 0.99983
epoch: 25/30 | train_loss: 0.141506 | val_loss: 0.019524
  Saved context encoder weights → ./logs/ParticleJEPA/best/jepa_1m_ragged_seed123_ep25.pt
step: 25050/30000 | embedding_loss: 0.141997 | ema_momentum: 0.99984
step: 25100/30000 | embedding_loss: 0.141975 | ema_momentum: 0.99984
step: 25150/30000 | embedding_loss: 0.142052 | ema_momentum: 0.99984
step: 25200/30000 | embedding_loss: 0.142100 | ema_momentum: 0.99984
step: 25250/30000 | embedding_loss: 0.142129 | ema_momentum: 0.99984
step: 25300/30000 | embedding_loss: 0.142144 | ema_momentum: 0.99984
step: 25350/30000 | embedding_loss: 0.142197 | ema_momentum: 0.99984
step: 25400/30000 | embedding_loss: 0.142237 | ema_momentum: 0.99985
step: 25450/30000 | embedding_loss: 0.142279 | ema_momentum: 0.99985
step: 25500/30000 | embedding_loss: 0.142315 | ema_momentum: 0.99985
step: 25550/30000 | embedding_loss: 0.142344 | ema_momentum: 0.99985
step: 25600/30000 | embedding_loss: 0.142378 | ema_momentum: 0.99985
step: 25650/30000 | embedding_loss: 0.142405 | ema_momentum: 0.99986
step: 25700/30000 | embedding_loss: 0.142448 | ema_momentum: 0.99986
step: 25750/30000 | embedding_loss: 0.142481 | ema_momentum: 0.99986
step: 25800/30000 | embedding_loss: 0.142514 | ema_momentum: 0.99986
step: 25850/30000 | embedding_loss: 0.142546 | ema_momentum: 0.99986
step: 25900/30000 | embedding_loss: 0.142561 | ema_momentum: 0.99986
step: 25950/30000 | embedding_loss: 0.142591 | ema_momentum: 0.99987
step: 26000/30000 | embedding_loss: 0.142622 | ema_momentum: 0.99987
epoch: 26/30 | train_loss: 0.142622 | val_loss: 0.019700
step: 26050/30000 | embedding_loss: 0.142986 | ema_momentum: 0.99987
step: 26100/30000 | embedding_loss: 0.143151 | ema_momentum: 0.99987
step: 26150/30000 | embedding_loss: 0.143113 | ema_momentum: 0.99987
step: 26200/30000 | embedding_loss: 0.143028 | ema_momentum: 0.99987
step: 26250/30000 | embedding_loss: 0.143089 | ema_momentum: 0.99987
step: 26300/30000 | embedding_loss: 0.143106 | ema_momentum: 0.99988
step: 26350/30000 | embedding_loss: 0.143199 | ema_momentum: 0.99988
step: 26400/30000 | embedding_loss: 0.143221 | ema_momentum: 0.99988
step: 26450/30000 | embedding_loss: 0.143237 | ema_momentum: 0.99988
step: 26500/30000 | embedding_loss: 0.143214 | ema_momentum: 0.99988
step: 26550/30000 | embedding_loss: 0.143241 | ema_momentum: 0.99989
step: 26600/30000 | embedding_loss: 0.143256 | ema_momentum: 0.99989
step: 26650/30000 | embedding_loss: 0.143268 | ema_momentum: 0.99989
step: 26700/30000 | embedding_loss: 0.143280 | ema_momentum: 0.99989
step: 26750/30000 | embedding_loss: 0.143312 | ema_momentum: 0.99989
step: 26800/30000 | embedding_loss: 0.143344 | ema_momentum: 0.99989
step: 26850/30000 | embedding_loss: 0.143386 | ema_momentum: 0.99989
step: 26900/30000 | embedding_loss: 0.143404 | ema_momentum: 0.99990
step: 26950/30000 | embedding_loss: 0.143430 | ema_momentum: 0.99990
step: 27000/30000 | embedding_loss: 0.143453 | ema_momentum: 0.99990
epoch: 27/30 | train_loss: 0.143453 | val_loss: 0.019969
step: 27050/30000 | embedding_loss: 0.143690 | ema_momentum: 0.99990
step: 27100/30000 | embedding_loss: 0.143774 | ema_momentum: 0.99990
step: 27150/30000 | embedding_loss: 0.143679 | ema_momentum: 0.99991
step: 27200/30000 | embedding_loss: 0.143711 | ema_momentum: 0.99991
step: 27250/30000 | embedding_loss: 0.143781 | ema_momentum: 0.99991
step: 27300/30000 | embedding_loss: 0.143844 | ema_momentum: 0.99991
step: 27350/30000 | embedding_loss: 0.143933 | ema_momentum: 0.99991
step: 27400/30000 | embedding_loss: 0.143972 | ema_momentum: 0.99991
step: 27450/30000 | embedding_loss: 0.143991 | ema_momentum: 0.99991
step: 27500/30000 | embedding_loss: 0.144013 | ema_momentum: 0.99992
step: 27550/30000 | embedding_loss: 0.143999 | ema_momentum: 0.99992
step: 27600/30000 | embedding_loss: 0.144019 | ema_momentum: 0.99992
step: 27650/30000 | embedding_loss: 0.144022 | ema_momentum: 0.99992
step: 27700/30000 | embedding_loss: 0.144049 | ema_momentum: 0.99992
step: 27750/30000 | embedding_loss: 0.144060 | ema_momentum: 0.99992
step: 27800/30000 | embedding_loss: 0.144080 | ema_momentum: 0.99993
step: 27850/30000 | embedding_loss: 0.144081 | ema_momentum: 0.99993
step: 27900/30000 | embedding_loss: 0.144113 | ema_momentum: 0.99993
step: 27950/30000 | embedding_loss: 0.144145 | ema_momentum: 0.99993
step: 28000/30000 | embedding_loss: 0.144162 | ema_momentum: 0.99993
epoch: 28/30 | train_loss: 0.144162 | val_loss: 0.019880
step: 28050/30000 | embedding_loss: 0.144342 | ema_momentum: 0.99994
step: 28100/30000 | embedding_loss: 0.144399 | ema_momentum: 0.99994
step: 28150/30000 | embedding_loss: 0.144355 | ema_momentum: 0.99994
step: 28200/30000 | embedding_loss: 0.144449 | ema_momentum: 0.99994
step: 28250/30000 | embedding_loss: 0.144508 | ema_momentum: 0.99994
step: 28300/30000 | embedding_loss: 0.144505 | ema_momentum: 0.99994
step: 28350/30000 | embedding_loss: 0.144544 | ema_momentum: 0.99994
step: 28400/30000 | embedding_loss: 0.144528 | ema_momentum: 0.99995
step: 28450/30000 | embedding_loss: 0.144532 | ema_momentum: 0.99995
step: 28500/30000 | embedding_loss: 0.144488 | ema_momentum: 0.99995
step: 28550/30000 | embedding_loss: 0.144480 | ema_momentum: 0.99995
step: 28600/30000 | embedding_loss: 0.144499 | ema_momentum: 0.99995
step: 28650/30000 | embedding_loss: 0.144505 | ema_momentum: 0.99996
step: 28700/30000 | embedding_loss: 0.144494 | ema_momentum: 0.99996
step: 28750/30000 | embedding_loss: 0.144499 | ema_momentum: 0.99996
step: 28800/30000 | embedding_loss: 0.144496 | ema_momentum: 0.99996
step: 28850/30000 | embedding_loss: 0.144494 | ema_momentum: 0.99996
step: 28900/30000 | embedding_loss: 0.144505 | ema_momentum: 0.99996
step: 28950/30000 | embedding_loss: 0.144523 | ema_momentum: 0.99996
step: 29000/30000 | embedding_loss: 0.144506 | ema_momentum: 0.99997
epoch: 29/30 | train_loss: 0.144506 | val_loss: 0.019925
step: 29050/30000 | embedding_loss: 0.144581 | ema_momentum: 0.99997
step: 29100/30000 | embedding_loss: 0.144531 | ema_momentum: 0.99997
step: 29150/30000 | embedding_loss: 0.144655 | ema_momentum: 0.99997
step: 29200/30000 | embedding_loss: 0.144601 | ema_momentum: 0.99997
step: 29250/30000 | embedding_loss: 0.144584 | ema_momentum: 0.99997
step: 29300/30000 | embedding_loss: 0.144646 | ema_momentum: 0.99998
step: 29350/30000 | embedding_loss: 0.144627 | ema_momentum: 0.99998
step: 29400/30000 | embedding_loss: 0.144627 | ema_momentum: 0.99998
step: 29450/30000 | embedding_loss: 0.144635 | ema_momentum: 0.99998
step: 29500/30000 | embedding_loss: 0.144641 | ema_momentum: 0.99998
step: 29550/30000 | embedding_loss: 0.144618 | ema_momentum: 0.99999
step: 29600/30000 | embedding_loss: 0.144637 | ema_momentum: 0.99999
step: 29650/30000 | embedding_loss: 0.144629 | ema_momentum: 0.99999
step: 29700/30000 | embedding_loss: 0.144642 | ema_momentum: 0.99999
step: 29750/30000 | embedding_loss: 0.144644 | ema_momentum: 0.99999
step: 29800/30000 | embedding_loss: 0.144654 | ema_momentum: 0.99999
step: 29850/30000 | embedding_loss: 0.144649 | ema_momentum: 0.99999
step: 29900/30000 | embedding_loss: 0.144650 | ema_momentum: 1.00000
step: 29950/30000 | embedding_loss: 0.144653 | ema_momentum: 1.00000
step: 30000/30000 | embedding_loss: 0.144653 | ema_momentum: 1.00000
epoch: 30/30 | train_loss: 0.144653 | val_loss: 0.019862
  Saved context encoder weights → ./logs/ParticleJEPA/best/jepa_1m_ragged_seed123_ep30.pt
  Saving FINAL context encoder (epoch 30, EMA annealed)
  Saved context encoder weights → ./logs/ParticleJEPA/best/jepa_1m_ragged_seed123.pt

Best model saved to: ./logs/ParticleJEPA/best/jepa_1m_ragged_seed123.pt
step: 50/30000 | pT_loss: 0.7661 | eta_loss: 0.5784 | phi_loss: 0.3960 | energy_loss: 0.7840 | total_train_loss: 0.6311
step: 100/30000 | pT_loss: 0.6391 | eta_loss: 0.4662 | phi_loss: 0.2835 | energy_loss: 0.6536 | total_train_loss: 0.5106
step: 150/30000 | pT_loss: 0.5946 | eta_loss: 0.4113 | phi_loss: 0.2325 | energy_loss: 0.6085 | total_train_loss: 0.4617
step: 200/30000 | pT_loss: 0.5642 | eta_loss: 0.3772 | phi_loss: 0.2026 | energy_loss: 0.5802 | total_train_loss: 0.4311
step: 250/30000 | pT_loss: 0.5406 | eta_loss: 0.3522 | phi_loss: 0.1809 | energy_loss: 0.5555 | total_train_loss: 0.4073
step: 300/30000 | pT_loss: 0.5198 | eta_loss: 0.3330 | phi_loss: 0.1659 | energy_loss: 0.5332 | total_train_loss: 0.3880
step: 350/30000 | pT_loss: 0.5091 | eta_loss: 0.3368 | phi_loss: 0.1714 | energy_loss: 0.5225 | total_train_loss: 0.3849
step: 400/30000 | pT_loss: 0.4923 | eta_loss: 0.3210 | phi_loss: 0.1618 | energy_loss: 0.5054 | total_train_loss: 0.3701
step: 450/30000 | pT_loss: 0.4772 | eta_loss: 0.3077 | phi_loss: 0.1513 | energy_loss: 0.4915 | total_train_loss: 0.3569
step: 500/30000 | pT_loss: 0.4613 | eta_loss: 0.2967 | phi_loss: 0.1422 | energy_loss: 0.4761 | total_train_loss: 0.3441
step: 550/30000 | pT_loss: 0.4472 | eta_loss: 0.2870 | phi_loss: 0.1337 | energy_loss: 0.4627 | total_train_loss: 0.3327
step: 600/30000 | pT_loss: 0.4343 | eta_loss: 0.2794 | phi_loss: 0.1268 | energy_loss: 0.4499 | total_train_loss: 0.3226
step: 650/30000 | pT_loss: 0.4255 | eta_loss: 0.2723 | phi_loss: 0.1204 | energy_loss: 0.4407 | total_train_loss: 0.3147
step: 700/30000 | pT_loss: 0.4141 | eta_loss: 0.2663 | phi_loss: 0.1146 | energy_loss: 0.4296 | total_train_loss: 0.3062
step: 750/30000 | pT_loss: 0.4040 | eta_loss: 0.2605 | phi_loss: 0.1095 | energy_loss: 0.4202 | total_train_loss: 0.2985
step: 800/30000 | pT_loss: 0.3950 | eta_loss: 0.2558 | phi_loss: 0.1050 | energy_loss: 0.4116 | total_train_loss: 0.2918
step: 850/30000 | pT_loss: 0.3858 | eta_loss: 0.2520 | phi_loss: 0.1015 | energy_loss: 0.4023 | total_train_loss: 0.2854
step: 900/30000 | pT_loss: 0.3786 | eta_loss: 0.2479 | phi_loss: 0.0978 | energy_loss: 0.3954 | total_train_loss: 0.2799
step: 950/30000 | pT_loss: 0.3707 | eta_loss: 0.2438 | phi_loss: 0.0944 | energy_loss: 0.3876 | total_train_loss: 0.2741
step: 1000/30000 | pT_loss: 0.3637 | eta_loss: 0.2407 | phi_loss: 0.0915 | energy_loss: 0.3808 | total_train_loss: 0.2692
epoch: 1/30 | pT_loss: 0.2179 | eta_loss: 0.1543 | phi_loss: 0.0612 | energy_loss: 0.2651 | total_val_loss: 0.1746
step: 1050/30000 | pT_loss: 0.2318 | eta_loss: 0.1712 | phi_loss: 0.0307 | energy_loss: 0.2520 | total_train_loss: 0.1714
step: 1100/30000 | pT_loss: 0.2274 | eta_loss: 0.1719 | phi_loss: 0.0331 | energy_loss: 0.2518 | total_train_loss: 0.1711
step: 1150/30000 | pT_loss: 0.2187 | eta_loss: 0.1702 | phi_loss: 0.0319 | energy_loss: 0.2401 | total_train_loss: 0.1652
step: 1200/30000 | pT_loss: 0.2180 | eta_loss: 0.1730 | phi_loss: 0.0320 | energy_loss: 0.2394 | total_train_loss: 0.1656
step: 1250/30000 | pT_loss: 0.2167 | eta_loss: 0.1742 | phi_loss: 0.0320 | energy_loss: 0.2363 | total_train_loss: 0.1648
step: 1300/30000 | pT_loss: 0.2177 | eta_loss: 0.1746 | phi_loss: 0.0322 | energy_loss: 0.2370 | total_train_loss: 0.1654
step: 1350/30000 | pT_loss: 0.2176 | eta_loss: 0.1737 | phi_loss: 0.0324 | energy_loss: 0.2376 | total_train_loss: 0.1653
step: 1400/30000 | pT_loss: 0.2182 | eta_loss: 0.1728 | phi_loss: 0.0324 | energy_loss: 0.2376 | total_train_loss: 0.1653
step: 1450/30000 | pT_loss: 0.2168 | eta_loss: 0.1715 | phi_loss: 0.0326 | energy_loss: 0.2367 | total_train_loss: 0.1644
step: 1500/30000 | pT_loss: 0.2154 | eta_loss: 0.1714 | phi_loss: 0.0326 | energy_loss: 0.2348 | total_train_loss: 0.1635
step: 1550/30000 | pT_loss: 0.2135 | eta_loss: 0.1705 | phi_loss: 0.0325 | energy_loss: 0.2329 | total_train_loss: 0.1624
step: 1600/30000 | pT_loss: 0.2124 | eta_loss: 0.1693 | phi_loss: 0.0325 | energy_loss: 0.2311 | total_train_loss: 0.1613
step: 1650/30000 | pT_loss: 0.2109 | eta_loss: 0.1685 | phi_loss: 0.0322 | energy_loss: 0.2294 | total_train_loss: 0.1603
step: 1700/30000 | pT_loss: 0.2101 | eta_loss: 0.1680 | phi_loss: 0.0322 | energy_loss: 0.2286 | total_train_loss: 0.1597
step: 1750/30000 | pT_loss: 0.2095 | eta_loss: 0.1672 | phi_loss: 0.0321 | energy_loss: 0.2278 | total_train_loss: 0.1592
step: 1800/30000 | pT_loss: 0.2086 | eta_loss: 0.1670 | phi_loss: 0.0320 | energy_loss: 0.2270 | total_train_loss: 0.1587
step: 1850/30000 | pT_loss: 0.2072 | eta_loss: 0.1664 | phi_loss: 0.0319 | energy_loss: 0.2256 | total_train_loss: 0.1578
step: 1900/30000 | pT_loss: 0.2060 | eta_loss: 0.1662 | phi_loss: 0.0320 | energy_loss: 0.2244 | total_train_loss: 0.1572
step: 1950/30000 | pT_loss: 0.2056 | eta_loss: 0.1658 | phi_loss: 0.0319 | energy_loss: 0.2238 | total_train_loss: 0.1568
step: 2000/30000 | pT_loss: 0.2045 | eta_loss: 0.1654 | phi_loss: 0.0317 | energy_loss: 0.2228 | total_train_loss: 0.1561
epoch: 2/30 | pT_loss: 0.1715 | eta_loss: 0.1531 | phi_loss: 0.0302 | energy_loss: 0.1889 | total_val_loss: 0.1359
step: 2050/30000 | pT_loss: 0.1814 | eta_loss: 0.1560 | phi_loss: 0.0349 | energy_loss: 0.1979 | total_train_loss: 0.1425
step: 2100/30000 | pT_loss: 0.1787 | eta_loss: 0.1646 | phi_loss: 0.0358 | energy_loss: 0.1921 | total_train_loss: 0.1428
step: 2150/30000 | pT_loss: 0.1763 | eta_loss: 0.1695 | phi_loss: 0.0339 | energy_loss: 0.1907 | total_train_loss: 0.1426
step: 2200/30000 | pT_loss: 0.1756 | eta_loss: 0.1688 | phi_loss: 0.0326 | energy_loss: 0.1912 | total_train_loss: 0.1421
step: 2250/30000 | pT_loss: 0.1767 | eta_loss: 0.1677 | phi_loss: 0.0322 | energy_loss: 0.1918 | total_train_loss: 0.1421
step: 2300/30000 | pT_loss: 0.1762 | eta_loss: 0.1660 | phi_loss: 0.0318 | energy_loss: 0.1913 | total_train_loss: 0.1413
step: 2350/30000 | pT_loss: 0.1765 | eta_loss: 0.1647 | phi_loss: 0.0316 | energy_loss: 0.1913 | total_train_loss: 0.1410
step: 2400/30000 | pT_loss: 0.1761 | eta_loss: 0.1647 | phi_loss: 0.0316 | energy_loss: 0.1902 | total_train_loss: 0.1406
step: 2450/30000 | pT_loss: 0.1753 | eta_loss: 0.1646 | phi_loss: 0.0314 | energy_loss: 0.1903 | total_train_loss: 0.1404
step: 2500/30000 | pT_loss: 0.1744 | eta_loss: 0.1643 | phi_loss: 0.0318 | energy_loss: 0.1895 | total_train_loss: 0.1400
step: 2550/30000 | pT_loss: 0.1731 | eta_loss: 0.1641 | phi_loss: 0.0312 | energy_loss: 0.1880 | total_train_loss: 0.1391
step: 2600/30000 | pT_loss: 0.1729 | eta_loss: 0.1641 | phi_loss: 0.0308 | energy_loss: 0.1882 | total_train_loss: 0.1390
step: 2650/30000 | pT_loss: 0.1730 | eta_loss: 0.1637 | phi_loss: 0.0303 | energy_loss: 0.1886 | total_train_loss: 0.1389
step: 2700/30000 | pT_loss: 0.1725 | eta_loss: 0.1635 | phi_loss: 0.0301 | energy_loss: 0.1885 | total_train_loss: 0.1386
step: 2750/30000 | pT_loss: 0.1722 | eta_loss: 0.1630 | phi_loss: 0.0297 | energy_loss: 0.1880 | total_train_loss: 0.1382
step: 2800/30000 | pT_loss: 0.1719 | eta_loss: 0.1628 | phi_loss: 0.0294 | energy_loss: 0.1880 | total_train_loss: 0.1380
step: 2850/30000 | pT_loss: 0.1716 | eta_loss: 0.1626 | phi_loss: 0.0291 | energy_loss: 0.1878 | total_train_loss: 0.1378
step: 2900/30000 | pT_loss: 0.1714 | eta_loss: 0.1624 | phi_loss: 0.0289 | energy_loss: 0.1876 | total_train_loss: 0.1376
step: 2950/30000 | pT_loss: 0.1707 | eta_loss: 0.1620 | phi_loss: 0.0287 | energy_loss: 0.1871 | total_train_loss: 0.1371
step: 3000/30000 | pT_loss: 0.1702 | eta_loss: 0.1620 | phi_loss: 0.0286 | energy_loss: 0.1870 | total_train_loss: 0.1369
epoch: 3/30 | pT_loss: 0.1598 | eta_loss: 0.1694 | phi_loss: 0.0278 | energy_loss: 0.1853 | total_val_loss: 0.1356
step: 3050/30000 | pT_loss: 0.1614 | eta_loss: 0.1560 | phi_loss: 0.0250 | energy_loss: 0.1865 | total_train_loss: 0.1322
step: 3100/30000 | pT_loss: 0.1654 | eta_loss: 0.1539 | phi_loss: 0.0252 | energy_loss: 0.1847 | total_train_loss: 0.1323
step: 3150/30000 | pT_loss: 0.1616 | eta_loss: 0.1561 | phi_loss: 0.0265 | energy_loss: 0.1806 | total_train_loss: 0.1312
step: 3200/30000 | pT_loss: 0.1608 | eta_loss: 0.1576 | phi_loss: 0.0263 | energy_loss: 0.1790 | total_train_loss: 0.1310
step: 3250/30000 | pT_loss: 0.1590 | eta_loss: 0.1576 | phi_loss: 0.0259 | energy_loss: 0.1757 | total_train_loss: 0.1296
step: 3300/30000 | pT_loss: 0.1581 | eta_loss: 0.1573 | phi_loss: 0.0255 | energy_loss: 0.1744 | total_train_loss: 0.1288
step: 3350/30000 | pT_loss: 0.1575 | eta_loss: 0.1561 | phi_loss: 0.0259 | energy_loss: 0.1731 | total_train_loss: 0.1282
step: 3400/30000 | pT_loss: 0.1571 | eta_loss: 0.1562 | phi_loss: 0.0259 | energy_loss: 0.1725 | total_train_loss: 0.1279
step: 3450/30000 | pT_loss: 0.1576 | eta_loss: 0.1560 | phi_loss: 0.0260 | energy_loss: 0.1725 | total_train_loss: 0.1280
step: 3500/30000 | pT_loss: 0.1568 | eta_loss: 0.1563 | phi_loss: 0.0262 | energy_loss: 0.1720 | total_train_loss: 0.1278
step: 3550/30000 | pT_loss: 0.1570 | eta_loss: 0.1588 | phi_loss: 0.0265 | energy_loss: 0.1718 | total_train_loss: 0.1285
step: 3600/30000 | pT_loss: 0.1572 | eta_loss: 0.1593 | phi_loss: 0.0264 | energy_loss: 0.1723 | total_train_loss: 0.1288
step: 3650/30000 | pT_loss: 0.1565 | eta_loss: 0.1588 | phi_loss: 0.0263 | energy_loss: 0.1717 | total_train_loss: 0.1283
step: 3700/30000 | pT_loss: 0.1560 | eta_loss: 0.1582 | phi_loss: 0.0264 | energy_loss: 0.1704 | total_train_loss: 0.1277
step: 3750/30000 | pT_loss: 0.1556 | eta_loss: 0.1579 | phi_loss: 0.0262 | energy_loss: 0.1701 | total_train_loss: 0.1275
step: 3800/30000 | pT_loss: 0.1554 | eta_loss: 0.1573 | phi_loss: 0.0260 | energy_loss: 0.1700 | total_train_loss: 0.1272
step: 3850/30000 | pT_loss: 0.1551 | eta_loss: 0.1568 | phi_loss: 0.0260 | energy_loss: 0.1696 | total_train_loss: 0.1269
step: 3900/30000 | pT_loss: 0.1544 | eta_loss: 0.1569 | phi_loss: 0.0259 | energy_loss: 0.1690 | total_train_loss: 0.1265
step: 3950/30000 | pT_loss: 0.1541 | eta_loss: 0.1568 | phi_loss: 0.0258 | energy_loss: 0.1688 | total_train_loss: 0.1264
step: 4000/30000 | pT_loss: 0.1542 | eta_loss: 0.1566 | phi_loss: 0.0258 | energy_loss: 0.1693 | total_train_loss: 0.1265
epoch: 4/30 | pT_loss: 0.1539 | eta_loss: 0.1484 | phi_loss: 0.0207 | energy_loss: 0.1559 | total_val_loss: 0.1197
step: 4050/30000 | pT_loss: 0.1519 | eta_loss: 0.1565 | phi_loss: 0.0240 | energy_loss: 0.1721 | total_train_loss: 0.1261
step: 4100/30000 | pT_loss: 0.1486 | eta_loss: 0.1547 | phi_loss: 0.0252 | energy_loss: 0.1665 | total_train_loss: 0.1238
step: 4150/30000 | pT_loss: 0.1478 | eta_loss: 0.1534 | phi_loss: 0.0255 | energy_loss: 0.1647 | total_train_loss: 0.1229
step: 4200/30000 | pT_loss: 0.1479 | eta_loss: 0.1535 | phi_loss: 0.0250 | energy_loss: 0.1637 | total_train_loss: 0.1225
step: 4250/30000 | pT_loss: 0.1478 | eta_loss: 0.1528 | phi_loss: 0.0254 | energy_loss: 0.1631 | total_train_loss: 0.1223
step: 4300/30000 | pT_loss: 0.1484 | eta_loss: 0.1525 | phi_loss: 0.0253 | energy_loss: 0.1636 | total_train_loss: 0.1225
step: 4350/30000 | pT_loss: 0.1490 | eta_loss: 0.1526 | phi_loss: 0.0251 | energy_loss: 0.1642 | total_train_loss: 0.1227
step: 4400/30000 | pT_loss: 0.1490 | eta_loss: 0.1524 | phi_loss: 0.0252 | energy_loss: 0.1639 | total_train_loss: 0.1226
step: 4450/30000 | pT_loss: 0.1484 | eta_loss: 0.1521 | phi_loss: 0.0249 | energy_loss: 0.1629 | total_train_loss: 0.1221
step: 4500/30000 | pT_loss: 0.1475 | eta_loss: 0.1522 | phi_loss: 0.0248 | energy_loss: 0.1619 | total_train_loss: 0.1216
step: 4550/30000 | pT_loss: 0.1471 | eta_loss: 0.1522 | phi_loss: 0.0247 | energy_loss: 0.1615 | total_train_loss: 0.1214
step: 4600/30000 | pT_loss: 0.1472 | eta_loss: 0.1521 | phi_loss: 0.0246 | energy_loss: 0.1614 | total_train_loss: 0.1213
step: 4650/30000 | pT_loss: 0.1472 | eta_loss: 0.1521 | phi_loss: 0.0246 | energy_loss: 0.1617 | total_train_loss: 0.1214
step: 4700/30000 | pT_loss: 0.1472 | eta_loss: 0.1520 | phi_loss: 0.0245 | energy_loss: 0.1619 | total_train_loss: 0.1214
step: 4750/30000 | pT_loss: 0.1466 | eta_loss: 0.1519 | phi_loss: 0.0245 | energy_loss: 0.1614 | total_train_loss: 0.1211
step: 4800/30000 | pT_loss: 0.1470 | eta_loss: 0.1518 | phi_loss: 0.0245 | energy_loss: 0.1616 | total_train_loss: 0.1212
step: 4850/30000 | pT_loss: 0.1475 | eta_loss: 0.1517 | phi_loss: 0.0245 | energy_loss: 0.1625 | total_train_loss: 0.1216
step: 4900/30000 | pT_loss: 0.1474 | eta_loss: 0.1518 | phi_loss: 0.0245 | energy_loss: 0.1620 | total_train_loss: 0.1214
step: 4950/30000 | pT_loss: 0.1473 | eta_loss: 0.1522 | phi_loss: 0.0244 | energy_loss: 0.1615 | total_train_loss: 0.1214
step: 5000/30000 | pT_loss: 0.1472 | eta_loss: 0.1525 | phi_loss: 0.0245 | energy_loss: 0.1615 | total_train_loss: 0.1214
epoch: 5/30 | pT_loss: 0.1379 | eta_loss: 0.1666 | phi_loss: 0.0229 | energy_loss: 0.1576 | total_val_loss: 0.1212
step: 5050/30000 | pT_loss: 0.1454 | eta_loss: 0.1507 | phi_loss: 0.0243 | energy_loss: 0.1610 | total_train_loss: 0.1204
step: 5100/30000 | pT_loss: 0.1472 | eta_loss: 0.1497 | phi_loss: 0.0232 | energy_loss: 0.1653 | total_train_loss: 0.1214
step: 5150/30000 | pT_loss: 0.1475 | eta_loss: 0.1501 | phi_loss: 0.0237 | energy_loss: 0.1634 | total_train_loss: 0.1212
step: 5200/30000 | pT_loss: 0.1457 | eta_loss: 0.1516 | phi_loss: 0.0241 | energy_loss: 0.1610 | total_train_loss: 0.1206
step: 5250/30000 | pT_loss: 0.1444 | eta_loss: 0.1514 | phi_loss: 0.0239 | energy_loss: 0.1586 | total_train_loss: 0.1195
step: 5300/30000 | pT_loss: 0.1445 | eta_loss: 0.1514 | phi_loss: 0.0238 | energy_loss: 0.1587 | total_train_loss: 0.1196
step: 5350/30000 | pT_loss: 0.1440 | eta_loss: 0.1511 | phi_loss: 0.0245 | energy_loss: 0.1584 | total_train_loss: 0.1195
step: 5400/30000 | pT_loss: 0.1435 | eta_loss: 0.1512 | phi_loss: 0.0247 | energy_loss: 0.1581 | total_train_loss: 0.1194
step: 5450/30000 | pT_loss: 0.1443 | eta_loss: 0.1514 | phi_loss: 0.0248 | energy_loss: 0.1593 | total_train_loss: 0.1200
step: 5500/30000 | pT_loss: 0.1440 | eta_loss: 0.1513 | phi_loss: 0.0248 | energy_loss: 0.1594 | total_train_loss: 0.1199
step: 5550/30000 | pT_loss: 0.1435 | eta_loss: 0.1513 | phi_loss: 0.0248 | energy_loss: 0.1587 | total_train_loss: 0.1196
step: 5600/30000 | pT_loss: 0.1427 | eta_loss: 0.1515 | phi_loss: 0.0248 | energy_loss: 0.1582 | total_train_loss: 0.1193
step: 5650/30000 | pT_loss: 0.1427 | eta_loss: 0.1516 | phi_loss: 0.0251 | energy_loss: 0.1584 | total_train_loss: 0.1194
step: 5700/30000 | pT_loss: 0.1425 | eta_loss: 0.1515 | phi_loss: 0.0250 | energy_loss: 0.1579 | total_train_loss: 0.1192
step: 5750/30000 | pT_loss: 0.1429 | eta_loss: 0.1513 | phi_loss: 0.0249 | energy_loss: 0.1581 | total_train_loss: 0.1193
step: 5800/30000 | pT_loss: 0.1423 | eta_loss: 0.1516 | phi_loss: 0.0248 | energy_loss: 0.1573 | total_train_loss: 0.1190
step: 5850/30000 | pT_loss: 0.1425 | eta_loss: 0.1515 | phi_loss: 0.0247 | energy_loss: 0.1570 | total_train_loss: 0.1189
step: 5900/30000 | pT_loss: 0.1424 | eta_loss: 0.1513 | phi_loss: 0.0245 | energy_loss: 0.1567 | total_train_loss: 0.1187
step: 5950/30000 | pT_loss: 0.1421 | eta_loss: 0.1511 | phi_loss: 0.0245 | energy_loss: 0.1565 | total_train_loss: 0.1185
step: 6000/30000 | pT_loss: 0.1419 | eta_loss: 0.1511 | phi_loss: 0.0244 | energy_loss: 0.1563 | total_train_loss: 0.1184
epoch: 6/30 | pT_loss: 0.1507 | eta_loss: 0.1566 | phi_loss: 0.0235 | energy_loss: 0.1660 | total_val_loss: 0.1242
step: 6050/30000 | pT_loss: 0.1450 | eta_loss: 0.1507 | phi_loss: 0.0223 | energy_loss: 0.1600 | total_train_loss: 0.1195
step: 6100/30000 | pT_loss: 0.1402 | eta_loss: 0.1491 | phi_loss: 0.0225 | energy_loss: 0.1546 | total_train_loss: 0.1166
step: 6150/30000 | pT_loss: 0.1403 | eta_loss: 0.1482 | phi_loss: 0.0227 | energy_loss: 0.1536 | total_train_loss: 0.1162
step: 6200/30000 | pT_loss: 0.1396 | eta_loss: 0.1482 | phi_loss: 0.0229 | energy_loss: 0.1533 | total_train_loss: 0.1160
step: 6250/30000 | pT_loss: 0.1379 | eta_loss: 0.1489 | phi_loss: 0.0231 | energy_loss: 0.1513 | total_train_loss: 0.1153
step: 6300/30000 | pT_loss: 0.1378 | eta_loss: 0.1489 | phi_loss: 0.0231 | energy_loss: 0.1521 | total_train_loss: 0.1155
step: 6350/30000 | pT_loss: 0.1380 | eta_loss: 0.1491 | phi_loss: 0.0231 | energy_loss: 0.1519 | total_train_loss: 0.1155
step: 6400/30000 | pT_loss: 0.1385 | eta_loss: 0.1494 | phi_loss: 0.0231 | energy_loss: 0.1523 | total_train_loss: 0.1158
step: 6450/30000 | pT_loss: 0.1387 | eta_loss: 0.1491 | phi_loss: 0.0231 | energy_loss: 0.1523 | total_train_loss: 0.1158
step: 6500/30000 | pT_loss: 0.1388 | eta_loss: 0.1492 | phi_loss: 0.0232 | energy_loss: 0.1524 | total_train_loss: 0.1159
step: 6550/30000 | pT_loss: 0.1388 | eta_loss: 0.1492 | phi_loss: 0.0233 | energy_loss: 0.1529 | total_train_loss: 0.1160
step: 6600/30000 | pT_loss: 0.1394 | eta_loss: 0.1494 | phi_loss: 0.0235 | energy_loss: 0.1534 | total_train_loss: 0.1164
step: 6650/30000 | pT_loss: 0.1393 | eta_loss: 0.1495 | phi_loss: 0.0235 | energy_loss: 0.1534 | total_train_loss: 0.1164
step: 6700/30000 | pT_loss: 0.1392 | eta_loss: 0.1492 | phi_loss: 0.0235 | energy_loss: 0.1533 | total_train_loss: 0.1163
step: 6750/30000 | pT_loss: 0.1393 | eta_loss: 0.1496 | phi_loss: 0.0235 | energy_loss: 0.1535 | total_train_loss: 0.1165
step: 6800/30000 | pT_loss: 0.1394 | eta_loss: 0.1498 | phi_loss: 0.0235 | energy_loss: 0.1534 | total_train_loss: 0.1165
step: 6850/30000 | pT_loss: 0.1394 | eta_loss: 0.1498 | phi_loss: 0.0236 | energy_loss: 0.1533 | total_train_loss: 0.1165
step: 6900/30000 | pT_loss: 0.1392 | eta_loss: 0.1497 | phi_loss: 0.0235 | energy_loss: 0.1532 | total_train_loss: 0.1164
step: 6950/30000 | pT_loss: 0.1394 | eta_loss: 0.1497 | phi_loss: 0.0236 | energy_loss: 0.1533 | total_train_loss: 0.1165
step: 7000/30000 | pT_loss: 0.1396 | eta_loss: 0.1497 | phi_loss: 0.0238 | energy_loss: 0.1537 | total_train_loss: 0.1167
epoch: 7/30 | pT_loss: 0.1404 | eta_loss: 0.1456 | phi_loss: 0.0208 | energy_loss: 0.1502 | total_val_loss: 0.1142
step: 7050/30000 | pT_loss: 0.1426 | eta_loss: 0.1472 | phi_loss: 0.0272 | energy_loss: 0.1555 | total_train_loss: 0.1181
step: 7100/30000 | pT_loss: 0.1424 | eta_loss: 0.1475 | phi_loss: 0.0253 | energy_loss: 0.1538 | total_train_loss: 0.1173
step: 7150/30000 | pT_loss: 0.1447 | eta_loss: 0.1480 | phi_loss: 0.0251 | energy_loss: 0.1571 | total_train_loss: 0.1187
step: 7200/30000 | pT_loss: 0.1442 | eta_loss: 0.1476 | phi_loss: 0.0247 | energy_loss: 0.1564 | total_train_loss: 0.1182
step: 7250/30000 | pT_loss: 0.1430 | eta_loss: 0.1479 | phi_loss: 0.0243 | energy_loss: 0.1557 | total_train_loss: 0.1177
step: 7300/30000 | pT_loss: 0.1419 | eta_loss: 0.1477 | phi_loss: 0.0241 | energy_loss: 0.1550 | total_train_loss: 0.1172
step: 7350/30000 | pT_loss: 0.1413 | eta_loss: 0.1482 | phi_loss: 0.0239 | energy_loss: 0.1545 | total_train_loss: 0.1169
step: 7400/30000 | pT_loss: 0.1408 | eta_loss: 0.1482 | phi_loss: 0.0236 | energy_loss: 0.1533 | total_train_loss: 0.1165
step: 7450/30000 | pT_loss: 0.1405 | eta_loss: 0.1485 | phi_loss: 0.0239 | energy_loss: 0.1531 | total_train_loss: 0.1165
step: 7500/30000 | pT_loss: 0.1406 | eta_loss: 0.1485 | phi_loss: 0.0237 | energy_loss: 0.1528 | total_train_loss: 0.1164
step: 7550/30000 | pT_loss: 0.1409 | eta_loss: 0.1483 | phi_loss: 0.0239 | energy_loss: 0.1530 | total_train_loss: 0.1165
step: 7600/30000 | pT_loss: 0.1406 | eta_loss: 0.1482 | phi_loss: 0.0241 | energy_loss: 0.1529 | total_train_loss: 0.1165
step: 7650/30000 | pT_loss: 0.1407 | eta_loss: 0.1483 | phi_loss: 0.0242 | energy_loss: 0.1527 | total_train_loss: 0.1165
step: 7700/30000 | pT_loss: 0.1402 | eta_loss: 0.1485 | phi_loss: 0.0241 | energy_loss: 0.1523 | total_train_loss: 0.1163
step: 7750/30000 | pT_loss: 0.1396 | eta_loss: 0.1486 | phi_loss: 0.0240 | energy_loss: 0.1519 | total_train_loss: 0.1160
step: 7800/30000 | pT_loss: 0.1395 | eta_loss: 0.1486 | phi_loss: 0.0239 | energy_loss: 0.1519 | total_train_loss: 0.1160
step: 7850/30000 | pT_loss: 0.1400 | eta_loss: 0.1486 | phi_loss: 0.0239 | energy_loss: 0.1523 | total_train_loss: 0.1162
step: 7900/30000 | pT_loss: 0.1397 | eta_loss: 0.1486 | phi_loss: 0.0239 | energy_loss: 0.1519 | total_train_loss: 0.1160
step: 7950/30000 | pT_loss: 0.1394 | eta_loss: 0.1487 | phi_loss: 0.0238 | energy_loss: 0.1518 | total_train_loss: 0.1159
step: 8000/30000 | pT_loss: 0.1392 | eta_loss: 0.1487 | phi_loss: 0.0238 | energy_loss: 0.1520 | total_train_loss: 0.1159
epoch: 8/30 | pT_loss: 0.1302 | eta_loss: 0.1491 | phi_loss: 0.0220 | energy_loss: 0.1427 | total_val_loss: 0.1110
step: 8050/30000 | pT_loss: 0.1334 | eta_loss: 0.1480 | phi_loss: 0.0223 | energy_loss: 0.1448 | total_train_loss: 0.1121
step: 8100/30000 | pT_loss: 0.1372 | eta_loss: 0.1477 | phi_loss: 0.0223 | energy_loss: 0.1482 | total_train_loss: 0.1139
step: 8150/30000 | pT_loss: 0.1392 | eta_loss: 0.1478 | phi_loss: 0.0225 | energy_loss: 0.1515 | total_train_loss: 0.1152
step: 8200/30000 | pT_loss: 0.1371 | eta_loss: 0.1478 | phi_loss: 0.0227 | energy_loss: 0.1496 | total_train_loss: 0.1143
step: 8250/30000 | pT_loss: 0.1375 | eta_loss: 0.1475 | phi_loss: 0.0226 | energy_loss: 0.1503 | total_train_loss: 0.1145
step: 8300/30000 | pT_loss: 0.1362 | eta_loss: 0.1477 | phi_loss: 0.0228 | energy_loss: 0.1496 | total_train_loss: 0.1140
step: 8350/30000 | pT_loss: 0.1365 | eta_loss: 0.1479 | phi_loss: 0.0232 | energy_loss: 0.1502 | total_train_loss: 0.1144
step: 8400/30000 | pT_loss: 0.1363 | eta_loss: 0.1477 | phi_loss: 0.0231 | energy_loss: 0.1501 | total_train_loss: 0.1143
step: 8450/30000 | pT_loss: 0.1366 | eta_loss: 0.1479 | phi_loss: 0.0231 | energy_loss: 0.1506 | total_train_loss: 0.1145
step: 8500/30000 | pT_loss: 0.1365 | eta_loss: 0.1476 | phi_loss: 0.0232 | energy_loss: 0.1510 | total_train_loss: 0.1146
step: 8550/30000 | pT_loss: 0.1370 | eta_loss: 0.1474 | phi_loss: 0.0232 | energy_loss: 0.1509 | total_train_loss: 0.1146
step: 8600/30000 | pT_loss: 0.1375 | eta_loss: 0.1473 | phi_loss: 0.0232 | energy_loss: 0.1511 | total_train_loss: 0.1148
step: 8650/30000 | pT_loss: 0.1373 | eta_loss: 0.1473 | phi_loss: 0.0232 | energy_loss: 0.1501 | total_train_loss: 0.1145
step: 8700/30000 | pT_loss: 0.1365 | eta_loss: 0.1473 | phi_loss: 0.0232 | energy_loss: 0.1496 | total_train_loss: 0.1141
step: 8750/30000 | pT_loss: 0.1369 | eta_loss: 0.1472 | phi_loss: 0.0232 | energy_loss: 0.1499 | total_train_loss: 0.1143
step: 8800/30000 | pT_loss: 0.1366 | eta_loss: 0.1474 | phi_loss: 0.0234 | energy_loss: 0.1494 | total_train_loss: 0.1142
step: 8850/30000 | pT_loss: 0.1367 | eta_loss: 0.1474 | phi_loss: 0.0233 | energy_loss: 0.1497 | total_train_loss: 0.1143
step: 8900/30000 | pT_loss: 0.1366 | eta_loss: 0.1474 | phi_loss: 0.0232 | energy_loss: 0.1492 | total_train_loss: 0.1141
step: 8950/30000 | pT_loss: 0.1361 | eta_loss: 0.1477 | phi_loss: 0.0232 | energy_loss: 0.1486 | total_train_loss: 0.1139
step: 9000/30000 | pT_loss: 0.1361 | eta_loss: 0.1478 | phi_loss: 0.0232 | energy_loss: 0.1487 | total_train_loss: 0.1139
epoch: 9/30 | pT_loss: 0.1401 | eta_loss: 0.1578 | phi_loss: 0.0217 | energy_loss: 0.1579 | total_val_loss: 0.1194
step: 9050/30000 | pT_loss: 0.1323 | eta_loss: 0.1486 | phi_loss: 0.0232 | energy_loss: 0.1497 | total_train_loss: 0.1134
step: 9100/30000 | pT_loss: 0.1358 | eta_loss: 0.1495 | phi_loss: 0.0237 | energy_loss: 0.1512 | total_train_loss: 0.1150
step: 9150/30000 | pT_loss: 0.1370 | eta_loss: 0.1487 | phi_loss: 0.0237 | energy_loss: 0.1494 | total_train_loss: 0.1147
step: 9200/30000 | pT_loss: 0.1370 | eta_loss: 0.1483 | phi_loss: 0.0235 | energy_loss: 0.1491 | total_train_loss: 0.1145
step: 9250/30000 | pT_loss: 0.1364 | eta_loss: 0.1479 | phi_loss: 0.0235 | energy_loss: 0.1486 | total_train_loss: 0.1141
step: 9300/30000 | pT_loss: 0.1350 | eta_loss: 0.1474 | phi_loss: 0.0234 | energy_loss: 0.1474 | total_train_loss: 0.1133
step: 9350/30000 | pT_loss: 0.1349 | eta_loss: 0.1473 | phi_loss: 0.0233 | energy_loss: 0.1468 | total_train_loss: 0.1131
step: 9400/30000 | pT_loss: 0.1350 | eta_loss: 0.1473 | phi_loss: 0.0233 | energy_loss: 0.1473 | total_train_loss: 0.1132
step: 9450/30000 | pT_loss: 0.1352 | eta_loss: 0.1473 | phi_loss: 0.0231 | energy_loss: 0.1481 | total_train_loss: 0.1134
step: 9500/30000 | pT_loss: 0.1356 | eta_loss: 0.1471 | phi_loss: 0.0230 | energy_loss: 0.1482 | total_train_loss: 0.1135
step: 9550/30000 | pT_loss: 0.1353 | eta_loss: 0.1471 | phi_loss: 0.0230 | energy_loss: 0.1477 | total_train_loss: 0.1133
step: 9600/30000 | pT_loss: 0.1355 | eta_loss: 0.1473 | phi_loss: 0.0242 | energy_loss: 0.1477 | total_train_loss: 0.1137
step: 9650/30000 | pT_loss: 0.1353 | eta_loss: 0.1474 | phi_loss: 0.0245 | energy_loss: 0.1478 | total_train_loss: 0.1137
step: 9700/30000 | pT_loss: 0.1355 | eta_loss: 0.1474 | phi_loss: 0.0247 | energy_loss: 0.1477 | total_train_loss: 0.1138
step: 9750/30000 | pT_loss: 0.1352 | eta_loss: 0.1474 | phi_loss: 0.0247 | energy_loss: 0.1470 | total_train_loss: 0.1136
step: 9800/30000 | pT_loss: 0.1351 | eta_loss: 0.1473 | phi_loss: 0.0246 | energy_loss: 0.1470 | total_train_loss: 0.1135
step: 9850/30000 | pT_loss: 0.1350 | eta_loss: 0.1475 | phi_loss: 0.0245 | energy_loss: 0.1464 | total_train_loss: 0.1133
step: 9900/30000 | pT_loss: 0.1349 | eta_loss: 0.1474 | phi_loss: 0.0244 | energy_loss: 0.1462 | total_train_loss: 0.1132
step: 9950/30000 | pT_loss: 0.1349 | eta_loss: 0.1475 | phi_loss: 0.0244 | energy_loss: 0.1468 | total_train_loss: 0.1134
step: 10000/30000 | pT_loss: 0.1354 | eta_loss: 0.1475 | phi_loss: 0.0244 | energy_loss: 0.1471 | total_train_loss: 0.1136
epoch: 10/30 | pT_loss: 0.1462 | eta_loss: 0.1483 | phi_loss: 0.0253 | energy_loss: 0.1496 | total_val_loss: 0.1174
step: 10050/30000 | pT_loss: 0.1336 | eta_loss: 0.1480 | phi_loss: 0.0238 | energy_loss: 0.1512 | total_train_loss: 0.1141
step: 10100/30000 | pT_loss: 0.1311 | eta_loss: 0.1470 | phi_loss: 0.0244 | energy_loss: 0.1476 | total_train_loss: 0.1125
step: 10150/30000 | pT_loss: 0.1322 | eta_loss: 0.1467 | phi_loss: 0.0238 | energy_loss: 0.1484 | total_train_loss: 0.1128
step: 10200/30000 | pT_loss: 0.1334 | eta_loss: 0.1464 | phi_loss: 0.0235 | energy_loss: 0.1485 | total_train_loss: 0.1130
step: 10250/30000 | pT_loss: 0.1320 | eta_loss: 0.1463 | phi_loss: 0.0233 | energy_loss: 0.1471 | total_train_loss: 0.1122
step: 10300/30000 | pT_loss: 0.1332 | eta_loss: 0.1460 | phi_loss: 0.0231 | energy_loss: 0.1471 | total_train_loss: 0.1123
step: 10350/30000 | pT_loss: 0.1325 | eta_loss: 0.1459 | phi_loss: 0.0228 | energy_loss: 0.1466 | total_train_loss: 0.1119
step: 10400/30000 | pT_loss: 0.1324 | eta_loss: 0.1460 | phi_loss: 0.0228 | energy_loss: 0.1460 | total_train_loss: 0.1118
step: 10450/30000 | pT_loss: 0.1321 | eta_loss: 0.1460 | phi_loss: 0.0228 | energy_loss: 0.1460 | total_train_loss: 0.1117
step: 10500/30000 | pT_loss: 0.1323 | eta_loss: 0.1460 | phi_loss: 0.0227 | energy_loss: 0.1459 | total_train_loss: 0.1117
step: 10550/30000 | pT_loss: 0.1320 | eta_loss: 0.1459 | phi_loss: 0.0226 | energy_loss: 0.1456 | total_train_loss: 0.1115
step: 10600/30000 | pT_loss: 0.1320 | eta_loss: 0.1461 | phi_loss: 0.0225 | energy_loss: 0.1456 | total_train_loss: 0.1116
step: 10650/30000 | pT_loss: 0.1319 | eta_loss: 0.1460 | phi_loss: 0.0224 | energy_loss: 0.1451 | total_train_loss: 0.1114
step: 10700/30000 | pT_loss: 0.1315 | eta_loss: 0.1459 | phi_loss: 0.0224 | energy_loss: 0.1446 | total_train_loss: 0.1111
step: 10750/30000 | pT_loss: 0.1317 | eta_loss: 0.1460 | phi_loss: 0.0227 | energy_loss: 0.1446 | total_train_loss: 0.1113
step: 10800/30000 | pT_loss: 0.1316 | eta_loss: 0.1462 | phi_loss: 0.0231 | energy_loss: 0.1443 | total_train_loss: 0.1113
step: 10850/30000 | pT_loss: 0.1319 | eta_loss: 0.1466 | phi_loss: 0.0237 | energy_loss: 0.1448 | total_train_loss: 0.1117
step: 10900/30000 | pT_loss: 0.1318 | eta_loss: 0.1468 | phi_loss: 0.0237 | energy_loss: 0.1447 | total_train_loss: 0.1117
step: 10950/30000 | pT_loss: 0.1317 | eta_loss: 0.1466 | phi_loss: 0.0236 | energy_loss: 0.1445 | total_train_loss: 0.1116
step: 11000/30000 | pT_loss: 0.1317 | eta_loss: 0.1466 | phi_loss: 0.0235 | energy_loss: 0.1446 | total_train_loss: 0.1116
epoch: 11/30 | pT_loss: 0.1315 | eta_loss: 0.1446 | phi_loss: 0.0201 | energy_loss: 0.1497 | total_val_loss: 0.1115
step: 11050/30000 | pT_loss: 0.1294 | eta_loss: 0.1467 | phi_loss: 0.0234 | energy_loss: 0.1430 | total_train_loss: 0.1106
step: 11100/30000 | pT_loss: 0.1280 | eta_loss: 0.1456 | phi_loss: 0.0228 | energy_loss: 0.1415 | total_train_loss: 0.1095
step: 11150/30000 | pT_loss: 0.1286 | eta_loss: 0.1456 | phi_loss: 0.0224 | energy_loss: 0.1395 | total_train_loss: 0.1090
step: 11200/30000 | pT_loss: 0.1284 | eta_loss: 0.1459 | phi_loss: 0.0225 | energy_loss: 0.1387 | total_train_loss: 0.1089
step: 11250/30000 | pT_loss: 0.1288 | eta_loss: 0.1460 | phi_loss: 0.0224 | energy_loss: 0.1387 | total_train_loss: 0.1090
step: 11300/30000 | pT_loss: 0.1286 | eta_loss: 0.1460 | phi_loss: 0.0224 | energy_loss: 0.1393 | total_train_loss: 0.1091
step: 11350/30000 | pT_loss: 0.1294 | eta_loss: 0.1458 | phi_loss: 0.0224 | energy_loss: 0.1403 | total_train_loss: 0.1095
step: 11400/30000 | pT_loss: 0.1298 | eta_loss: 0.1456 | phi_loss: 0.0224 | energy_loss: 0.1408 | total_train_loss: 0.1096
step: 11450/30000 | pT_loss: 0.1300 | eta_loss: 0.1456 | phi_loss: 0.0223 | energy_loss: 0.1408 | total_train_loss: 0.1097
step: 11500/30000 | pT_loss: 0.1290 | eta_loss: 0.1456 | phi_loss: 0.0230 | energy_loss: 0.1402 | total_train_loss: 0.1094
step: 11550/30000 | pT_loss: 0.1292 | eta_loss: 0.1457 | phi_loss: 0.0235 | energy_loss: 0.1406 | total_train_loss: 0.1097
step: 11600/30000 | pT_loss: 0.1298 | eta_loss: 0.1459 | phi_loss: 0.0245 | energy_loss: 0.1415 | total_train_loss: 0.1104
step: 11650/30000 | pT_loss: 0.1305 | eta_loss: 0.1461 | phi_loss: 0.0249 | energy_loss: 0.1423 | total_train_loss: 0.1109
step: 11700/30000 | pT_loss: 0.1309 | eta_loss: 0.1460 | phi_loss: 0.0251 | energy_loss: 0.1428 | total_train_loss: 0.1112
step: 11750/30000 | pT_loss: 0.1308 | eta_loss: 0.1461 | phi_loss: 0.0251 | energy_loss: 0.1430 | total_train_loss: 0.1112
step: 11800/30000 | pT_loss: 0.1308 | eta_loss: 0.1461 | phi_loss: 0.0251 | energy_loss: 0.1433 | total_train_loss: 0.1113
step: 11850/30000 | pT_loss: 0.1309 | eta_loss: 0.1462 | phi_loss: 0.0253 | energy_loss: 0.1436 | total_train_loss: 0.1115
step: 11900/30000 | pT_loss: 0.1310 | eta_loss: 0.1463 | phi_loss: 0.0258 | energy_loss: 0.1437 | total_train_loss: 0.1117
step: 11950/30000 | pT_loss: 0.1310 | eta_loss: 0.1464 | phi_loss: 0.0261 | energy_loss: 0.1436 | total_train_loss: 0.1118
step: 12000/30000 | pT_loss: 0.1310 | eta_loss: 0.1464 | phi_loss: 0.0263 | energy_loss: 0.1437 | total_train_loss: 0.1119
epoch: 12/30 | pT_loss: 0.1257 | eta_loss: 0.1473 | phi_loss: 0.0227 | energy_loss: 0.1392 | total_val_loss: 0.1087
step: 12050/30000 | pT_loss: 0.1330 | eta_loss: 0.1461 | phi_loss: 0.0261 | energy_loss: 0.1463 | total_train_loss: 0.1129
step: 12100/30000 | pT_loss: 0.1308 | eta_loss: 0.1452 | phi_loss: 0.0248 | energy_loss: 0.1462 | total_train_loss: 0.1118
step: 12150/30000 | pT_loss: 0.1308 | eta_loss: 0.1456 | phi_loss: 0.0246 | energy_loss: 0.1454 | total_train_loss: 0.1116
step: 12200/30000 | pT_loss: 0.1304 | eta_loss: 0.1460 | phi_loss: 0.0245 | energy_loss: 0.1441 | total_train_loss: 0.1112
step: 12250/30000 | pT_loss: 0.1318 | eta_loss: 0.1458 | phi_loss: 0.0247 | energy_loss: 0.1446 | total_train_loss: 0.1117
step: 12300/30000 | pT_loss: 0.1308 | eta_loss: 0.1457 | phi_loss: 0.0244 | energy_loss: 0.1437 | total_train_loss: 0.1111
step: 12350/30000 | pT_loss: 0.1313 | eta_loss: 0.1457 | phi_loss: 0.0242 | energy_loss: 0.1444 | total_train_loss: 0.1114
step: 12400/30000 | pT_loss: 0.1306 | eta_loss: 0.1455 | phi_loss: 0.0240 | energy_loss: 0.1441 | total_train_loss: 0.1111
step: 12450/30000 | pT_loss: 0.1300 | eta_loss: 0.1453 | phi_loss: 0.0240 | energy_loss: 0.1434 | total_train_loss: 0.1107
step: 12500/30000 | pT_loss: 0.1295 | eta_loss: 0.1452 | phi_loss: 0.0239 | energy_loss: 0.1430 | total_train_loss: 0.1104
step: 12550/30000 | pT_loss: 0.1289 | eta_loss: 0.1451 | phi_loss: 0.0238 | energy_loss: 0.1423 | total_train_loss: 0.1100
step: 12600/30000 | pT_loss: 0.1291 | eta_loss: 0.1451 | phi_loss: 0.0237 | energy_loss: 0.1426 | total_train_loss: 0.1102
step: 12650/30000 | pT_loss: 0.1293 | eta_loss: 0.1451 | phi_loss: 0.0236 | energy_loss: 0.1425 | total_train_loss: 0.1101
step: 12700/30000 | pT_loss: 0.1291 | eta_loss: 0.1450 | phi_loss: 0.0235 | energy_loss: 0.1419 | total_train_loss: 0.1099
step: 12750/30000 | pT_loss: 0.1290 | eta_loss: 0.1451 | phi_loss: 0.0235 | energy_loss: 0.1420 | total_train_loss: 0.1099
step: 12800/30000 | pT_loss: 0.1289 | eta_loss: 0.1450 | phi_loss: 0.0234 | energy_loss: 0.1421 | total_train_loss: 0.1098
step: 12850/30000 | pT_loss: 0.1292 | eta_loss: 0.1449 | phi_loss: 0.0233 | energy_loss: 0.1424 | total_train_loss: 0.1100
step: 12900/30000 | pT_loss: 0.1291 | eta_loss: 0.1450 | phi_loss: 0.0233 | energy_loss: 0.1425 | total_train_loss: 0.1100
step: 12950/30000 | pT_loss: 0.1290 | eta_loss: 0.1449 | phi_loss: 0.0232 | energy_loss: 0.1422 | total_train_loss: 0.1098
step: 13000/30000 | pT_loss: 0.1291 | eta_loss: 0.1449 | phi_loss: 0.0231 | energy_loss: 0.1421 | total_train_loss: 0.1098
epoch: 13/30 | pT_loss: 0.1260 | eta_loss: 0.1496 | phi_loss: 0.0232 | energy_loss: 0.1346 | total_val_loss: 0.1083
step: 13050/30000 | pT_loss: 0.1284 | eta_loss: 0.1447 | phi_loss: 0.0215 | energy_loss: 0.1388 | total_train_loss: 0.1084
step: 13100/30000 | pT_loss: 0.1329 | eta_loss: 0.1446 | phi_loss: 0.0219 | energy_loss: 0.1408 | total_train_loss: 0.1101
step: 13150/30000 | pT_loss: 0.1311 | eta_loss: 0.1441 | phi_loss: 0.0218 | energy_loss: 0.1414 | total_train_loss: 0.1096
step: 13200/30000 | pT_loss: 0.1306 | eta_loss: 0.1441 | phi_loss: 0.0219 | energy_loss: 0.1413 | total_train_loss: 0.1095
step: 13250/30000 | pT_loss: 0.1289 | eta_loss: 0.1440 | phi_loss: 0.0220 | energy_loss: 0.1392 | total_train_loss: 0.1085
step: 13300/30000 | pT_loss: 0.1278 | eta_loss: 0.1438 | phi_loss: 0.0220 | energy_loss: 0.1384 | total_train_loss: 0.1080
step: 13350/30000 | pT_loss: 0.1279 | eta_loss: 0.1439 | phi_loss: 0.0220 | energy_loss: 0.1386 | total_train_loss: 0.1081
step: 13400/30000 | pT_loss: 0.1281 | eta_loss: 0.1438 | phi_loss: 0.0221 | energy_loss: 0.1385 | total_train_loss: 0.1081
step: 13450/30000 | pT_loss: 0.1278 | eta_loss: 0.1437 | phi_loss: 0.0220 | energy_loss: 0.1391 | total_train_loss: 0.1082
step: 13500/30000 | pT_loss: 0.1274 | eta_loss: 0.1437 | phi_loss: 0.0220 | energy_loss: 0.1388 | total_train_loss: 0.1080
step: 13550/30000 | pT_loss: 0.1275 | eta_loss: 0.1438 | phi_loss: 0.0219 | energy_loss: 0.1392 | total_train_loss: 0.1081
step: 13600/30000 | pT_loss: 0.1275 | eta_loss: 0.1439 | phi_loss: 0.0219 | energy_loss: 0.1392 | total_train_loss: 0.1081
step: 13650/30000 | pT_loss: 0.1279 | eta_loss: 0.1440 | phi_loss: 0.0220 | energy_loss: 0.1395 | total_train_loss: 0.1083
step: 13700/30000 | pT_loss: 0.1279 | eta_loss: 0.1440 | phi_loss: 0.0220 | energy_loss: 0.1394 | total_train_loss: 0.1083
step: 13750/30000 | pT_loss: 0.1280 | eta_loss: 0.1441 | phi_loss: 0.0219 | energy_loss: 0.1391 | total_train_loss: 0.1083
step: 13800/30000 | pT_loss: 0.1276 | eta_loss: 0.1440 | phi_loss: 0.0219 | energy_loss: 0.1387 | total_train_loss: 0.1081
step: 13850/30000 | pT_loss: 0.1274 | eta_loss: 0.1440 | phi_loss: 0.0218 | energy_loss: 0.1386 | total_train_loss: 0.1079
step: 13900/30000 | pT_loss: 0.1278 | eta_loss: 0.1440 | phi_loss: 0.0219 | energy_loss: 0.1393 | total_train_loss: 0.1083
step: 13950/30000 | pT_loss: 0.1275 | eta_loss: 0.1440 | phi_loss: 0.0218 | energy_loss: 0.1389 | total_train_loss: 0.1081
step: 14000/30000 | pT_loss: 0.1276 | eta_loss: 0.1440 | phi_loss: 0.0218 | energy_loss: 0.1389 | total_train_loss: 0.1081
epoch: 14/30 | pT_loss: 0.1337 | eta_loss: 0.1460 | phi_loss: 0.0212 | energy_loss: 0.1405 | total_val_loss: 0.1104
step: 14050/30000 | pT_loss: 0.1329 | eta_loss: 0.1437 | phi_loss: 0.0213 | energy_loss: 0.1442 | total_train_loss: 0.1105
step: 14100/30000 | pT_loss: 0.1243 | eta_loss: 0.1432 | phi_loss: 0.0211 | energy_loss: 0.1385 | total_train_loss: 0.1068
step: 14150/30000 | pT_loss: 0.1252 | eta_loss: 0.1435 | phi_loss: 0.0210 | energy_loss: 0.1377 | total_train_loss: 0.1069
step: 14200/30000 | pT_loss: 0.1260 | eta_loss: 0.1436 | phi_loss: 0.0212 | energy_loss: 0.1382 | total_train_loss: 0.1072
step: 14250/30000 | pT_loss: 0.1247 | eta_loss: 0.1436 | phi_loss: 0.0212 | energy_loss: 0.1373 | total_train_loss: 0.1067
step: 14300/30000 | pT_loss: 0.1243 | eta_loss: 0.1434 | phi_loss: 0.0213 | energy_loss: 0.1359 | total_train_loss: 0.1062
step: 14350/30000 | pT_loss: 0.1248 | eta_loss: 0.1434 | phi_loss: 0.0214 | energy_loss: 0.1379 | total_train_loss: 0.1069
step: 14400/30000 | pT_loss: 0.1254 | eta_loss: 0.1435 | phi_loss: 0.0214 | energy_loss: 0.1388 | total_train_loss: 0.1073
step: 14450/30000 | pT_loss: 0.1251 | eta_loss: 0.1436 | phi_loss: 0.0214 | energy_loss: 0.1377 | total_train_loss: 0.1069
step: 14500/30000 | pT_loss: 0.1249 | eta_loss: 0.1436 | phi_loss: 0.0215 | energy_loss: 0.1371 | total_train_loss: 0.1068
step: 14550/30000 | pT_loss: 0.1253 | eta_loss: 0.1435 | phi_loss: 0.0215 | energy_loss: 0.1372 | total_train_loss: 0.1069
step: 14600/30000 | pT_loss: 0.1252 | eta_loss: 0.1435 | phi_loss: 0.0215 | energy_loss: 0.1372 | total_train_loss: 0.1068
step: 14650/30000 | pT_loss: 0.1254 | eta_loss: 0.1434 | phi_loss: 0.0215 | energy_loss: 0.1370 | total_train_loss: 0.1068
step: 14700/30000 | pT_loss: 0.1253 | eta_loss: 0.1433 | phi_loss: 0.0215 | energy_loss: 0.1366 | total_train_loss: 0.1067
step: 14750/30000 | pT_loss: 0.1253 | eta_loss: 0.1433 | phi_loss: 0.0215 | energy_loss: 0.1364 | total_train_loss: 0.1066
step: 14800/30000 | pT_loss: 0.1247 | eta_loss: 0.1433 | phi_loss: 0.0215 | energy_loss: 0.1360 | total_train_loss: 0.1064
step: 14850/30000 | pT_loss: 0.1243 | eta_loss: 0.1432 | phi_loss: 0.0215 | energy_loss: 0.1356 | total_train_loss: 0.1061
step: 14900/30000 | pT_loss: 0.1244 | eta_loss: 0.1432 | phi_loss: 0.0215 | energy_loss: 0.1359 | total_train_loss: 0.1063
step: 14950/30000 | pT_loss: 0.1241 | eta_loss: 0.1432 | phi_loss: 0.0215 | energy_loss: 0.1358 | total_train_loss: 0.1062
step: 15000/30000 | pT_loss: 0.1241 | eta_loss: 0.1433 | phi_loss: 0.0215 | energy_loss: 0.1362 | total_train_loss: 0.1063
epoch: 15/30 | pT_loss: 0.1287 | eta_loss: 0.1464 | phi_loss: 0.0233 | energy_loss: 0.1441 | total_val_loss: 0.1106
step: 15050/30000 | pT_loss: 0.1227 | eta_loss: 0.1433 | phi_loss: 0.0210 | energy_loss: 0.1344 | total_train_loss: 0.1053
step: 15100/30000 | pT_loss: 0.1246 | eta_loss: 0.1437 | phi_loss: 0.0214 | energy_loss: 0.1360 | total_train_loss: 0.1064
step: 15150/30000 | pT_loss: 0.1268 | eta_loss: 0.1437 | phi_loss: 0.0213 | energy_loss: 0.1372 | total_train_loss: 0.1073
step: 15200/30000 | pT_loss: 0.1264 | eta_loss: 0.1438 | phi_loss: 0.0211 | energy_loss: 0.1382 | total_train_loss: 0.1074
step: 15250/30000 | pT_loss: 0.1250 | eta_loss: 0.1435 | phi_loss: 0.0210 | energy_loss: 0.1360 | total_train_loss: 0.1064
step: 15300/30000 | pT_loss: 0.1244 | eta_loss: 0.1433 | phi_loss: 0.0211 | energy_loss: 0.1363 | total_train_loss: 0.1063
step: 15350/30000 | pT_loss: 0.1239 | eta_loss: 0.1434 | phi_loss: 0.0211 | energy_loss: 0.1362 | total_train_loss: 0.1061
step: 15400/30000 | pT_loss: 0.1238 | eta_loss: 0.1433 | phi_loss: 0.0211 | energy_loss: 0.1360 | total_train_loss: 0.1061
step: 15450/30000 | pT_loss: 0.1243 | eta_loss: 0.1432 | phi_loss: 0.0211 | energy_loss: 0.1365 | total_train_loss: 0.1063
step: 15500/30000 | pT_loss: 0.1248 | eta_loss: 0.1431 | phi_loss: 0.0210 | energy_loss: 0.1368 | total_train_loss: 0.1064
step: 15550/30000 | pT_loss: 0.1245 | eta_loss: 0.1431 | phi_loss: 0.0211 | energy_loss: 0.1366 | total_train_loss: 0.1063
step: 15600/30000 | pT_loss: 0.1244 | eta_loss: 0.1431 | phi_loss: 0.0211 | energy_loss: 0.1364 | total_train_loss: 0.1063
step: 15650/30000 | pT_loss: 0.1246 | eta_loss: 0.1430 | phi_loss: 0.0211 | energy_loss: 0.1365 | total_train_loss: 0.1063
step: 15700/30000 | pT_loss: 0.1242 | eta_loss: 0.1430 | phi_loss: 0.0212 | energy_loss: 0.1362 | total_train_loss: 0.1061
step: 15750/30000 | pT_loss: 0.1237 | eta_loss: 0.1430 | phi_loss: 0.0211 | energy_loss: 0.1357 | total_train_loss: 0.1059
step: 15800/30000 | pT_loss: 0.1236 | eta_loss: 0.1430 | phi_loss: 0.0211 | energy_loss: 0.1362 | total_train_loss: 0.1060
step: 15850/30000 | pT_loss: 0.1234 | eta_loss: 0.1429 | phi_loss: 0.0211 | energy_loss: 0.1360 | total_train_loss: 0.1059
step: 15900/30000 | pT_loss: 0.1238 | eta_loss: 0.1429 | phi_loss: 0.0211 | energy_loss: 0.1360 | total_train_loss: 0.1060
step: 15950/30000 | pT_loss: 0.1237 | eta_loss: 0.1429 | phi_loss: 0.0211 | energy_loss: 0.1360 | total_train_loss: 0.1059
step: 16000/30000 | pT_loss: 0.1239 | eta_loss: 0.1429 | phi_loss: 0.0212 | energy_loss: 0.1362 | total_train_loss: 0.1060
epoch: 16/30 | pT_loss: 0.1262 | eta_loss: 0.1431 | phi_loss: 0.0207 | energy_loss: 0.1410 | total_val_loss: 0.1078
step: 16050/30000 | pT_loss: 0.1253 | eta_loss: 0.1424 | phi_loss: 0.0209 | energy_loss: 0.1389 | total_train_loss: 0.1069
step: 16100/30000 | pT_loss: 0.1236 | eta_loss: 0.1429 | phi_loss: 0.0210 | energy_loss: 0.1354 | total_train_loss: 0.1057
step: 16150/30000 | pT_loss: 0.1228 | eta_loss: 0.1425 | phi_loss: 0.0208 | energy_loss: 0.1345 | total_train_loss: 0.1052
step: 16200/30000 | pT_loss: 0.1235 | eta_loss: 0.1424 | phi_loss: 0.0207 | energy_loss: 0.1352 | total_train_loss: 0.1055
step: 16250/30000 | pT_loss: 0.1229 | eta_loss: 0.1427 | phi_loss: 0.0210 | energy_loss: 0.1352 | total_train_loss: 0.1054
step: 16300/30000 | pT_loss: 0.1224 | eta_loss: 0.1425 | phi_loss: 0.0209 | energy_loss: 0.1344 | total_train_loss: 0.1050
step: 16350/30000 | pT_loss: 0.1224 | eta_loss: 0.1424 | phi_loss: 0.0209 | energy_loss: 0.1344 | total_train_loss: 0.1050
step: 16400/30000 | pT_loss: 0.1228 | eta_loss: 0.1423 | phi_loss: 0.0210 | energy_loss: 0.1345 | total_train_loss: 0.1051
step: 16450/30000 | pT_loss: 0.1230 | eta_loss: 0.1422 | phi_loss: 0.0210 | energy_loss: 0.1348 | total_train_loss: 0.1052
step: 16500/30000 | pT_loss: 0.1233 | eta_loss: 0.1422 | phi_loss: 0.0210 | energy_loss: 0.1347 | total_train_loss: 0.1053
step: 16550/30000 | pT_loss: 0.1234 | eta_loss: 0.1420 | phi_loss: 0.0210 | energy_loss: 0.1350 | total_train_loss: 0.1053
step: 16600/30000 | pT_loss: 0.1239 | eta_loss: 0.1420 | phi_loss: 0.0210 | energy_loss: 0.1358 | total_train_loss: 0.1057
step: 16650/30000 | pT_loss: 0.1238 | eta_loss: 0.1420 | phi_loss: 0.0210 | energy_loss: 0.1360 | total_train_loss: 0.1057
step: 16700/30000 | pT_loss: 0.1242 | eta_loss: 0.1419 | phi_loss: 0.0210 | energy_loss: 0.1362 | total_train_loss: 0.1058
step: 16750/30000 | pT_loss: 0.1241 | eta_loss: 0.1419 | phi_loss: 0.0210 | energy_loss: 0.1357 | total_train_loss: 0.1057
step: 16800/30000 | pT_loss: 0.1237 | eta_loss: 0.1420 | phi_loss: 0.0210 | energy_loss: 0.1354 | total_train_loss: 0.1055
step: 16850/30000 | pT_loss: 0.1238 | eta_loss: 0.1420 | phi_loss: 0.0210 | energy_loss: 0.1353 | total_train_loss: 0.1055
step: 16900/30000 | pT_loss: 0.1237 | eta_loss: 0.1420 | phi_loss: 0.0210 | energy_loss: 0.1353 | total_train_loss: 0.1055
step: 16950/30000 | pT_loss: 0.1235 | eta_loss: 0.1419 | phi_loss: 0.0210 | energy_loss: 0.1349 | total_train_loss: 0.1053
step: 17000/30000 | pT_loss: 0.1233 | eta_loss: 0.1419 | phi_loss: 0.0210 | energy_loss: 0.1345 | total_train_loss: 0.1052
epoch: 17/30 | pT_loss: 0.1231 | eta_loss: 0.1446 | phi_loss: 0.0227 | energy_loss: 0.1313 | total_val_loss: 0.1054
step: 17050/30000 | pT_loss: 0.1219 | eta_loss: 0.1400 | phi_loss: 0.0207 | energy_loss: 0.1372 | total_train_loss: 0.1050
step: 17100/30000 | pT_loss: 0.1204 | eta_loss: 0.1410 | phi_loss: 0.0205 | energy_loss: 0.1340 | total_train_loss: 0.1040
step: 17150/30000 | pT_loss: 0.1207 | eta_loss: 0.1415 | phi_loss: 0.0205 | energy_loss: 0.1326 | total_train_loss: 0.1038
step: 17200/30000 | pT_loss: 0.1216 | eta_loss: 0.1416 | phi_loss: 0.0205 | energy_loss: 0.1334 | total_train_loss: 0.1043
step: 17250/30000 | pT_loss: 0.1215 | eta_loss: 0.1415 | phi_loss: 0.0204 | energy_loss: 0.1337 | total_train_loss: 0.1043
step: 17300/30000 | pT_loss: 0.1217 | eta_loss: 0.1415 | phi_loss: 0.0205 | energy_loss: 0.1333 | total_train_loss: 0.1042
step: 17350/30000 | pT_loss: 0.1211 | eta_loss: 0.1416 | phi_loss: 0.0205 | energy_loss: 0.1323 | total_train_loss: 0.1039
step: 17400/30000 | pT_loss: 0.1216 | eta_loss: 0.1415 | phi_loss: 0.0205 | energy_loss: 0.1323 | total_train_loss: 0.1040
step: 17450/30000 | pT_loss: 0.1213 | eta_loss: 0.1417 | phi_loss: 0.0206 | energy_loss: 0.1324 | total_train_loss: 0.1040
step: 17500/30000 | pT_loss: 0.1214 | eta_loss: 0.1417 | phi_loss: 0.0206 | energy_loss: 0.1322 | total_train_loss: 0.1040
step: 17550/30000 | pT_loss: 0.1212 | eta_loss: 0.1418 | phi_loss: 0.0206 | energy_loss: 0.1323 | total_train_loss: 0.1040
step: 17600/30000 | pT_loss: 0.1214 | eta_loss: 0.1418 | phi_loss: 0.0206 | energy_loss: 0.1324 | total_train_loss: 0.1041
step: 17650/30000 | pT_loss: 0.1212 | eta_loss: 0.1417 | phi_loss: 0.0206 | energy_loss: 0.1319 | total_train_loss: 0.1039
step: 17700/30000 | pT_loss: 0.1206 | eta_loss: 0.1418 | phi_loss: 0.0206 | energy_loss: 0.1315 | total_train_loss: 0.1036
step: 17750/30000 | pT_loss: 0.1210 | eta_loss: 0.1418 | phi_loss: 0.0206 | energy_loss: 0.1322 | total_train_loss: 0.1039
step: 17800/30000 | pT_loss: 0.1208 | eta_loss: 0.1417 | phi_loss: 0.0206 | energy_loss: 0.1318 | total_train_loss: 0.1037
step: 17850/30000 | pT_loss: 0.1210 | eta_loss: 0.1417 | phi_loss: 0.0206 | energy_loss: 0.1321 | total_train_loss: 0.1039
step: 17900/30000 | pT_loss: 0.1210 | eta_loss: 0.1418 | phi_loss: 0.0207 | energy_loss: 0.1319 | total_train_loss: 0.1039
step: 17950/30000 | pT_loss: 0.1210 | eta_loss: 0.1418 | phi_loss: 0.0207 | energy_loss: 0.1321 | total_train_loss: 0.1039
step: 18000/30000 | pT_loss: 0.1206 | eta_loss: 0.1418 | phi_loss: 0.0207 | energy_loss: 0.1317 | total_train_loss: 0.1037
epoch: 18/30 | pT_loss: 0.1232 | eta_loss: 0.1448 | phi_loss: 0.0215 | energy_loss: 0.1371 | total_val_loss: 0.1067
step: 18050/30000 | pT_loss: 0.1330 | eta_loss: 0.1416 | phi_loss: 0.0204 | energy_loss: 0.1375 | total_train_loss: 0.1081
step: 18100/30000 | pT_loss: 0.1255 | eta_loss: 0.1410 | phi_loss: 0.0205 | energy_loss: 0.1348 | total_train_loss: 0.1055
step: 18150/30000 | pT_loss: 0.1244 | eta_loss: 0.1409 | phi_loss: 0.0205 | energy_loss: 0.1344 | total_train_loss: 0.1051
step: 18200/30000 | pT_loss: 0.1246 | eta_loss: 0.1410 | phi_loss: 0.0205 | energy_loss: 0.1345 | total_train_loss: 0.1052
step: 18250/30000 | pT_loss: 0.1237 | eta_loss: 0.1411 | phi_loss: 0.0206 | energy_loss: 0.1354 | total_train_loss: 0.1052
step: 18300/30000 | pT_loss: 0.1234 | eta_loss: 0.1412 | phi_loss: 0.0205 | energy_loss: 0.1349 | total_train_loss: 0.1050
step: 18350/30000 | pT_loss: 0.1236 | eta_loss: 0.1413 | phi_loss: 0.0205 | energy_loss: 0.1349 | total_train_loss: 0.1051
step: 18400/30000 | pT_loss: 0.1230 | eta_loss: 0.1413 | phi_loss: 0.0204 | energy_loss: 0.1338 | total_train_loss: 0.1046
step: 18450/30000 | pT_loss: 0.1231 | eta_loss: 0.1414 | phi_loss: 0.0204 | energy_loss: 0.1336 | total_train_loss: 0.1046
step: 18500/30000 | pT_loss: 0.1229 | eta_loss: 0.1413 | phi_loss: 0.0204 | energy_loss: 0.1334 | total_train_loss: 0.1045
step: 18550/30000 | pT_loss: 0.1228 | eta_loss: 0.1412 | phi_loss: 0.0204 | energy_loss: 0.1334 | total_train_loss: 0.1045
step: 18600/30000 | pT_loss: 0.1225 | eta_loss: 0.1411 | phi_loss: 0.0204 | energy_loss: 0.1327 | total_train_loss: 0.1042
step: 18650/30000 | pT_loss: 0.1222 | eta_loss: 0.1411 | phi_loss: 0.0204 | energy_loss: 0.1325 | total_train_loss: 0.1041
step: 18700/30000 | pT_loss: 0.1224 | eta_loss: 0.1411 | phi_loss: 0.0204 | energy_loss: 0.1330 | total_train_loss: 0.1042
step: 18750/30000 | pT_loss: 0.1227 | eta_loss: 0.1411 | phi_loss: 0.0204 | energy_loss: 0.1336 | total_train_loss: 0.1044
step: 18800/30000 | pT_loss: 0.1225 | eta_loss: 0.1411 | phi_loss: 0.0204 | energy_loss: 0.1336 | total_train_loss: 0.1044
step: 18850/30000 | pT_loss: 0.1224 | eta_loss: 0.1411 | phi_loss: 0.0204 | energy_loss: 0.1334 | total_train_loss: 0.1043
step: 18900/30000 | pT_loss: 0.1224 | eta_loss: 0.1411 | phi_loss: 0.0203 | energy_loss: 0.1333 | total_train_loss: 0.1043
step: 18950/30000 | pT_loss: 0.1224 | eta_loss: 0.1411 | phi_loss: 0.0204 | energy_loss: 0.1334 | total_train_loss: 0.1043
step: 19000/30000 | pT_loss: 0.1223 | eta_loss: 0.1410 | phi_loss: 0.0204 | energy_loss: 0.1339 | total_train_loss: 0.1044
epoch: 19/30 | pT_loss: 0.1321 | eta_loss: 0.1460 | phi_loss: 0.0229 | energy_loss: 0.1457 | total_val_loss: 0.1117
step: 19050/30000 | pT_loss: 0.1169 | eta_loss: 0.1417 | phi_loss: 0.0202 | energy_loss: 0.1275 | total_train_loss: 0.1016
step: 19100/30000 | pT_loss: 0.1214 | eta_loss: 0.1413 | phi_loss: 0.0203 | energy_loss: 0.1307 | total_train_loss: 0.1034
step: 19150/30000 | pT_loss: 0.1203 | eta_loss: 0.1412 | phi_loss: 0.0204 | energy_loss: 0.1292 | total_train_loss: 0.1028
step: 19200/30000 | pT_loss: 0.1197 | eta_loss: 0.1408 | phi_loss: 0.0203 | energy_loss: 0.1297 | total_train_loss: 0.1026
step: 19250/30000 | pT_loss: 0.1199 | eta_loss: 0.1406 | phi_loss: 0.0203 | energy_loss: 0.1303 | total_train_loss: 0.1028
step: 19300/30000 | pT_loss: 0.1207 | eta_loss: 0.1405 | phi_loss: 0.0202 | energy_loss: 0.1306 | total_train_loss: 0.1030
step: 19350/30000 | pT_loss: 0.1194 | eta_loss: 0.1403 | phi_loss: 0.0202 | energy_loss: 0.1296 | total_train_loss: 0.1024
step: 19400/30000 | pT_loss: 0.1193 | eta_loss: 0.1403 | phi_loss: 0.0202 | energy_loss: 0.1287 | total_train_loss: 0.1021
step: 19450/30000 | pT_loss: 0.1191 | eta_loss: 0.1404 | phi_loss: 0.0202 | energy_loss: 0.1285 | total_train_loss: 0.1021
step: 19500/30000 | pT_loss: 0.1192 | eta_loss: 0.1405 | phi_loss: 0.0202 | energy_loss: 0.1289 | total_train_loss: 0.1022
step: 19550/30000 | pT_loss: 0.1192 | eta_loss: 0.1405 | phi_loss: 0.0203 | energy_loss: 0.1290 | total_train_loss: 0.1022
step: 19600/30000 | pT_loss: 0.1193 | eta_loss: 0.1406 | phi_loss: 0.0203 | energy_loss: 0.1288 | total_train_loss: 0.1022
step: 19650/30000 | pT_loss: 0.1193 | eta_loss: 0.1405 | phi_loss: 0.0203 | energy_loss: 0.1290 | total_train_loss: 0.1023
step: 19700/30000 | pT_loss: 0.1196 | eta_loss: 0.1404 | phi_loss: 0.0203 | energy_loss: 0.1295 | total_train_loss: 0.1024
step: 19750/30000 | pT_loss: 0.1199 | eta_loss: 0.1403 | phi_loss: 0.0203 | energy_loss: 0.1300 | total_train_loss: 0.1027
step: 19800/30000 | pT_loss: 0.1201 | eta_loss: 0.1403 | phi_loss: 0.0203 | energy_loss: 0.1304 | total_train_loss: 0.1028
step: 19850/30000 | pT_loss: 0.1203 | eta_loss: 0.1403 | phi_loss: 0.0203 | energy_loss: 0.1307 | total_train_loss: 0.1029
step: 19900/30000 | pT_loss: 0.1205 | eta_loss: 0.1403 | phi_loss: 0.0203 | energy_loss: 0.1308 | total_train_loss: 0.1030
step: 19950/30000 | pT_loss: 0.1206 | eta_loss: 0.1404 | phi_loss: 0.0203 | energy_loss: 0.1308 | total_train_loss: 0.1030
step: 20000/30000 | pT_loss: 0.1207 | eta_loss: 0.1403 | phi_loss: 0.0203 | energy_loss: 0.1308 | total_train_loss: 0.1030
epoch: 20/30 | pT_loss: 0.1209 | eta_loss: 0.1413 | phi_loss: 0.0217 | energy_loss: 0.1343 | total_val_loss: 0.1045
step: 20050/30000 | pT_loss: 0.1156 | eta_loss: 0.1400 | phi_loss: 0.0204 | energy_loss: 0.1286 | total_train_loss: 0.1012
step: 20100/30000 | pT_loss: 0.1174 | eta_loss: 0.1401 | phi_loss: 0.0203 | energy_loss: 0.1276 | total_train_loss: 0.1013
step: 20150/30000 | pT_loss: 0.1181 | eta_loss: 0.1399 | phi_loss: 0.0202 | energy_loss: 0.1275 | total_train_loss: 0.1014
step: 20200/30000 | pT_loss: 0.1192 | eta_loss: 0.1398 | phi_loss: 0.0203 | energy_loss: 0.1296 | total_train_loss: 0.1022
step: 20250/30000 | pT_loss: 0.1196 | eta_loss: 0.1399 | phi_loss: 0.0203 | energy_loss: 0.1289 | total_train_loss: 0.1022
step: 20300/30000 | pT_loss: 0.1204 | eta_loss: 0.1401 | phi_loss: 0.0203 | energy_loss: 0.1302 | total_train_loss: 0.1028
step: 20350/30000 | pT_loss: 0.1209 | eta_loss: 0.1400 | phi_loss: 0.0203 | energy_loss: 0.1311 | total_train_loss: 0.1031
step: 20400/30000 | pT_loss: 0.1209 | eta_loss: 0.1402 | phi_loss: 0.0203 | energy_loss: 0.1308 | total_train_loss: 0.1030
step: 20450/30000 | pT_loss: 0.1209 | eta_loss: 0.1403 | phi_loss: 0.0202 | energy_loss: 0.1310 | total_train_loss: 0.1031
step: 20500/30000 | pT_loss: 0.1211 | eta_loss: 0.1402 | phi_loss: 0.0202 | energy_loss: 0.1310 | total_train_loss: 0.1031
step: 20550/30000 | pT_loss: 0.1200 | eta_loss: 0.1402 | phi_loss: 0.0203 | energy_loss: 0.1303 | total_train_loss: 0.1027
step: 20600/30000 | pT_loss: 0.1197 | eta_loss: 0.1403 | phi_loss: 0.0202 | energy_loss: 0.1299 | total_train_loss: 0.1025
step: 20650/30000 | pT_loss: 0.1201 | eta_loss: 0.1403 | phi_loss: 0.0202 | energy_loss: 0.1304 | total_train_loss: 0.1027
step: 20700/30000 | pT_loss: 0.1201 | eta_loss: 0.1401 | phi_loss: 0.0202 | energy_loss: 0.1302 | total_train_loss: 0.1027
step: 20750/30000 | pT_loss: 0.1202 | eta_loss: 0.1401 | phi_loss: 0.0202 | energy_loss: 0.1303 | total_train_loss: 0.1027
step: 20800/30000 | pT_loss: 0.1204 | eta_loss: 0.1402 | phi_loss: 0.0202 | energy_loss: 0.1305 | total_train_loss: 0.1028
step: 20850/30000 | pT_loss: 0.1204 | eta_loss: 0.1401 | phi_loss: 0.0202 | energy_loss: 0.1307 | total_train_loss: 0.1028
step: 20900/30000 | pT_loss: 0.1203 | eta_loss: 0.1401 | phi_loss: 0.0202 | energy_loss: 0.1307 | total_train_loss: 0.1028
step: 20950/30000 | pT_loss: 0.1204 | eta_loss: 0.1402 | phi_loss: 0.0202 | energy_loss: 0.1311 | total_train_loss: 0.1029
step: 21000/30000 | pT_loss: 0.1202 | eta_loss: 0.1401 | phi_loss: 0.0201 | energy_loss: 0.1307 | total_train_loss: 0.1028
epoch: 21/30 | pT_loss: 0.1201 | eta_loss: 0.1434 | phi_loss: 0.0208 | energy_loss: 0.1299 | total_val_loss: 0.1036
step: 21050/30000 | pT_loss: 0.1207 | eta_loss: 0.1386 | phi_loss: 0.0201 | energy_loss: 0.1268 | total_train_loss: 0.1015
step: 21100/30000 | pT_loss: 0.1172 | eta_loss: 0.1391 | phi_loss: 0.0201 | energy_loss: 0.1278 | total_train_loss: 0.1010
step: 21150/30000 | pT_loss: 0.1190 | eta_loss: 0.1394 | phi_loss: 0.0200 | energy_loss: 0.1285 | total_train_loss: 0.1017
step: 21200/30000 | pT_loss: 0.1193 | eta_loss: 0.1394 | phi_loss: 0.0199 | energy_loss: 0.1298 | total_train_loss: 0.1021
step: 21250/30000 | pT_loss: 0.1194 | eta_loss: 0.1394 | phi_loss: 0.0199 | energy_loss: 0.1305 | total_train_loss: 0.1023
step: 21300/30000 | pT_loss: 0.1198 | eta_loss: 0.1396 | phi_loss: 0.0200 | energy_loss: 0.1317 | total_train_loss: 0.1028
step: 21350/30000 | pT_loss: 0.1190 | eta_loss: 0.1397 | phi_loss: 0.0200 | energy_loss: 0.1311 | total_train_loss: 0.1025
step: 21400/30000 | pT_loss: 0.1181 | eta_loss: 0.1397 | phi_loss: 0.0200 | energy_loss: 0.1307 | total_train_loss: 0.1021
step: 21450/30000 | pT_loss: 0.1183 | eta_loss: 0.1398 | phi_loss: 0.0200 | energy_loss: 0.1308 | total_train_loss: 0.1022
step: 21500/30000 | pT_loss: 0.1185 | eta_loss: 0.1400 | phi_loss: 0.0200 | energy_loss: 0.1306 | total_train_loss: 0.1023
step: 21550/30000 | pT_loss: 0.1182 | eta_loss: 0.1399 | phi_loss: 0.0200 | energy_loss: 0.1302 | total_train_loss: 0.1021
step: 21600/30000 | pT_loss: 0.1189 | eta_loss: 0.1399 | phi_loss: 0.0200 | energy_loss: 0.1308 | total_train_loss: 0.1024
step: 21650/30000 | pT_loss: 0.1196 | eta_loss: 0.1399 | phi_loss: 0.0200 | energy_loss: 0.1313 | total_train_loss: 0.1027
step: 21700/30000 | pT_loss: 0.1195 | eta_loss: 0.1398 | phi_loss: 0.0200 | energy_loss: 0.1315 | total_train_loss: 0.1027
step: 21750/30000 | pT_loss: 0.1194 | eta_loss: 0.1399 | phi_loss: 0.0200 | energy_loss: 0.1312 | total_train_loss: 0.1026
step: 21800/30000 | pT_loss: 0.1194 | eta_loss: 0.1398 | phi_loss: 0.0200 | energy_loss: 0.1309 | total_train_loss: 0.1025
step: 21850/30000 | pT_loss: 0.1195 | eta_loss: 0.1398 | phi_loss: 0.0200 | energy_loss: 0.1310 | total_train_loss: 0.1026
step: 21900/30000 | pT_loss: 0.1189 | eta_loss: 0.1398 | phi_loss: 0.0200 | energy_loss: 0.1304 | total_train_loss: 0.1023
step: 21950/30000 | pT_loss: 0.1189 | eta_loss: 0.1397 | phi_loss: 0.0200 | energy_loss: 0.1301 | total_train_loss: 0.1022
step: 22000/30000 | pT_loss: 0.1185 | eta_loss: 0.1396 | phi_loss: 0.0200 | energy_loss: 0.1298 | total_train_loss: 0.1020
epoch: 22/30 | pT_loss: 0.1223 | eta_loss: 0.1462 | phi_loss: 0.0224 | energy_loss: 0.1325 | total_val_loss: 0.1058
step: 22050/30000 | pT_loss: 0.1151 | eta_loss: 0.1390 | phi_loss: 0.0194 | energy_loss: 0.1288 | total_train_loss: 0.1006
step: 22100/30000 | pT_loss: 0.1149 | eta_loss: 0.1390 | phi_loss: 0.0196 | energy_loss: 0.1256 | total_train_loss: 0.0998
step: 22150/30000 | pT_loss: 0.1154 | eta_loss: 0.1392 | phi_loss: 0.0197 | energy_loss: 0.1274 | total_train_loss: 0.1004
step: 22200/30000 | pT_loss: 0.1163 | eta_loss: 0.1393 | phi_loss: 0.0197 | energy_loss: 0.1271 | total_train_loss: 0.1006
step: 22250/30000 | pT_loss: 0.1170 | eta_loss: 0.1394 | phi_loss: 0.0197 | energy_loss: 0.1283 | total_train_loss: 0.1011
step: 22300/30000 | pT_loss: 0.1179 | eta_loss: 0.1396 | phi_loss: 0.0197 | energy_loss: 0.1293 | total_train_loss: 0.1016
step: 22350/30000 | pT_loss: 0.1181 | eta_loss: 0.1395 | phi_loss: 0.0197 | energy_loss: 0.1296 | total_train_loss: 0.1017
step: 22400/30000 | pT_loss: 0.1174 | eta_loss: 0.1396 | phi_loss: 0.0197 | energy_loss: 0.1286 | total_train_loss: 0.1013
step: 22450/30000 | pT_loss: 0.1175 | eta_loss: 0.1396 | phi_loss: 0.0197 | energy_loss: 0.1282 | total_train_loss: 0.1012
step: 22500/30000 | pT_loss: 0.1178 | eta_loss: 0.1396 | phi_loss: 0.0197 | energy_loss: 0.1288 | total_train_loss: 0.1015
step: 22550/30000 | pT_loss: 0.1181 | eta_loss: 0.1395 | phi_loss: 0.0197 | energy_loss: 0.1286 | total_train_loss: 0.1015
step: 22600/30000 | pT_loss: 0.1182 | eta_loss: 0.1396 | phi_loss: 0.0197 | energy_loss: 0.1294 | total_train_loss: 0.1017
step: 22650/30000 | pT_loss: 0.1184 | eta_loss: 0.1395 | phi_loss: 0.0197 | energy_loss: 0.1291 | total_train_loss: 0.1017
step: 22700/30000 | pT_loss: 0.1186 | eta_loss: 0.1395 | phi_loss: 0.0197 | energy_loss: 0.1291 | total_train_loss: 0.1017
step: 22750/30000 | pT_loss: 0.1185 | eta_loss: 0.1393 | phi_loss: 0.0197 | energy_loss: 0.1294 | total_train_loss: 0.1017
step: 22800/30000 | pT_loss: 0.1190 | eta_loss: 0.1393 | phi_loss: 0.0197 | energy_loss: 0.1298 | total_train_loss: 0.1020
step: 22850/30000 | pT_loss: 0.1190 | eta_loss: 0.1393 | phi_loss: 0.0197 | energy_loss: 0.1300 | total_train_loss: 0.1020
step: 22900/30000 | pT_loss: 0.1191 | eta_loss: 0.1393 | phi_loss: 0.0197 | energy_loss: 0.1300 | total_train_loss: 0.1020
step: 22950/30000 | pT_loss: 0.1191 | eta_loss: 0.1393 | phi_loss: 0.0197 | energy_loss: 0.1302 | total_train_loss: 0.1021
step: 23000/30000 | pT_loss: 0.1191 | eta_loss: 0.1393 | phi_loss: 0.0197 | energy_loss: 0.1302 | total_train_loss: 0.1021
epoch: 23/30 | pT_loss: 0.1214 | eta_loss: 0.1454 | phi_loss: 0.0244 | energy_loss: 0.1340 | total_val_loss: 0.1063
step: 23050/30000 | pT_loss: 0.1164 | eta_loss: 0.1400 | phi_loss: 0.0197 | energy_loss: 0.1276 | total_train_loss: 0.1009
step: 23100/30000 | pT_loss: 0.1142 | eta_loss: 0.1395 | phi_loss: 0.0197 | energy_loss: 0.1233 | total_train_loss: 0.0992
step: 23150/30000 | pT_loss: 0.1154 | eta_loss: 0.1398 | phi_loss: 0.0197 | energy_loss: 0.1240 | total_train_loss: 0.0997
step: 23200/30000 | pT_loss: 0.1169 | eta_loss: 0.1395 | phi_loss: 0.0197 | energy_loss: 0.1244 | total_train_loss: 0.1001
step: 23250/30000 | pT_loss: 0.1167 | eta_loss: 0.1392 | phi_loss: 0.0197 | energy_loss: 0.1248 | total_train_loss: 0.1001
step: 23300/30000 | pT_loss: 0.1167 | eta_loss: 0.1392 | phi_loss: 0.0196 | energy_loss: 0.1252 | total_train_loss: 0.1002
step: 23350/30000 | pT_loss: 0.1164 | eta_loss: 0.1392 | phi_loss: 0.0196 | energy_loss: 0.1258 | total_train_loss: 0.1003
step: 23400/30000 | pT_loss: 0.1168 | eta_loss: 0.1392 | phi_loss: 0.0197 | energy_loss: 0.1263 | total_train_loss: 0.1005
step: 23450/30000 | pT_loss: 0.1177 | eta_loss: 0.1391 | phi_loss: 0.0197 | energy_loss: 0.1274 | total_train_loss: 0.1010
step: 23500/30000 | pT_loss: 0.1174 | eta_loss: 0.1392 | phi_loss: 0.0197 | energy_loss: 0.1274 | total_train_loss: 0.1009
step: 23550/30000 | pT_loss: 0.1171 | eta_loss: 0.1391 | phi_loss: 0.0197 | energy_loss: 0.1274 | total_train_loss: 0.1008
step: 23600/30000 | pT_loss: 0.1171 | eta_loss: 0.1391 | phi_loss: 0.0197 | energy_loss: 0.1272 | total_train_loss: 0.1008
step: 23650/30000 | pT_loss: 0.1171 | eta_loss: 0.1391 | phi_loss: 0.0197 | energy_loss: 0.1273 | total_train_loss: 0.1008
step: 23700/30000 | pT_loss: 0.1173 | eta_loss: 0.1391 | phi_loss: 0.0197 | energy_loss: 0.1273 | total_train_loss: 0.1008
step: 23750/30000 | pT_loss: 0.1175 | eta_loss: 0.1391 | phi_loss: 0.0197 | energy_loss: 0.1276 | total_train_loss: 0.1010
step: 23800/30000 | pT_loss: 0.1175 | eta_loss: 0.1392 | phi_loss: 0.0197 | energy_loss: 0.1275 | total_train_loss: 0.1010
step: 23850/30000 | pT_loss: 0.1180 | eta_loss: 0.1391 | phi_loss: 0.0197 | energy_loss: 0.1279 | total_train_loss: 0.1012
step: 23900/30000 | pT_loss: 0.1182 | eta_loss: 0.1392 | phi_loss: 0.0197 | energy_loss: 0.1284 | total_train_loss: 0.1014
step: 23950/30000 | pT_loss: 0.1181 | eta_loss: 0.1391 | phi_loss: 0.0197 | energy_loss: 0.1282 | total_train_loss: 0.1013
step: 24000/30000 | pT_loss: 0.1183 | eta_loss: 0.1391 | phi_loss: 0.0197 | energy_loss: 0.1283 | total_train_loss: 0.1014
epoch: 24/30 | pT_loss: 0.1212 | eta_loss: 0.1415 | phi_loss: 0.0212 | energy_loss: 0.1299 | total_val_loss: 0.1034
step: 24050/30000 | pT_loss: 0.1151 | eta_loss: 0.1386 | phi_loss: 0.0194 | energy_loss: 0.1265 | total_train_loss: 0.0999
step: 24100/30000 | pT_loss: 0.1186 | eta_loss: 0.1385 | phi_loss: 0.0195 | energy_loss: 0.1291 | total_train_loss: 0.1014
step: 24150/30000 | pT_loss: 0.1175 | eta_loss: 0.1387 | phi_loss: 0.0195 | energy_loss: 0.1287 | total_train_loss: 0.1011
step: 24200/30000 | pT_loss: 0.1194 | eta_loss: 0.1388 | phi_loss: 0.0195 | energy_loss: 0.1307 | total_train_loss: 0.1021
step: 24250/30000 | pT_loss: 0.1189 | eta_loss: 0.1389 | phi_loss: 0.0195 | energy_loss: 0.1299 | total_train_loss: 0.1018
step: 24300/30000 | pT_loss: 0.1195 | eta_loss: 0.1386 | phi_loss: 0.0195 | energy_loss: 0.1304 | total_train_loss: 0.1020
step: 24350/30000 | pT_loss: 0.1197 | eta_loss: 0.1386 | phi_loss: 0.0195 | energy_loss: 0.1303 | total_train_loss: 0.1020
step: 24400/30000 | pT_loss: 0.1200 | eta_loss: 0.1387 | phi_loss: 0.0195 | energy_loss: 0.1312 | total_train_loss: 0.1024
step: 24450/30000 | pT_loss: 0.1200 | eta_loss: 0.1387 | phi_loss: 0.0195 | energy_loss: 0.1307 | total_train_loss: 0.1022
step: 24500/30000 | pT_loss: 0.1193 | eta_loss: 0.1387 | phi_loss: 0.0195 | energy_loss: 0.1300 | total_train_loss: 0.1019
step: 24550/30000 | pT_loss: 0.1193 | eta_loss: 0.1388 | phi_loss: 0.0195 | energy_loss: 0.1298 | total_train_loss: 0.1018
step: 24600/30000 | pT_loss: 0.1197 | eta_loss: 0.1386 | phi_loss: 0.0195 | energy_loss: 0.1306 | total_train_loss: 0.1021
step: 24650/30000 | pT_loss: 0.1196 | eta_loss: 0.1387 | phi_loss: 0.0195 | energy_loss: 0.1304 | total_train_loss: 0.1020
step: 24700/30000 | pT_loss: 0.1195 | eta_loss: 0.1388 | phi_loss: 0.0195 | energy_loss: 0.1304 | total_train_loss: 0.1020
step: 24750/30000 | pT_loss: 0.1198 | eta_loss: 0.1387 | phi_loss: 0.0195 | energy_loss: 0.1307 | total_train_loss: 0.1022
step: 24800/30000 | pT_loss: 0.1201 | eta_loss: 0.1388 | phi_loss: 0.0195 | energy_loss: 0.1312 | total_train_loss: 0.1024
step: 24850/30000 | pT_loss: 0.1200 | eta_loss: 0.1388 | phi_loss: 0.0195 | energy_loss: 0.1305 | total_train_loss: 0.1022
step: 24900/30000 | pT_loss: 0.1198 | eta_loss: 0.1388 | phi_loss: 0.0195 | energy_loss: 0.1300 | total_train_loss: 0.1020
step: 24950/30000 | pT_loss: 0.1200 | eta_loss: 0.1387 | phi_loss: 0.0195 | energy_loss: 0.1302 | total_train_loss: 0.1021
step: 25000/30000 | pT_loss: 0.1200 | eta_loss: 0.1387 | phi_loss: 0.0195 | energy_loss: 0.1300 | total_train_loss: 0.1021
epoch: 25/30 | pT_loss: 0.1216 | eta_loss: 0.1431 | phi_loss: 0.0216 | energy_loss: 0.1357 | total_val_loss: 0.1055
step: 25050/30000 | pT_loss: 0.1123 | eta_loss: 0.1370 | phi_loss: 0.0194 | energy_loss: 0.1203 | total_train_loss: 0.0972
step: 25100/30000 | pT_loss: 0.1122 | eta_loss: 0.1387 | phi_loss: 0.0195 | energy_loss: 0.1213 | total_train_loss: 0.0979
step: 25150/30000 | pT_loss: 0.1125 | eta_loss: 0.1385 | phi_loss: 0.0195 | energy_loss: 0.1229 | total_train_loss: 0.0983
step: 25200/30000 | pT_loss: 0.1154 | eta_loss: 0.1384 | phi_loss: 0.0195 | energy_loss: 0.1244 | total_train_loss: 0.0994
step: 25250/30000 | pT_loss: 0.1157 | eta_loss: 0.1384 | phi_loss: 0.0195 | energy_loss: 0.1246 | total_train_loss: 0.0995
step: 25300/30000 | pT_loss: 0.1160 | eta_loss: 0.1383 | phi_loss: 0.0195 | energy_loss: 0.1252 | total_train_loss: 0.0997
step: 25350/30000 | pT_loss: 0.1159 | eta_loss: 0.1384 | phi_loss: 0.0195 | energy_loss: 0.1254 | total_train_loss: 0.0998
step: 25400/30000 | pT_loss: 0.1158 | eta_loss: 0.1384 | phi_loss: 0.0195 | energy_loss: 0.1258 | total_train_loss: 0.0999
step: 25450/30000 | pT_loss: 0.1158 | eta_loss: 0.1383 | phi_loss: 0.0194 | energy_loss: 0.1259 | total_train_loss: 0.0999
step: 25500/30000 | pT_loss: 0.1153 | eta_loss: 0.1384 | phi_loss: 0.0194 | energy_loss: 0.1256 | total_train_loss: 0.0997
step: 25550/30000 | pT_loss: 0.1152 | eta_loss: 0.1384 | phi_loss: 0.0195 | energy_loss: 0.1256 | total_train_loss: 0.0997
step: 25600/30000 | pT_loss: 0.1154 | eta_loss: 0.1384 | phi_loss: 0.0195 | energy_loss: 0.1254 | total_train_loss: 0.0997
step: 25650/30000 | pT_loss: 0.1152 | eta_loss: 0.1384 | phi_loss: 0.0195 | energy_loss: 0.1255 | total_train_loss: 0.0996
step: 25700/30000 | pT_loss: 0.1161 | eta_loss: 0.1384 | phi_loss: 0.0195 | energy_loss: 0.1261 | total_train_loss: 0.1000
step: 25750/30000 | pT_loss: 0.1162 | eta_loss: 0.1383 | phi_loss: 0.0195 | energy_loss: 0.1263 | total_train_loss: 0.1001
step: 25800/30000 | pT_loss: 0.1163 | eta_loss: 0.1383 | phi_loss: 0.0195 | energy_loss: 0.1264 | total_train_loss: 0.1001
step: 25850/30000 | pT_loss: 0.1163 | eta_loss: 0.1384 | phi_loss: 0.0195 | energy_loss: 0.1262 | total_train_loss: 0.1001
step: 25900/30000 | pT_loss: 0.1162 | eta_loss: 0.1383 | phi_loss: 0.0195 | energy_loss: 0.1262 | total_train_loss: 0.1001
step: 25950/30000 | pT_loss: 0.1162 | eta_loss: 0.1384 | phi_loss: 0.0195 | energy_loss: 0.1262 | total_train_loss: 0.1001
step: 26000/30000 | pT_loss: 0.1164 | eta_loss: 0.1384 | phi_loss: 0.0195 | energy_loss: 0.1263 | total_train_loss: 0.1001
epoch: 26/30 | pT_loss: 0.1176 | eta_loss: 0.1436 | phi_loss: 0.0217 | energy_loss: 0.1278 | total_val_loss: 0.1027
step: 26050/30000 | pT_loss: 0.1151 | eta_loss: 0.1392 | phi_loss: 0.0197 | energy_loss: 0.1322 | total_train_loss: 0.1015
step: 26100/30000 | pT_loss: 0.1155 | eta_loss: 0.1384 | phi_loss: 0.0195 | energy_loss: 0.1332 | total_train_loss: 0.1017
step: 26150/30000 | pT_loss: 0.1161 | eta_loss: 0.1383 | phi_loss: 0.0195 | energy_loss: 0.1337 | total_train_loss: 0.1019
step: 26200/30000 | pT_loss: 0.1156 | eta_loss: 0.1386 | phi_loss: 0.0195 | energy_loss: 0.1316 | total_train_loss: 0.1013
step: 26250/30000 | pT_loss: 0.1152 | eta_loss: 0.1384 | phi_loss: 0.0195 | energy_loss: 0.1306 | total_train_loss: 0.1009
step: 26300/30000 | pT_loss: 0.1152 | eta_loss: 0.1385 | phi_loss: 0.0195 | energy_loss: 0.1299 | total_train_loss: 0.1008
step: 26350/30000 | pT_loss: 0.1152 | eta_loss: 0.1384 | phi_loss: 0.0195 | energy_loss: 0.1293 | total_train_loss: 0.1006
step: 26400/30000 | pT_loss: 0.1150 | eta_loss: 0.1385 | phi_loss: 0.0195 | energy_loss: 0.1284 | total_train_loss: 0.1003
step: 26450/30000 | pT_loss: 0.1151 | eta_loss: 0.1384 | phi_loss: 0.0195 | energy_loss: 0.1285 | total_train_loss: 0.1004
step: 26500/30000 | pT_loss: 0.1156 | eta_loss: 0.1385 | phi_loss: 0.0195 | energy_loss: 0.1290 | total_train_loss: 0.1006
step: 26550/30000 | pT_loss: 0.1154 | eta_loss: 0.1384 | phi_loss: 0.0195 | energy_loss: 0.1281 | total_train_loss: 0.1003
step: 26600/30000 | pT_loss: 0.1158 | eta_loss: 0.1384 | phi_loss: 0.0195 | energy_loss: 0.1281 | total_train_loss: 0.1004
step: 26650/30000 | pT_loss: 0.1159 | eta_loss: 0.1385 | phi_loss: 0.0194 | energy_loss: 0.1280 | total_train_loss: 0.1005
step: 26700/30000 | pT_loss: 0.1164 | eta_loss: 0.1384 | phi_loss: 0.0194 | energy_loss: 0.1282 | total_train_loss: 0.1006
step: 26750/30000 | pT_loss: 0.1164 | eta_loss: 0.1384 | phi_loss: 0.0195 | energy_loss: 0.1283 | total_train_loss: 0.1006
step: 26800/30000 | pT_loss: 0.1167 | eta_loss: 0.1384 | phi_loss: 0.0194 | energy_loss: 0.1284 | total_train_loss: 0.1007
step: 26850/30000 | pT_loss: 0.1167 | eta_loss: 0.1383 | phi_loss: 0.0195 | energy_loss: 0.1283 | total_train_loss: 0.1007
step: 26900/30000 | pT_loss: 0.1165 | eta_loss: 0.1383 | phi_loss: 0.0195 | energy_loss: 0.1281 | total_train_loss: 0.1006
step: 26950/30000 | pT_loss: 0.1163 | eta_loss: 0.1383 | phi_loss: 0.0194 | energy_loss: 0.1279 | total_train_loss: 0.1005
step: 27000/30000 | pT_loss: 0.1166 | eta_loss: 0.1383 | phi_loss: 0.0194 | energy_loss: 0.1280 | total_train_loss: 0.1006
epoch: 27/30 | pT_loss: 0.1176 | eta_loss: 0.1452 | phi_loss: 0.0220 | energy_loss: 0.1307 | total_val_loss: 0.1039
step: 27050/30000 | pT_loss: 0.1144 | eta_loss: 0.1399 | phi_loss: 0.0192 | energy_loss: 0.1220 | total_train_loss: 0.0989
step: 27100/30000 | pT_loss: 0.1150 | eta_loss: 0.1387 | phi_loss: 0.0193 | energy_loss: 0.1254 | total_train_loss: 0.0996
step: 27150/30000 | pT_loss: 0.1170 | eta_loss: 0.1382 | phi_loss: 0.0193 | energy_loss: 0.1266 | total_train_loss: 0.1003
step: 27200/30000 | pT_loss: 0.1194 | eta_loss: 0.1384 | phi_loss: 0.0193 | energy_loss: 0.1278 | total_train_loss: 0.1012
step: 27250/30000 | pT_loss: 0.1199 | eta_loss: 0.1382 | phi_loss: 0.0193 | energy_loss: 0.1282 | total_train_loss: 0.1014
step: 27300/30000 | pT_loss: 0.1198 | eta_loss: 0.1385 | phi_loss: 0.0194 | energy_loss: 0.1285 | total_train_loss: 0.1016
step: 27350/30000 | pT_loss: 0.1194 | eta_loss: 0.1386 | phi_loss: 0.0194 | energy_loss: 0.1284 | total_train_loss: 0.1014
step: 27400/30000 | pT_loss: 0.1195 | eta_loss: 0.1385 | phi_loss: 0.0194 | energy_loss: 0.1284 | total_train_loss: 0.1014
step: 27450/30000 | pT_loss: 0.1185 | eta_loss: 0.1385 | phi_loss: 0.0194 | energy_loss: 0.1276 | total_train_loss: 0.1010
step: 27500/30000 | pT_loss: 0.1185 | eta_loss: 0.1386 | phi_loss: 0.0194 | energy_loss: 0.1275 | total_train_loss: 0.1010
step: 27550/30000 | pT_loss: 0.1181 | eta_loss: 0.1385 | phi_loss: 0.0194 | energy_loss: 0.1274 | total_train_loss: 0.1009
step: 27600/30000 | pT_loss: 0.1181 | eta_loss: 0.1385 | phi_loss: 0.0194 | energy_loss: 0.1274 | total_train_loss: 0.1008
step: 27650/30000 | pT_loss: 0.1175 | eta_loss: 0.1384 | phi_loss: 0.0194 | energy_loss: 0.1266 | total_train_loss: 0.1005
step: 27700/30000 | pT_loss: 0.1171 | eta_loss: 0.1384 | phi_loss: 0.0194 | energy_loss: 0.1269 | total_train_loss: 0.1005
step: 27750/30000 | pT_loss: 0.1170 | eta_loss: 0.1383 | phi_loss: 0.0194 | energy_loss: 0.1270 | total_train_loss: 0.1004
step: 27800/30000 | pT_loss: 0.1171 | eta_loss: 0.1383 | phi_loss: 0.0194 | energy_loss: 0.1276 | total_train_loss: 0.1006
step: 27850/30000 | pT_loss: 0.1173 | eta_loss: 0.1383 | phi_loss: 0.0194 | energy_loss: 0.1277 | total_train_loss: 0.1007
step: 27900/30000 | pT_loss: 0.1172 | eta_loss: 0.1383 | phi_loss: 0.0194 | energy_loss: 0.1275 | total_train_loss: 0.1006
step: 27950/30000 | pT_loss: 0.1173 | eta_loss: 0.1383 | phi_loss: 0.0194 | energy_loss: 0.1276 | total_train_loss: 0.1006
step: 28000/30000 | pT_loss: 0.1169 | eta_loss: 0.1383 | phi_loss: 0.0194 | energy_loss: 0.1273 | total_train_loss: 0.1005
epoch: 28/30 | pT_loss: 0.1184 | eta_loss: 0.1467 | phi_loss: 0.0230 | energy_loss: 0.1318 | total_val_loss: 0.1050
step: 28050/30000 | pT_loss: 0.1132 | eta_loss: 0.1386 | phi_loss: 0.0194 | energy_loss: 0.1256 | total_train_loss: 0.0992
step: 28100/30000 | pT_loss: 0.1162 | eta_loss: 0.1382 | phi_loss: 0.0192 | energy_loss: 0.1263 | total_train_loss: 0.1000
step: 28150/30000 | pT_loss: 0.1151 | eta_loss: 0.1382 | phi_loss: 0.0192 | energy_loss: 0.1247 | total_train_loss: 0.0993
step: 28200/30000 | pT_loss: 0.1161 | eta_loss: 0.1382 | phi_loss: 0.0192 | energy_loss: 0.1243 | total_train_loss: 0.0995
step: 28250/30000 | pT_loss: 0.1175 | eta_loss: 0.1383 | phi_loss: 0.0193 | energy_loss: 0.1249 | total_train_loss: 0.1000
step: 28300/30000 | pT_loss: 0.1174 | eta_loss: 0.1382 | phi_loss: 0.0193 | energy_loss: 0.1253 | total_train_loss: 0.1001
step: 28350/30000 | pT_loss: 0.1170 | eta_loss: 0.1384 | phi_loss: 0.0193 | energy_loss: 0.1254 | total_train_loss: 0.1000
step: 28400/30000 | pT_loss: 0.1174 | eta_loss: 0.1384 | phi_loss: 0.0193 | energy_loss: 0.1264 | total_train_loss: 0.1004
step: 28450/30000 | pT_loss: 0.1177 | eta_loss: 0.1384 | phi_loss: 0.0193 | energy_loss: 0.1261 | total_train_loss: 0.1004
step: 28500/30000 | pT_loss: 0.1168 | eta_loss: 0.1384 | phi_loss: 0.0193 | energy_loss: 0.1250 | total_train_loss: 0.0999
step: 28550/30000 | pT_loss: 0.1166 | eta_loss: 0.1383 | phi_loss: 0.0193 | energy_loss: 0.1254 | total_train_loss: 0.0999
step: 28600/30000 | pT_loss: 0.1163 | eta_loss: 0.1383 | phi_loss: 0.0193 | energy_loss: 0.1250 | total_train_loss: 0.0997
step: 28650/30000 | pT_loss: 0.1165 | eta_loss: 0.1384 | phi_loss: 0.0193 | energy_loss: 0.1254 | total_train_loss: 0.0999
step: 28700/30000 | pT_loss: 0.1163 | eta_loss: 0.1384 | phi_loss: 0.0193 | energy_loss: 0.1254 | total_train_loss: 0.0998
step: 28750/30000 | pT_loss: 0.1163 | eta_loss: 0.1384 | phi_loss: 0.0193 | energy_loss: 0.1255 | total_train_loss: 0.0999
step: 28800/30000 | pT_loss: 0.1161 | eta_loss: 0.1384 | phi_loss: 0.0193 | energy_loss: 0.1254 | total_train_loss: 0.0998
step: 28850/30000 | pT_loss: 0.1165 | eta_loss: 0.1383 | phi_loss: 0.0193 | energy_loss: 0.1254 | total_train_loss: 0.0999
step: 28900/30000 | pT_loss: 0.1165 | eta_loss: 0.1384 | phi_loss: 0.0193 | energy_loss: 0.1254 | total_train_loss: 0.0999
step: 28950/30000 | pT_loss: 0.1164 | eta_loss: 0.1383 | phi_loss: 0.0193 | energy_loss: 0.1254 | total_train_loss: 0.0999
step: 29000/30000 | pT_loss: 0.1165 | eta_loss: 0.1383 | phi_loss: 0.0193 | energy_loss: 0.1256 | total_train_loss: 0.0999
epoch: 29/30 | pT_loss: 0.1195 | eta_loss: 0.1495 | phi_loss: 0.0237 | energy_loss: 0.1304 | total_val_loss: 0.1058
step: 29050/30000 | pT_loss: 0.1129 | eta_loss: 0.1390 | phi_loss: 0.0196 | energy_loss: 0.1225 | total_train_loss: 0.0985
step: 29100/30000 | pT_loss: 0.1128 | eta_loss: 0.1389 | phi_loss: 0.0193 | energy_loss: 0.1226 | total_train_loss: 0.0984
step: 29150/30000 | pT_loss: 0.1172 | eta_loss: 0.1384 | phi_loss: 0.0194 | energy_loss: 0.1288 | total_train_loss: 0.1009
step: 29200/30000 | pT_loss: 0.1175 | eta_loss: 0.1381 | phi_loss: 0.0193 | energy_loss: 0.1282 | total_train_loss: 0.1008
step: 29250/30000 | pT_loss: 0.1156 | eta_loss: 0.1380 | phi_loss: 0.0194 | energy_loss: 0.1262 | total_train_loss: 0.0998
step: 29300/30000 | pT_loss: 0.1155 | eta_loss: 0.1379 | phi_loss: 0.0194 | energy_loss: 0.1263 | total_train_loss: 0.0998
step: 29350/30000 | pT_loss: 0.1156 | eta_loss: 0.1379 | phi_loss: 0.0194 | energy_loss: 0.1262 | total_train_loss: 0.0998
step: 29400/30000 | pT_loss: 0.1156 | eta_loss: 0.1379 | phi_loss: 0.0193 | energy_loss: 0.1260 | total_train_loss: 0.0997
step: 29450/30000 | pT_loss: 0.1159 | eta_loss: 0.1378 | phi_loss: 0.0193 | energy_loss: 0.1263 | total_train_loss: 0.0998
step: 29500/30000 | pT_loss: 0.1154 | eta_loss: 0.1378 | phi_loss: 0.0193 | energy_loss: 0.1257 | total_train_loss: 0.0996
step: 29550/30000 | pT_loss: 0.1151 | eta_loss: 0.1379 | phi_loss: 0.0193 | energy_loss: 0.1252 | total_train_loss: 0.0994
step: 29600/30000 | pT_loss: 0.1153 | eta_loss: 0.1379 | phi_loss: 0.0193 | energy_loss: 0.1255 | total_train_loss: 0.0995
step: 29650/30000 | pT_loss: 0.1149 | eta_loss: 0.1380 | phi_loss: 0.0193 | energy_loss: 0.1248 | total_train_loss: 0.0992
step: 29700/30000 | pT_loss: 0.1152 | eta_loss: 0.1380 | phi_loss: 0.0193 | energy_loss: 0.1248 | total_train_loss: 0.0993
step: 29750/30000 | pT_loss: 0.1152 | eta_loss: 0.1380 | phi_loss: 0.0193 | energy_loss: 0.1250 | total_train_loss: 0.0994
step: 29800/30000 | pT_loss: 0.1149 | eta_loss: 0.1380 | phi_loss: 0.0193 | energy_loss: 0.1242 | total_train_loss: 0.0991
step: 29850/30000 | pT_loss: 0.1152 | eta_loss: 0.1380 | phi_loss: 0.0193 | energy_loss: 0.1245 | total_train_loss: 0.0993
step: 29900/30000 | pT_loss: 0.1150 | eta_loss: 0.1380 | phi_loss: 0.0193 | energy_loss: 0.1248 | total_train_loss: 0.0993
step: 29950/30000 | pT_loss: 0.1152 | eta_loss: 0.1380 | phi_loss: 0.0193 | energy_loss: 0.1250 | total_train_loss: 0.0994
step: 30000/30000 | pT_loss: 0.1152 | eta_loss: 0.1381 | phi_loss: 0.0193 | energy_loss: 0.1249 | total_train_loss: 0.0994
epoch: 30/30 | pT_loss: 0.1211 | eta_loss: 0.1453 | phi_loss: 0.0222 | energy_loss: 0.1322 | total_val_loss: 0.1052

Best model saved to: ./logs/LorentzParT/best/mae_1m_ragged_seed123.pt
step: 50/60000 | train_loss: 2.2205 | train_metric: 0.1538
step: 100/60000 | train_loss: 2.1128 | train_metric: 0.1974
step: 150/60000 | train_loss: 1.9611 | train_metric: 0.2665
step: 200/60000 | train_loss: 1.8411 | train_metric: 0.3143
step: 250/60000 | train_loss: 1.7575 | train_metric: 0.3467
step: 300/60000 | train_loss: 1.6917 | train_metric: 0.3736
step: 350/60000 | train_loss: 1.6340 | train_metric: 0.3977
step: 400/60000 | train_loss: 1.5875 | train_metric: 0.4169
step: 450/60000 | train_loss: 1.5462 | train_metric: 0.4335
step: 500/60000 | train_loss: 1.5123 | train_metric: 0.4469
step: 550/60000 | train_loss: 1.4815 | train_metric: 0.4591
step: 600/60000 | train_loss: 1.4553 | train_metric: 0.4693
step: 650/60000 | train_loss: 1.4314 | train_metric: 0.4786
step: 700/60000 | train_loss: 1.4106 | train_metric: 0.4865
step: 750/60000 | train_loss: 1.3908 | train_metric: 0.4939
step: 800/60000 | train_loss: 1.3726 | train_metric: 0.5009
step: 850/60000 | train_loss: 1.3569 | train_metric: 0.5069
step: 900/60000 | train_loss: 1.3415 | train_metric: 0.5127
step: 950/60000 | train_loss: 1.3283 | train_metric: 0.5176
step: 1000/60000 | train_loss: 1.3162 | train_metric: 0.5223
epoch: 1/60 | val_loss: 1.0818 | val_metric: 0.6146
step: 1050/60000 | train_loss: 1.0902 | train_metric: 0.6066
step: 1100/60000 | train_loss: 1.0808 | train_metric: 0.6102
step: 1150/60000 | train_loss: 1.0790 | train_metric: 0.6108
step: 1200/60000 | train_loss: 1.0731 | train_metric: 0.6130
step: 1250/60000 | train_loss: 1.0686 | train_metric: 0.6143
step: 1300/60000 | train_loss: 1.0679 | train_metric: 0.6146
step: 1350/60000 | train_loss: 1.0661 | train_metric: 0.6153
step: 1400/60000 | train_loss: 1.0636 | train_metric: 0.6165
step: 1450/60000 | train_loss: 1.0609 | train_metric: 0.6177
step: 1500/60000 | train_loss: 1.0583 | train_metric: 0.6188
step: 1550/60000 | train_loss: 1.0557 | train_metric: 0.6196
step: 1600/60000 | train_loss: 1.0538 | train_metric: 0.6202
step: 1650/60000 | train_loss: 1.0508 | train_metric: 0.6214
step: 1700/60000 | train_loss: 1.0481 | train_metric: 0.6225
step: 1750/60000 | train_loss: 1.0472 | train_metric: 0.6229
step: 1800/60000 | train_loss: 1.0448 | train_metric: 0.6239
step: 1850/60000 | train_loss: 1.0430 | train_metric: 0.6246
step: 1900/60000 | train_loss: 1.0417 | train_metric: 0.6251
step: 1950/60000 | train_loss: 1.0400 | train_metric: 0.6258
step: 2000/60000 | train_loss: 1.0384 | train_metric: 0.6265
epoch: 2/60 | val_loss: 1.0420 | val_metric: 0.6291
step: 2050/60000 | train_loss: 0.9913 | train_metric: 0.6460
step: 2100/60000 | train_loss: 0.9874 | train_metric: 0.6479
step: 2150/60000 | train_loss: 0.9904 | train_metric: 0.6466
step: 2200/60000 | train_loss: 0.9895 | train_metric: 0.6464
step: 2250/60000 | train_loss: 0.9893 | train_metric: 0.6461
step: 2300/60000 | train_loss: 0.9909 | train_metric: 0.6455
step: 2350/60000 | train_loss: 0.9917 | train_metric: 0.6453
step: 2400/60000 | train_loss: 0.9896 | train_metric: 0.6462
step: 2450/60000 | train_loss: 0.9907 | train_metric: 0.6457
step: 2500/60000 | train_loss: 0.9888 | train_metric: 0.6465
step: 2550/60000 | train_loss: 0.9872 | train_metric: 0.6471
step: 2600/60000 | train_loss: 0.9860 | train_metric: 0.6473
step: 2650/60000 | train_loss: 0.9850 | train_metric: 0.6477
step: 2700/60000 | train_loss: 0.9843 | train_metric: 0.6481
step: 2750/60000 | train_loss: 0.9835 | train_metric: 0.6485
step: 2800/60000 | train_loss: 0.9819 | train_metric: 0.6493
step: 2850/60000 | train_loss: 0.9809 | train_metric: 0.6495
step: 2900/60000 | train_loss: 0.9803 | train_metric: 0.6497
step: 2950/60000 | train_loss: 0.9785 | train_metric: 0.6503
step: 3000/60000 | train_loss: 0.9777 | train_metric: 0.6506
epoch: 3/60 | val_loss: 0.9730 | val_metric: 0.6534
step: 3050/60000 | train_loss: 0.9687 | train_metric: 0.6511
step: 3100/60000 | train_loss: 0.9645 | train_metric: 0.6532
step: 3150/60000 | train_loss: 0.9604 | train_metric: 0.6562
step: 3200/60000 | train_loss: 0.9579 | train_metric: 0.6577
step: 3250/60000 | train_loss: 0.9571 | train_metric: 0.6577
step: 3300/60000 | train_loss: 0.9560 | train_metric: 0.6580
step: 3350/60000 | train_loss: 0.9550 | train_metric: 0.6584
step: 3400/60000 | train_loss: 0.9545 | train_metric: 0.6587
step: 3450/60000 | train_loss: 0.9540 | train_metric: 0.6587
step: 3500/60000 | train_loss: 0.9528 | train_metric: 0.6591
step: 3550/60000 | train_loss: 0.9523 | train_metric: 0.6594
step: 3600/60000 | train_loss: 0.9524 | train_metric: 0.6594
step: 3650/60000 | train_loss: 0.9516 | train_metric: 0.6597
step: 3700/60000 | train_loss: 0.9519 | train_metric: 0.6597
step: 3750/60000 | train_loss: 0.9514 | train_metric: 0.6598
step: 3800/60000 | train_loss: 0.9514 | train_metric: 0.6599
step: 3850/60000 | train_loss: 0.9507 | train_metric: 0.6601
step: 3900/60000 | train_loss: 0.9503 | train_metric: 0.6603
step: 3950/60000 | train_loss: 0.9504 | train_metric: 0.6602
step: 4000/60000 | train_loss: 0.9502 | train_metric: 0.6602
epoch: 4/60 | val_loss: 0.9524 | val_metric: 0.6627
step: 4050/60000 | train_loss: 0.9438 | train_metric: 0.6621
step: 4100/60000 | train_loss: 0.9397 | train_metric: 0.6648
step: 4150/60000 | train_loss: 0.9393 | train_metric: 0.6639
step: 4200/60000 | train_loss: 0.9381 | train_metric: 0.6649
step: 4250/60000 | train_loss: 0.9396 | train_metric: 0.6642
step: 4300/60000 | train_loss: 0.9393 | train_metric: 0.6642
step: 4350/60000 | train_loss: 0.9385 | train_metric: 0.6645
step: 4400/60000 | train_loss: 0.9398 | train_metric: 0.6640
step: 4450/60000 | train_loss: 0.9397 | train_metric: 0.6638
step: 4500/60000 | train_loss: 0.9392 | train_metric: 0.6642
step: 4550/60000 | train_loss: 0.9385 | train_metric: 0.6645
step: 4600/60000 | train_loss: 0.9377 | train_metric: 0.6648
step: 4650/60000 | train_loss: 0.9371 | train_metric: 0.6649
step: 4700/60000 | train_loss: 0.9368 | train_metric: 0.6651
step: 4750/60000 | train_loss: 0.9360 | train_metric: 0.6654
step: 4800/60000 | train_loss: 0.9363 | train_metric: 0.6653
step: 4850/60000 | train_loss: 0.9356 | train_metric: 0.6655
step: 4900/60000 | train_loss: 0.9350 | train_metric: 0.6657
step: 4950/60000 | train_loss: 0.9349 | train_metric: 0.6657
step: 5000/60000 | train_loss: 0.9347 | train_metric: 0.6657
epoch: 5/60 | val_loss: 0.9207 | val_metric: 0.6726
step: 5050/60000 | train_loss: 0.9262 | train_metric: 0.6675
step: 5100/60000 | train_loss: 0.9240 | train_metric: 0.6687
step: 5150/60000 | train_loss: 0.9256 | train_metric: 0.6683
step: 5200/60000 | train_loss: 0.9253 | train_metric: 0.6692
step: 5250/60000 | train_loss: 0.9261 | train_metric: 0.6691
step: 5300/60000 | train_loss: 0.9265 | train_metric: 0.6689
step: 5350/60000 | train_loss: 0.9252 | train_metric: 0.6693
step: 5400/60000 | train_loss: 0.9249 | train_metric: 0.6693
step: 5450/60000 | train_loss: 0.9241 | train_metric: 0.6693
step: 5500/60000 | train_loss: 0.9240 | train_metric: 0.6696
step: 5550/60000 | train_loss: 0.9245 | train_metric: 0.6694
step: 5600/60000 | train_loss: 0.9243 | train_metric: 0.6695
step: 5650/60000 | train_loss: 0.9238 | train_metric: 0.6697
step: 5700/60000 | train_loss: 0.9240 | train_metric: 0.6697
step: 5750/60000 | train_loss: 0.9242 | train_metric: 0.6696
step: 5800/60000 | train_loss: 0.9239 | train_metric: 0.6699
step: 5850/60000 | train_loss: 0.9234 | train_metric: 0.6701
step: 5900/60000 | train_loss: 0.9230 | train_metric: 0.6702
step: 5950/60000 | train_loss: 0.9230 | train_metric: 0.6701
step: 6000/60000 | train_loss: 0.9228 | train_metric: 0.6702
epoch: 6/60 | val_loss: 0.9592 | val_metric: 0.6564
step: 6050/60000 | train_loss: 0.9145 | train_metric: 0.6735
step: 6100/60000 | train_loss: 0.9141 | train_metric: 0.6730
step: 6150/60000 | train_loss: 0.9151 | train_metric: 0.6724
step: 6200/60000 | train_loss: 0.9131 | train_metric: 0.6734
step: 6250/60000 | train_loss: 0.9129 | train_metric: 0.6733
step: 6300/60000 | train_loss: 0.9137 | train_metric: 0.6731
step: 6350/60000 | train_loss: 0.9138 | train_metric: 0.6730
step: 6400/60000 | train_loss: 0.9143 | train_metric: 0.6728
step: 6450/60000 | train_loss: 0.9142 | train_metric: 0.6726
step: 6500/60000 | train_loss: 0.9152 | train_metric: 0.6723
step: 6550/60000 | train_loss: 0.9146 | train_metric: 0.6726
step: 6600/60000 | train_loss: 0.9139 | train_metric: 0.6729
step: 6650/60000 | train_loss: 0.9144 | train_metric: 0.6730
step: 6700/60000 | train_loss: 0.9141 | train_metric: 0.6731
step: 6750/60000 | train_loss: 0.9139 | train_metric: 0.6730
step: 6800/60000 | train_loss: 0.9137 | train_metric: 0.6733
step: 6850/60000 | train_loss: 0.9139 | train_metric: 0.6734
step: 6900/60000 | train_loss: 0.9138 | train_metric: 0.6735
step: 6950/60000 | train_loss: 0.9140 | train_metric: 0.6735
step: 7000/60000 | train_loss: 0.9137 | train_metric: 0.6736
epoch: 7/60 | val_loss: 0.9200 | val_metric: 0.6715
step: 7050/60000 | train_loss: 0.9041 | train_metric: 0.6775
step: 7100/60000 | train_loss: 0.9054 | train_metric: 0.6781
step: 7150/60000 | train_loss: 0.9067 | train_metric: 0.6767
step: 7200/60000 | train_loss: 0.9086 | train_metric: 0.6754
step: 7250/60000 | train_loss: 0.9087 | train_metric: 0.6754
step: 7300/60000 | train_loss: 0.9104 | train_metric: 0.6747
step: 7350/60000 | train_loss: 0.9104 | train_metric: 0.6748
step: 7400/60000 | train_loss: 0.9089 | train_metric: 0.6755
step: 7450/60000 | train_loss: 0.9088 | train_metric: 0.6755
step: 7500/60000 | train_loss: 0.9084 | train_metric: 0.6755
step: 7550/60000 | train_loss: 0.9078 | train_metric: 0.6757
step: 7600/60000 | train_loss: 0.9079 | train_metric: 0.6756
step: 7650/60000 | train_loss: 0.9077 | train_metric: 0.6755
step: 7700/60000 | train_loss: 0.9072 | train_metric: 0.6756
step: 7750/60000 | train_loss: 0.9066 | train_metric: 0.6758
step: 7800/60000 | train_loss: 0.9066 | train_metric: 0.6758
step: 7850/60000 | train_loss: 0.9060 | train_metric: 0.6760
step: 7900/60000 | train_loss: 0.9057 | train_metric: 0.6762
step: 7950/60000 | train_loss: 0.9055 | train_metric: 0.6763
step: 8000/60000 | train_loss: 0.9057 | train_metric: 0.6763
epoch: 8/60 | val_loss: 0.8996 | val_metric: 0.6799
step: 8050/60000 | train_loss: 0.8959 | train_metric: 0.6794
step: 8100/60000 | train_loss: 0.8984 | train_metric: 0.6788
step: 8150/60000 | train_loss: 0.8989 | train_metric: 0.6782
step: 8200/60000 | train_loss: 0.8975 | train_metric: 0.6786
step: 8250/60000 | train_loss: 0.8971 | train_metric: 0.6787
step: 8300/60000 | train_loss: 0.8967 | train_metric: 0.6789
step: 8350/60000 | train_loss: 0.8955 | train_metric: 0.6793
step: 8400/60000 | train_loss: 0.8960 | train_metric: 0.6791
step: 8450/60000 | train_loss: 0.8954 | train_metric: 0.6796
step: 8500/60000 | train_loss: 0.8962 | train_metric: 0.6794
step: 8550/60000 | train_loss: 0.8972 | train_metric: 0.6789
step: 8600/60000 | train_loss: 0.8975 | train_metric: 0.6789
step: 8650/60000 | train_loss: 0.8976 | train_metric: 0.6788
step: 8700/60000 | train_loss: 0.8975 | train_metric: 0.6790
step: 8750/60000 | train_loss: 0.8976 | train_metric: 0.6790
step: 8800/60000 | train_loss: 0.8972 | train_metric: 0.6791
step: 8850/60000 | train_loss: 0.8978 | train_metric: 0.6787
step: 8900/60000 | train_loss: 0.8977 | train_metric: 0.6787
step: 8950/60000 | train_loss: 0.8978 | train_metric: 0.6788
step: 9000/60000 | train_loss: 0.8979 | train_metric: 0.6788
epoch: 9/60 | val_loss: 0.8927 | val_metric: 0.6826
step: 9050/60000 | train_loss: 0.8885 | train_metric: 0.6833
step: 9100/60000 | train_loss: 0.8893 | train_metric: 0.6815
step: 9150/60000 | train_loss: 0.8911 | train_metric: 0.6806
step: 9200/60000 | train_loss: 0.8931 | train_metric: 0.6799
step: 9250/60000 | train_loss: 0.8917 | train_metric: 0.6804
step: 9300/60000 | train_loss: 0.8916 | train_metric: 0.6805
step: 9350/60000 | train_loss: 0.8913 | train_metric: 0.6807
step: 9400/60000 | train_loss: 0.8909 | train_metric: 0.6811
step: 9450/60000 | train_loss: 0.8905 | train_metric: 0.6811
step: 9500/60000 | train_loss: 0.8917 | train_metric: 0.6806
step: 9550/60000 | train_loss: 0.8925 | train_metric: 0.6806
step: 9600/60000 | train_loss: 0.8921 | train_metric: 0.6808
step: 9650/60000 | train_loss: 0.8919 | train_metric: 0.6810
step: 9700/60000 | train_loss: 0.8921 | train_metric: 0.6809
step: 9750/60000 | train_loss: 0.8924 | train_metric: 0.6808
step: 9800/60000 | train_loss: 0.8927 | train_metric: 0.6808
step: 9850/60000 | train_loss: 0.8925 | train_metric: 0.6809
step: 9900/60000 | train_loss: 0.8924 | train_metric: 0.6809
step: 9950/60000 | train_loss: 0.8919 | train_metric: 0.6812
step: 10000/60000 | train_loss: 0.8925 | train_metric: 0.6809
epoch: 10/60 | val_loss: 0.8907 | val_metric: 0.6819
step: 10050/60000 | train_loss: 0.8860 | train_metric: 0.6817
step: 10100/60000 | train_loss: 0.8876 | train_metric: 0.6812
step: 10150/60000 | train_loss: 0.8885 | train_metric: 0.6815
step: 10200/60000 | train_loss: 0.8882 | train_metric: 0.6815
step: 10250/60000 | train_loss: 0.8876 | train_metric: 0.6823
step: 10300/60000 | train_loss: 0.8877 | train_metric: 0.6823
step: 10350/60000 | train_loss: 0.8873 | train_metric: 0.6824
step: 10400/60000 | train_loss: 0.8883 | train_metric: 0.6818
step: 10450/60000 | train_loss: 0.8875 | train_metric: 0.6823
step: 10500/60000 | train_loss: 0.8877 | train_metric: 0.6824
step: 10550/60000 | train_loss: 0.8872 | train_metric: 0.6826
step: 10600/60000 | train_loss: 0.8867 | train_metric: 0.6831
step: 10650/60000 | train_loss: 0.8866 | train_metric: 0.6831
step: 10700/60000 | train_loss: 0.8872 | train_metric: 0.6829
step: 10750/60000 | train_loss: 0.8880 | train_metric: 0.6827
step: 10800/60000 | train_loss: 0.8884 | train_metric: 0.6825
step: 10850/60000 | train_loss: 0.8885 | train_metric: 0.6824
step: 10900/60000 | train_loss: 0.8885 | train_metric: 0.6825
step: 10950/60000 | train_loss: 0.8884 | train_metric: 0.6825
step: 11000/60000 | train_loss: 0.8883 | train_metric: 0.6824
epoch: 11/60 | val_loss: 0.8970 | val_metric: 0.6802
step: 11050/60000 | train_loss: 0.8816 | train_metric: 0.6829
step: 11100/60000 | train_loss: 0.8838 | train_metric: 0.6828
step: 11150/60000 | train_loss: 0.8840 | train_metric: 0.6831
step: 11200/60000 | train_loss: 0.8855 | train_metric: 0.6826
step: 11250/60000 | train_loss: 0.8856 | train_metric: 0.6829
step: 11300/60000 | train_loss: 0.8845 | train_metric: 0.6831
step: 11350/60000 | train_loss: 0.8841 | train_metric: 0.6834
step: 11400/60000 | train_loss: 0.8839 | train_metric: 0.6835
step: 11450/60000 | train_loss: 0.8838 | train_metric: 0.6837
step: 11500/60000 | train_loss: 0.8840 | train_metric: 0.6836
step: 11550/60000 | train_loss: 0.8841 | train_metric: 0.6836
step: 11600/60000 | train_loss: 0.8843 | train_metric: 0.6835
step: 11650/60000 | train_loss: 0.8842 | train_metric: 0.6835
step: 11700/60000 | train_loss: 0.8840 | train_metric: 0.6835
step: 11750/60000 | train_loss: 0.8845 | train_metric: 0.6835
step: 11800/60000 | train_loss: 0.8842 | train_metric: 0.6835
step: 11850/60000 | train_loss: 0.8845 | train_metric: 0.6836
step: 11900/60000 | train_loss: 0.8844 | train_metric: 0.6835
step: 11950/60000 | train_loss: 0.8844 | train_metric: 0.6834
step: 12000/60000 | train_loss: 0.8846 | train_metric: 0.6833
epoch: 12/60 | val_loss: 0.8897 | val_metric: 0.6838
step: 12050/60000 | train_loss: 0.8703 | train_metric: 0.6893
step: 12100/60000 | train_loss: 0.8748 | train_metric: 0.6861
step: 12150/60000 | train_loss: 0.8773 | train_metric: 0.6859
step: 12200/60000 | train_loss: 0.8774 | train_metric: 0.6863
step: 12250/60000 | train_loss: 0.8782 | train_metric: 0.6859
step: 12300/60000 | train_loss: 0.8788 | train_metric: 0.6858
step: 12350/60000 | train_loss: 0.8796 | train_metric: 0.6856
step: 12400/60000 | train_loss: 0.8798 | train_metric: 0.6859
step: 12450/60000 | train_loss: 0.8801 | train_metric: 0.6855
step: 12500/60000 | train_loss: 0.8793 | train_metric: 0.6858
step: 12550/60000 | train_loss: 0.8792 | train_metric: 0.6859
step: 12600/60000 | train_loss: 0.8791 | train_metric: 0.6858
step: 12650/60000 | train_loss: 0.8793 | train_metric: 0.6857
step: 12700/60000 | train_loss: 0.8798 | train_metric: 0.6854
step: 12750/60000 | train_loss: 0.8798 | train_metric: 0.6854
step: 12800/60000 | train_loss: 0.8797 | train_metric: 0.6855
step: 12850/60000 | train_loss: 0.8803 | train_metric: 0.6851
step: 12900/60000 | train_loss: 0.8804 | train_metric: 0.6852
step: 12950/60000 | train_loss: 0.8801 | train_metric: 0.6853
step: 13000/60000 | train_loss: 0.8800 | train_metric: 0.6852
epoch: 13/60 | val_loss: 0.8903 | val_metric: 0.6818
step: 13050/60000 | train_loss: 0.8699 | train_metric: 0.6874
step: 13100/60000 | train_loss: 0.8710 | train_metric: 0.6881
step: 13150/60000 | train_loss: 0.8717 | train_metric: 0.6881
step: 13200/60000 | train_loss: 0.8710 | train_metric: 0.6885
step: 13250/60000 | train_loss: 0.8718 | train_metric: 0.6879
step: 13300/60000 | train_loss: 0.8740 | train_metric: 0.6872
step: 13350/60000 | train_loss: 0.8738 | train_metric: 0.6872
step: 13400/60000 | train_loss: 0.8740 | train_metric: 0.6867
step: 13450/60000 | train_loss: 0.8730 | train_metric: 0.6871
step: 13500/60000 | train_loss: 0.8737 | train_metric: 0.6869
step: 13550/60000 | train_loss: 0.8727 | train_metric: 0.6875
step: 13600/60000 | train_loss: 0.8731 | train_metric: 0.6873
step: 13650/60000 | train_loss: 0.8746 | train_metric: 0.6869
step: 13700/60000 | train_loss: 0.8745 | train_metric: 0.6870
step: 13750/60000 | train_loss: 0.8749 | train_metric: 0.6868
step: 13800/60000 | train_loss: 0.8755 | train_metric: 0.6865
step: 13850/60000 | train_loss: 0.8754 | train_metric: 0.6866
step: 13900/60000 | train_loss: 0.8758 | train_metric: 0.6865
step: 13950/60000 | train_loss: 0.8763 | train_metric: 0.6863
step: 14000/60000 | train_loss: 0.8764 | train_metric: 0.6863
epoch: 14/60 | val_loss: 0.8817 | val_metric: 0.6864
step: 14050/60000 | train_loss: 0.8689 | train_metric: 0.6902
step: 14100/60000 | train_loss: 0.8645 | train_metric: 0.6913
step: 14150/60000 | train_loss: 0.8681 | train_metric: 0.6898
step: 14200/60000 | train_loss: 0.8699 | train_metric: 0.6887
step: 14250/60000 | train_loss: 0.8709 | train_metric: 0.6880
step: 14300/60000 | train_loss: 0.8693 | train_metric: 0.6887
step: 14350/60000 | train_loss: 0.8691 | train_metric: 0.6890
step: 14400/60000 | train_loss: 0.8708 | train_metric: 0.6884
step: 14450/60000 | train_loss: 0.8706 | train_metric: 0.6885
step: 14500/60000 | train_loss: 0.8710 | train_metric: 0.6883
step: 14550/60000 | train_loss: 0.8713 | train_metric: 0.6881
step: 14600/60000 | train_loss: 0.8717 | train_metric: 0.6881
step: 14650/60000 | train_loss: 0.8715 | train_metric: 0.6880
step: 14700/60000 | train_loss: 0.8715 | train_metric: 0.6880
step: 14750/60000 | train_loss: 0.8719 | train_metric: 0.6879
step: 14800/60000 | train_loss: 0.8721 | train_metric: 0.6879
step: 14850/60000 | train_loss: 0.8717 | train_metric: 0.6881
step: 14900/60000 | train_loss: 0.8714 | train_metric: 0.6882
step: 14950/60000 | train_loss: 0.8717 | train_metric: 0.6881
step: 15000/60000 | train_loss: 0.8720 | train_metric: 0.6879
epoch: 15/60 | val_loss: 0.8935 | val_metric: 0.6823
step: 15050/60000 | train_loss: 0.8646 | train_metric: 0.6903
step: 15100/60000 | train_loss: 0.8635 | train_metric: 0.6913
step: 15150/60000 | train_loss: 0.8628 | train_metric: 0.6908
step: 15200/60000 | train_loss: 0.8632 | train_metric: 0.6905
step: 15250/60000 | train_loss: 0.8632 | train_metric: 0.6902
step: 15300/60000 | train_loss: 0.8630 | train_metric: 0.6903
step: 15350/60000 | train_loss: 0.8637 | train_metric: 0.6901
step: 15400/60000 | train_loss: 0.8643 | train_metric: 0.6901
step: 15450/60000 | train_loss: 0.8637 | train_metric: 0.6903
step: 15500/60000 | train_loss: 0.8642 | train_metric: 0.6901
step: 15550/60000 | train_loss: 0.8644 | train_metric: 0.6900
step: 15600/60000 | train_loss: 0.8659 | train_metric: 0.6896
step: 15650/60000 | train_loss: 0.8660 | train_metric: 0.6896
step: 15700/60000 | train_loss: 0.8663 | train_metric: 0.6895
step: 15750/60000 | train_loss: 0.8663 | train_metric: 0.6894
step: 15800/60000 | train_loss: 0.8669 | train_metric: 0.6894
step: 15850/60000 | train_loss: 0.8667 | train_metric: 0.6895
step: 15900/60000 | train_loss: 0.8669 | train_metric: 0.6894
step: 15950/60000 | train_loss: 0.8676 | train_metric: 0.6893
step: 16000/60000 | train_loss: 0.8677 | train_metric: 0.6892
epoch: 16/60 | val_loss: 0.8858 | val_metric: 0.6842
step: 16050/60000 | train_loss: 0.8508 | train_metric: 0.6968
step: 16100/60000 | train_loss: 0.8626 | train_metric: 0.6914
step: 16150/60000 | train_loss: 0.8636 | train_metric: 0.6907
step: 16200/60000 | train_loss: 0.8641 | train_metric: 0.6903
step: 16250/60000 | train_loss: 0.8629 | train_metric: 0.6905
step: 16300/60000 | train_loss: 0.8626 | train_metric: 0.6907
step: 16350/60000 | train_loss: 0.8628 | train_metric: 0.6906
step: 16400/60000 | train_loss: 0.8628 | train_metric: 0.6904
step: 16450/60000 | train_loss: 0.8629 | train_metric: 0.6907
step: 16500/60000 | train_loss: 0.8635 | train_metric: 0.6903
step: 16550/60000 | train_loss: 0.8644 | train_metric: 0.6901
step: 16600/60000 | train_loss: 0.8638 | train_metric: 0.6903
step: 16650/60000 | train_loss: 0.8646 | train_metric: 0.6903
step: 16700/60000 | train_loss: 0.8644 | train_metric: 0.6903
step: 16750/60000 | train_loss: 0.8643 | train_metric: 0.6904
step: 16800/60000 | train_loss: 0.8645 | train_metric: 0.6902
step: 16850/60000 | train_loss: 0.8645 | train_metric: 0.6901
step: 16900/60000 | train_loss: 0.8644 | train_metric: 0.6902
step: 16950/60000 | train_loss: 0.8642 | train_metric: 0.6903
step: 17000/60000 | train_loss: 0.8640 | train_metric: 0.6905
epoch: 17/60 | val_loss: 0.8827 | val_metric: 0.6863
step: 17050/60000 | train_loss: 0.8605 | train_metric: 0.6910
step: 17100/60000 | train_loss: 0.8628 | train_metric: 0.6903
step: 17150/60000 | train_loss: 0.8589 | train_metric: 0.6913
step: 17200/60000 | train_loss: 0.8583 | train_metric: 0.6914
step: 17250/60000 | train_loss: 0.8578 | train_metric: 0.6916
step: 17300/60000 | train_loss: 0.8579 | train_metric: 0.6914
step: 17350/60000 | train_loss: 0.8587 | train_metric: 0.6914
step: 17400/60000 | train_loss: 0.8583 | train_metric: 0.6915
step: 17450/60000 | train_loss: 0.8582 | train_metric: 0.6915
step: 17500/60000 | train_loss: 0.8592 | train_metric: 0.6914
step: 17550/60000 | train_loss: 0.8590 | train_metric: 0.6917
step: 17600/60000 | train_loss: 0.8592 | train_metric: 0.6918
step: 17650/60000 | train_loss: 0.8594 | train_metric: 0.6919
step: 17700/60000 | train_loss: 0.8599 | train_metric: 0.6918
step: 17750/60000 | train_loss: 0.8596 | train_metric: 0.6919
step: 17800/60000 | train_loss: 0.8594 | train_metric: 0.6920
step: 17850/60000 | train_loss: 0.8595 | train_metric: 0.6918
step: 17900/60000 | train_loss: 0.8594 | train_metric: 0.6919
step: 17950/60000 | train_loss: 0.8595 | train_metric: 0.6919
step: 18000/60000 | train_loss: 0.8604 | train_metric: 0.6916
epoch: 18/60 | val_loss: 0.8891 | val_metric: 0.6832
step: 18050/60000 | train_loss: 0.8552 | train_metric: 0.6948
step: 18100/60000 | train_loss: 0.8551 | train_metric: 0.6942
step: 18150/60000 | train_loss: 0.8537 | train_metric: 0.6947
step: 18200/60000 | train_loss: 0.8522 | train_metric: 0.6956
step: 18250/60000 | train_loss: 0.8516 | train_metric: 0.6955
step: 18300/60000 | train_loss: 0.8534 | train_metric: 0.6946
step: 18350/60000 | train_loss: 0.8534 | train_metric: 0.6942
step: 18400/60000 | train_loss: 0.8545 | train_metric: 0.6940
step: 18450/60000 | train_loss: 0.8548 | train_metric: 0.6937
step: 18500/60000 | train_loss: 0.8544 | train_metric: 0.6937
step: 18550/60000 | train_loss: 0.8549 | train_metric: 0.6935
step: 18600/60000 | train_loss: 0.8551 | train_metric: 0.6932
step: 18650/60000 | train_loss: 0.8556 | train_metric: 0.6932
step: 18700/60000 | train_loss: 0.8552 | train_metric: 0.6933
step: 18750/60000 | train_loss: 0.8552 | train_metric: 0.6932
step: 18800/60000 | train_loss: 0.8552 | train_metric: 0.6933
step: 18850/60000 | train_loss: 0.8554 | train_metric: 0.6932
step: 18900/60000 | train_loss: 0.8550 | train_metric: 0.6934
step: 18950/60000 | train_loss: 0.8552 | train_metric: 0.6933
step: 19000/60000 | train_loss: 0.8557 | train_metric: 0.6932
epoch: 19/60 | val_loss: 0.8896 | val_metric: 0.6845
step: 19050/60000 | train_loss: 0.8425 | train_metric: 0.6971
step: 19100/60000 | train_loss: 0.8442 | train_metric: 0.6960
step: 19150/60000 | train_loss: 0.8491 | train_metric: 0.6947
step: 19200/60000 | train_loss: 0.8480 | train_metric: 0.6955
step: 19250/60000 | train_loss: 0.8495 | train_metric: 0.6951
step: 19300/60000 | train_loss: 0.8488 | train_metric: 0.6955
step: 19350/60000 | train_loss: 0.8488 | train_metric: 0.6956
step: 19400/60000 | train_loss: 0.8485 | train_metric: 0.6956
step: 19450/60000 | train_loss: 0.8490 | train_metric: 0.6953
step: 19500/60000 | train_loss: 0.8493 | train_metric: 0.6952
step: 19550/60000 | train_loss: 0.8496 | train_metric: 0.6952
step: 19600/60000 | train_loss: 0.8497 | train_metric: 0.6950
step: 19650/60000 | train_loss: 0.8498 | train_metric: 0.6949
step: 19700/60000 | train_loss: 0.8503 | train_metric: 0.6947
step: 19750/60000 | train_loss: 0.8502 | train_metric: 0.6949
step: 19800/60000 | train_loss: 0.8502 | train_metric: 0.6950
step: 19850/60000 | train_loss: 0.8510 | train_metric: 0.6946
step: 19900/60000 | train_loss: 0.8512 | train_metric: 0.6946
step: 19950/60000 | train_loss: 0.8513 | train_metric: 0.6945
step: 20000/60000 | train_loss: 0.8514 | train_metric: 0.6947
epoch: 20/60 | val_loss: 0.8849 | val_metric: 0.6860
Early stopping at epoch 20. Best val_loss: 0.8817

Best fine-tuned model saved to: ./logs/LorentzParT/best/jepa_1m_ragged_bestft_seed123.pt
Final val accuracy: 0.6864
step: 50/60000 | train_loss: 2.1297 | train_metric: 0.1959
step: 100/60000 | train_loss: 1.9145 | train_metric: 0.2818
step: 150/60000 | train_loss: 1.7414 | train_metric: 0.3553
step: 200/60000 | train_loss: 1.6239 | train_metric: 0.4027
step: 250/60000 | train_loss: 1.5420 | train_metric: 0.4353
step: 300/60000 | train_loss: 1.4791 | train_metric: 0.4596
step: 350/60000 | train_loss: 1.4305 | train_metric: 0.4785
step: 400/60000 | train_loss: 1.3948 | train_metric: 0.4921
step: 450/60000 | train_loss: 1.3626 | train_metric: 0.5044
step: 500/60000 | train_loss: 1.3371 | train_metric: 0.5144
step: 550/60000 | train_loss: 1.3143 | train_metric: 0.5230
step: 600/60000 | train_loss: 1.2954 | train_metric: 0.5303
step: 650/60000 | train_loss: 1.2783 | train_metric: 0.5369
step: 700/60000 | train_loss: 1.2630 | train_metric: 0.5426
step: 750/60000 | train_loss: 1.2501 | train_metric: 0.5473
step: 800/60000 | train_loss: 1.2378 | train_metric: 0.5521
step: 850/60000 | train_loss: 1.2264 | train_metric: 0.5565
step: 900/60000 | train_loss: 1.2156 | train_metric: 0.5606
step: 950/60000 | train_loss: 1.2062 | train_metric: 0.5642
step: 1000/60000 | train_loss: 1.1975 | train_metric: 0.5676
epoch: 1/60 | val_loss: 1.0872 | val_metric: 0.6127
step: 1050/60000 | train_loss: 1.0286 | train_metric: 0.6335
step: 1100/60000 | train_loss: 1.0226 | train_metric: 0.6355
step: 1150/60000 | train_loss: 1.0211 | train_metric: 0.6359
step: 1200/60000 | train_loss: 1.0173 | train_metric: 0.6370
step: 1250/60000 | train_loss: 1.0133 | train_metric: 0.6388
step: 1300/60000 | train_loss: 1.0119 | train_metric: 0.6389
step: 1350/60000 | train_loss: 1.0107 | train_metric: 0.6392
step: 1400/60000 | train_loss: 1.0087 | train_metric: 0.6399
step: 1450/60000 | train_loss: 1.0065 | train_metric: 0.6406
step: 1500/60000 | train_loss: 1.0040 | train_metric: 0.6416
step: 1550/60000 | train_loss: 1.0013 | train_metric: 0.6427
step: 1600/60000 | train_loss: 0.9999 | train_metric: 0.6430
step: 1650/60000 | train_loss: 0.9976 | train_metric: 0.6438
step: 1700/60000 | train_loss: 0.9957 | train_metric: 0.6443
step: 1750/60000 | train_loss: 0.9950 | train_metric: 0.6446
step: 1800/60000 | train_loss: 0.9934 | train_metric: 0.6452
step: 1850/60000 | train_loss: 0.9924 | train_metric: 0.6455
step: 1900/60000 | train_loss: 0.9919 | train_metric: 0.6457
step: 1950/60000 | train_loss: 0.9913 | train_metric: 0.6460
step: 2000/60000 | train_loss: 0.9908 | train_metric: 0.6461
epoch: 2/60 | val_loss: 0.9801 | val_metric: 0.6500
step: 2050/60000 | train_loss: 0.9571 | train_metric: 0.6604
step: 2100/60000 | train_loss: 0.9551 | train_metric: 0.6599
step: 2150/60000 | train_loss: 0.9577 | train_metric: 0.6588
step: 2200/60000 | train_loss: 0.9568 | train_metric: 0.6584
step: 2250/60000 | train_loss: 0.9570 | train_metric: 0.6583
step: 2300/60000 | train_loss: 0.9586 | train_metric: 0.6581
step: 2350/60000 | train_loss: 0.9600 | train_metric: 0.6575
step: 2400/60000 | train_loss: 0.9588 | train_metric: 0.6580
step: 2450/60000 | train_loss: 0.9597 | train_metric: 0.6576
step: 2500/60000 | train_loss: 0.9585 | train_metric: 0.6582
step: 2550/60000 | train_loss: 0.9581 | train_metric: 0.6583
step: 2600/60000 | train_loss: 0.9578 | train_metric: 0.6582
step: 2650/60000 | train_loss: 0.9570 | train_metric: 0.6585
step: 2700/60000 | train_loss: 0.9566 | train_metric: 0.6588
step: 2750/60000 | train_loss: 0.9563 | train_metric: 0.6589
step: 2800/60000 | train_loss: 0.9549 | train_metric: 0.6596
step: 2850/60000 | train_loss: 0.9541 | train_metric: 0.6598
step: 2900/60000 | train_loss: 0.9538 | train_metric: 0.6599
step: 2950/60000 | train_loss: 0.9526 | train_metric: 0.6603
step: 3000/60000 | train_loss: 0.9522 | train_metric: 0.6604
epoch: 3/60 | val_loss: 0.9500 | val_metric: 0.6594
step: 3050/60000 | train_loss: 0.9479 | train_metric: 0.6588
step: 3100/60000 | train_loss: 0.9453 | train_metric: 0.6611
step: 3150/60000 | train_loss: 0.9422 | train_metric: 0.6632
step: 3200/60000 | train_loss: 0.9392 | train_metric: 0.6650
step: 3250/60000 | train_loss: 0.9391 | train_metric: 0.6649
step: 3300/60000 | train_loss: 0.9384 | train_metric: 0.6649
step: 3350/60000 | train_loss: 0.9372 | train_metric: 0.6655
step: 3400/60000 | train_loss: 0.9372 | train_metric: 0.6654
step: 3450/60000 | train_loss: 0.9368 | train_metric: 0.6655
step: 3500/60000 | train_loss: 0.9357 | train_metric: 0.6659
step: 3550/60000 | train_loss: 0.9351 | train_metric: 0.6661
step: 3600/60000 | train_loss: 0.9350 | train_metric: 0.6663
step: 3650/60000 | train_loss: 0.9347 | train_metric: 0.6663
step: 3700/60000 | train_loss: 0.9351 | train_metric: 0.6661
step: 3750/60000 | train_loss: 0.9348 | train_metric: 0.6661
step: 3800/60000 | train_loss: 0.9344 | train_metric: 0.6663
step: 3850/60000 | train_loss: 0.9337 | train_metric: 0.6666
step: 3900/60000 | train_loss: 0.9336 | train_metric: 0.6666
step: 3950/60000 | train_loss: 0.9338 | train_metric: 0.6664
step: 4000/60000 | train_loss: 0.9337 | train_metric: 0.6664
epoch: 4/60 | val_loss: 0.9379 | val_metric: 0.6671
step: 4050/60000 | train_loss: 0.9281 | train_metric: 0.6677
step: 4100/60000 | train_loss: 0.9254 | train_metric: 0.6697
step: 4150/60000 | train_loss: 0.9245 | train_metric: 0.6699
step: 4200/60000 | train_loss: 0.9242 | train_metric: 0.6709
step: 4250/60000 | train_loss: 0.9262 | train_metric: 0.6700
step: 4300/60000 | train_loss: 0.9264 | train_metric: 0.6696
step: 4350/60000 | train_loss: 0.9252 | train_metric: 0.6700
step: 4400/60000 | train_loss: 0.9261 | train_metric: 0.6697
step: 4450/60000 | train_loss: 0.9262 | train_metric: 0.6696
step: 4500/60000 | train_loss: 0.9257 | train_metric: 0.6698
step: 4550/60000 | train_loss: 0.9254 | train_metric: 0.6702
step: 4600/60000 | train_loss: 0.9249 | train_metric: 0.6702
step: 4650/60000 | train_loss: 0.9247 | train_metric: 0.6702
step: 4700/60000 | train_loss: 0.9246 | train_metric: 0.6703
step: 4750/60000 | train_loss: 0.9241 | train_metric: 0.6704
step: 4800/60000 | train_loss: 0.9243 | train_metric: 0.6703
step: 4850/60000 | train_loss: 0.9236 | train_metric: 0.6704
step: 4900/60000 | train_loss: 0.9233 | train_metric: 0.6704
step: 4950/60000 | train_loss: 0.9234 | train_metric: 0.6703
step: 5000/60000 | train_loss: 0.9231 | train_metric: 0.6704
epoch: 5/60 | val_loss: 0.9086 | val_metric: 0.6773
step: 5050/60000 | train_loss: 0.9134 | train_metric: 0.6739
step: 5100/60000 | train_loss: 0.9136 | train_metric: 0.6729
step: 5150/60000 | train_loss: 0.9150 | train_metric: 0.6726
step: 5200/60000 | train_loss: 0.9148 | train_metric: 0.6728
step: 5250/60000 | train_loss: 0.9155 | train_metric: 0.6729
step: 5300/60000 | train_loss: 0.9155 | train_metric: 0.6730
step: 5350/60000 | train_loss: 0.9148 | train_metric: 0.6730
step: 5400/60000 | train_loss: 0.9151 | train_metric: 0.6728
step: 5450/60000 | train_loss: 0.9145 | train_metric: 0.6728
step: 5500/60000 | train_loss: 0.9145 | train_metric: 0.6729
step: 5550/60000 | train_loss: 0.9148 | train_metric: 0.6729
step: 5600/60000 | train_loss: 0.9144 | train_metric: 0.6731
step: 5650/60000 | train_loss: 0.9138 | train_metric: 0.6732
step: 5700/60000 | train_loss: 0.9142 | train_metric: 0.6732
step: 5750/60000 | train_loss: 0.9144 | train_metric: 0.6732
step: 5800/60000 | train_loss: 0.9142 | train_metric: 0.6734
step: 5850/60000 | train_loss: 0.9139 | train_metric: 0.6735
step: 5900/60000 | train_loss: 0.9135 | train_metric: 0.6736
step: 5950/60000 | train_loss: 0.9136 | train_metric: 0.6736
step: 6000/60000 | train_loss: 0.9133 | train_metric: 0.6737
epoch: 6/60 | val_loss: 0.9193 | val_metric: 0.6727
step: 6050/60000 | train_loss: 0.9029 | train_metric: 0.6784
step: 6100/60000 | train_loss: 0.9051 | train_metric: 0.6768
step: 6150/60000 | train_loss: 0.9069 | train_metric: 0.6756
step: 6200/60000 | train_loss: 0.9055 | train_metric: 0.6761
step: 6250/60000 | train_loss: 0.9051 | train_metric: 0.6762
step: 6300/60000 | train_loss: 0.9056 | train_metric: 0.6761
step: 6350/60000 | train_loss: 0.9060 | train_metric: 0.6761
step: 6400/60000 | train_loss: 0.9067 | train_metric: 0.6757
step: 6450/60000 | train_loss: 0.9067 | train_metric: 0.6755
step: 6500/60000 | train_loss: 0.9073 | train_metric: 0.6753
step: 6550/60000 | train_loss: 0.9069 | train_metric: 0.6754
step: 6600/60000 | train_loss: 0.9061 | train_metric: 0.6758
step: 6650/60000 | train_loss: 0.9066 | train_metric: 0.6758
step: 6700/60000 | train_loss: 0.9060 | train_metric: 0.6760
step: 6750/60000 | train_loss: 0.9058 | train_metric: 0.6759
step: 6800/60000 | train_loss: 0.9056 | train_metric: 0.6762
step: 6850/60000 | train_loss: 0.9058 | train_metric: 0.6762
step: 6900/60000 | train_loss: 0.9058 | train_metric: 0.6763
step: 6950/60000 | train_loss: 0.9061 | train_metric: 0.6763
step: 7000/60000 | train_loss: 0.9060 | train_metric: 0.6763
epoch: 7/60 | val_loss: 0.9084 | val_metric: 0.6786
step: 7050/60000 | train_loss: 0.8954 | train_metric: 0.6804
step: 7100/60000 | train_loss: 0.8952 | train_metric: 0.6815
step: 7150/60000 | train_loss: 0.8964 | train_metric: 0.6806
step: 7200/60000 | train_loss: 0.8992 | train_metric: 0.6791
step: 7250/60000 | train_loss: 0.8993 | train_metric: 0.6790
step: 7300/60000 | train_loss: 0.9012 | train_metric: 0.6782
step: 7350/60000 | train_loss: 0.9017 | train_metric: 0.6781
step: 7400/60000 | train_loss: 0.9003 | train_metric: 0.6785
step: 7450/60000 | train_loss: 0.9000 | train_metric: 0.6788
step: 7500/60000 | train_loss: 0.9002 | train_metric: 0.6786
step: 7550/60000 | train_loss: 0.9002 | train_metric: 0.6787
step: 7600/60000 | train_loss: 0.9002 | train_metric: 0.6785
step: 7650/60000 | train_loss: 0.9000 | train_metric: 0.6786
step: 7700/60000 | train_loss: 0.8996 | train_metric: 0.6787
step: 7750/60000 | train_loss: 0.8990 | train_metric: 0.6788
step: 7800/60000 | train_loss: 0.8990 | train_metric: 0.6788
step: 7850/60000 | train_loss: 0.8985 | train_metric: 0.6789
step: 7900/60000 | train_loss: 0.8983 | train_metric: 0.6790
step: 7950/60000 | train_loss: 0.8982 | train_metric: 0.6790
step: 8000/60000 | train_loss: 0.8984 | train_metric: 0.6789
epoch: 8/60 | val_loss: 0.8970 | val_metric: 0.6816
step: 8050/60000 | train_loss: 0.8903 | train_metric: 0.6811
step: 8100/60000 | train_loss: 0.8927 | train_metric: 0.6811
step: 8150/60000 | train_loss: 0.8931 | train_metric: 0.6808
step: 8200/60000 | train_loss: 0.8912 | train_metric: 0.6813
step: 8250/60000 | train_loss: 0.8912 | train_metric: 0.6814
step: 8300/60000 | train_loss: 0.8910 | train_metric: 0.6816
step: 8350/60000 | train_loss: 0.8899 | train_metric: 0.6820
step: 8400/60000 | train_loss: 0.8898 | train_metric: 0.6821
step: 8450/60000 | train_loss: 0.8891 | train_metric: 0.6825
step: 8500/60000 | train_loss: 0.8900 | train_metric: 0.6821
step: 8550/60000 | train_loss: 0.8915 | train_metric: 0.6814
step: 8600/60000 | train_loss: 0.8918 | train_metric: 0.6814
step: 8650/60000 | train_loss: 0.8919 | train_metric: 0.6813
step: 8700/60000 | train_loss: 0.8921 | train_metric: 0.6814
step: 8750/60000 | train_loss: 0.8922 | train_metric: 0.6813
step: 8800/60000 | train_loss: 0.8919 | train_metric: 0.6813
step: 8850/60000 | train_loss: 0.8926 | train_metric: 0.6809
step: 8900/60000 | train_loss: 0.8925 | train_metric: 0.6809
step: 8950/60000 | train_loss: 0.8928 | train_metric: 0.6808
step: 9000/60000 | train_loss: 0.8929 | train_metric: 0.6807
epoch: 9/60 | val_loss: 0.8877 | val_metric: 0.6839
step: 9050/60000 | train_loss: 0.8870 | train_metric: 0.6836
step: 9100/60000 | train_loss: 0.8859 | train_metric: 0.6836
step: 9150/60000 | train_loss: 0.8874 | train_metric: 0.6826
step: 9200/60000 | train_loss: 0.8894 | train_metric: 0.6818
step: 9250/60000 | train_loss: 0.8881 | train_metric: 0.6824
step: 9300/60000 | train_loss: 0.8877 | train_metric: 0.6824
step: 9350/60000 | train_loss: 0.8868 | train_metric: 0.6827
step: 9400/60000 | train_loss: 0.8861 | train_metric: 0.6831
step: 9450/60000 | train_loss: 0.8855 | train_metric: 0.6834
step: 9500/60000 | train_loss: 0.8866 | train_metric: 0.6829
step: 9550/60000 | train_loss: 0.8877 | train_metric: 0.6827
step: 9600/60000 | train_loss: 0.8872 | train_metric: 0.6828
step: 9650/60000 | train_loss: 0.8871 | train_metric: 0.6830
step: 9700/60000 | train_loss: 0.8870 | train_metric: 0.6831
step: 9750/60000 | train_loss: 0.8875 | train_metric: 0.6829
step: 9800/60000 | train_loss: 0.8875 | train_metric: 0.6828
step: 9850/60000 | train_loss: 0.8873 | train_metric: 0.6828
step: 9900/60000 | train_loss: 0.8872 | train_metric: 0.6828
step: 9950/60000 | train_loss: 0.8869 | train_metric: 0.6829
step: 10000/60000 | train_loss: 0.8875 | train_metric: 0.6826
epoch: 10/60 | val_loss: 0.8902 | val_metric: 0.6833
step: 10050/60000 | train_loss: 0.8773 | train_metric: 0.6838
step: 10100/60000 | train_loss: 0.8838 | train_metric: 0.6826
step: 10150/60000 | train_loss: 0.8838 | train_metric: 0.6826
step: 10200/60000 | train_loss: 0.8827 | train_metric: 0.6836
step: 10250/60000 | train_loss: 0.8829 | train_metric: 0.6839
step: 10300/60000 | train_loss: 0.8831 | train_metric: 0.6837
step: 10350/60000 | train_loss: 0.8829 | train_metric: 0.6838
step: 10400/60000 | train_loss: 0.8840 | train_metric: 0.6834
step: 10450/60000 | train_loss: 0.8833 | train_metric: 0.6837
step: 10500/60000 | train_loss: 0.8835 | train_metric: 0.6838
step: 10550/60000 | train_loss: 0.8833 | train_metric: 0.6839
step: 10600/60000 | train_loss: 0.8826 | train_metric: 0.6843
step: 10650/60000 | train_loss: 0.8826 | train_metric: 0.6842
step: 10700/60000 | train_loss: 0.8833 | train_metric: 0.6839
step: 10750/60000 | train_loss: 0.8840 | train_metric: 0.6838
step: 10800/60000 | train_loss: 0.8844 | train_metric: 0.6836
step: 10850/60000 | train_loss: 0.8845 | train_metric: 0.6836
step: 10900/60000 | train_loss: 0.8844 | train_metric: 0.6836
step: 10950/60000 | train_loss: 0.8844 | train_metric: 0.6836
step: 11000/60000 | train_loss: 0.8842 | train_metric: 0.6836
epoch: 11/60 | val_loss: 0.8892 | val_metric: 0.6844
step: 11050/60000 | train_loss: 0.8744 | train_metric: 0.6858
step: 11100/60000 | train_loss: 0.8775 | train_metric: 0.6849
step: 11150/60000 | train_loss: 0.8777 | train_metric: 0.6854
step: 11200/60000 | train_loss: 0.8795 | train_metric: 0.6848
step: 11250/60000 | train_loss: 0.8797 | train_metric: 0.6850
step: 11300/60000 | train_loss: 0.8786 | train_metric: 0.6854
step: 11350/60000 | train_loss: 0.8785 | train_metric: 0.6856
step: 11400/60000 | train_loss: 0.8793 | train_metric: 0.6852
step: 11450/60000 | train_loss: 0.8794 | train_metric: 0.6851
step: 11500/60000 | train_loss: 0.8798 | train_metric: 0.6850
step: 11550/60000 | train_loss: 0.8793 | train_metric: 0.6852
step: 11600/60000 | train_loss: 0.8791 | train_metric: 0.6851
step: 11650/60000 | train_loss: 0.8790 | train_metric: 0.6851
step: 11700/60000 | train_loss: 0.8786 | train_metric: 0.6853
step: 11750/60000 | train_loss: 0.8790 | train_metric: 0.6854
step: 11800/60000 | train_loss: 0.8789 | train_metric: 0.6853
step: 11850/60000 | train_loss: 0.8793 | train_metric: 0.6852
step: 11900/60000 | train_loss: 0.8792 | train_metric: 0.6853
step: 11950/60000 | train_loss: 0.8792 | train_metric: 0.6852
step: 12000/60000 | train_loss: 0.8794 | train_metric: 0.6852
epoch: 12/60 | val_loss: 0.8848 | val_metric: 0.6861
step: 12050/60000 | train_loss: 0.8634 | train_metric: 0.6906
step: 12100/60000 | train_loss: 0.8708 | train_metric: 0.6866
step: 12150/60000 | train_loss: 0.8728 | train_metric: 0.6867
step: 12200/60000 | train_loss: 0.8729 | train_metric: 0.6872
step: 12250/60000 | train_loss: 0.8739 | train_metric: 0.6869
step: 12300/60000 | train_loss: 0.8745 | train_metric: 0.6867
step: 12350/60000 | train_loss: 0.8754 | train_metric: 0.6864
step: 12400/60000 | train_loss: 0.8759 | train_metric: 0.6865
step: 12450/60000 | train_loss: 0.8764 | train_metric: 0.6862
step: 12500/60000 | train_loss: 0.8755 | train_metric: 0.6865
step: 12550/60000 | train_loss: 0.8753 | train_metric: 0.6867
step: 12600/60000 | train_loss: 0.8754 | train_metric: 0.6866
step: 12650/60000 | train_loss: 0.8755 | train_metric: 0.6866
step: 12700/60000 | train_loss: 0.8760 | train_metric: 0.6864
step: 12750/60000 | train_loss: 0.8759 | train_metric: 0.6865
step: 12800/60000 | train_loss: 0.8757 | train_metric: 0.6866
step: 12850/60000 | train_loss: 0.8762 | train_metric: 0.6863
step: 12900/60000 | train_loss: 0.8764 | train_metric: 0.6863
step: 12950/60000 | train_loss: 0.8761 | train_metric: 0.6864
step: 13000/60000 | train_loss: 0.8759 | train_metric: 0.6865
epoch: 13/60 | val_loss: 0.8881 | val_metric: 0.6843
step: 13050/60000 | train_loss: 0.8634 | train_metric: 0.6887
step: 13100/60000 | train_loss: 0.8638 | train_metric: 0.6905
step: 13150/60000 | train_loss: 0.8650 | train_metric: 0.6903
step: 13200/60000 | train_loss: 0.8651 | train_metric: 0.6902
step: 13250/60000 | train_loss: 0.8664 | train_metric: 0.6896
step: 13300/60000 | train_loss: 0.8690 | train_metric: 0.6888
step: 13350/60000 | train_loss: 0.8694 | train_metric: 0.6888
step: 13400/60000 | train_loss: 0.8699 | train_metric: 0.6883
step: 13450/60000 | train_loss: 0.8691 | train_metric: 0.6885
step: 13500/60000 | train_loss: 0.8695 | train_metric: 0.6884
step: 13550/60000 | train_loss: 0.8689 | train_metric: 0.6886
step: 13600/60000 | train_loss: 0.8694 | train_metric: 0.6884
step: 13650/60000 | train_loss: 0.8708 | train_metric: 0.6879
step: 13700/60000 | train_loss: 0.8707 | train_metric: 0.6879
step: 13750/60000 | train_loss: 0.8711 | train_metric: 0.6878
step: 13800/60000 | train_loss: 0.8716 | train_metric: 0.6878
step: 13850/60000 | train_loss: 0.8714 | train_metric: 0.6879
step: 13900/60000 | train_loss: 0.8718 | train_metric: 0.6877
step: 13950/60000 | train_loss: 0.8724 | train_metric: 0.6875
step: 14000/60000 | train_loss: 0.8724 | train_metric: 0.6875
epoch: 14/60 | val_loss: 0.8814 | val_metric: 0.6863
step: 14050/60000 | train_loss: 0.8628 | train_metric: 0.6917
step: 14100/60000 | train_loss: 0.8601 | train_metric: 0.6917
step: 14150/60000 | train_loss: 0.8638 | train_metric: 0.6904
step: 14200/60000 | train_loss: 0.8657 | train_metric: 0.6899
step: 14250/60000 | train_loss: 0.8660 | train_metric: 0.6896
step: 14300/60000 | train_loss: 0.8644 | train_metric: 0.6901
step: 14350/60000 | train_loss: 0.8642 | train_metric: 0.6901
step: 14400/60000 | train_loss: 0.8662 | train_metric: 0.6893
step: 14450/60000 | train_loss: 0.8664 | train_metric: 0.6895
step: 14500/60000 | train_loss: 0.8669 | train_metric: 0.6892
step: 14550/60000 | train_loss: 0.8673 | train_metric: 0.6890
step: 14600/60000 | train_loss: 0.8679 | train_metric: 0.6888
step: 14650/60000 | train_loss: 0.8679 | train_metric: 0.6887
step: 14700/60000 | train_loss: 0.8679 | train_metric: 0.6888
step: 14750/60000 | train_loss: 0.8685 | train_metric: 0.6886
step: 14800/60000 | train_loss: 0.8688 | train_metric: 0.6885
step: 14850/60000 | train_loss: 0.8683 | train_metric: 0.6887
step: 14900/60000 | train_loss: 0.8680 | train_metric: 0.6888
step: 14950/60000 | train_loss: 0.8681 | train_metric: 0.6888
step: 15000/60000 | train_loss: 0.8682 | train_metric: 0.6887
epoch: 15/60 | val_loss: 0.8874 | val_metric: 0.6850
step: 15050/60000 | train_loss: 0.8611 | train_metric: 0.6900
step: 15100/60000 | train_loss: 0.8593 | train_metric: 0.6919
step: 15150/60000 | train_loss: 0.8588 | train_metric: 0.6913
step: 15200/60000 | train_loss: 0.8579 | train_metric: 0.6916
step: 15250/60000 | train_loss: 0.8595 | train_metric: 0.6908
step: 15300/60000 | train_loss: 0.8593 | train_metric: 0.6913
step: 15350/60000 | train_loss: 0.8602 | train_metric: 0.6909
step: 15400/60000 | train_loss: 0.8606 | train_metric: 0.6909
step: 15450/60000 | train_loss: 0.8601 | train_metric: 0.6911
step: 15500/60000 | train_loss: 0.8606 | train_metric: 0.6910
step: 15550/60000 | train_loss: 0.8610 | train_metric: 0.6907
step: 15600/60000 | train_loss: 0.8625 | train_metric: 0.6903
step: 15650/60000 | train_loss: 0.8624 | train_metric: 0.6905
step: 15700/60000 | train_loss: 0.8627 | train_metric: 0.6903
step: 15750/60000 | train_loss: 0.8627 | train_metric: 0.6903
step: 15800/60000 | train_loss: 0.8631 | train_metric: 0.6902
step: 15850/60000 | train_loss: 0.8631 | train_metric: 0.6904
step: 15900/60000 | train_loss: 0.8633 | train_metric: 0.6903
step: 15950/60000 | train_loss: 0.8640 | train_metric: 0.6903
step: 16000/60000 | train_loss: 0.8642 | train_metric: 0.6901
epoch: 16/60 | val_loss: 0.8840 | val_metric: 0.6857
step: 16050/60000 | train_loss: 0.8464 | train_metric: 0.6974
step: 16100/60000 | train_loss: 0.8584 | train_metric: 0.6918
step: 16150/60000 | train_loss: 0.8602 | train_metric: 0.6909
step: 16200/60000 | train_loss: 0.8609 | train_metric: 0.6904
step: 16250/60000 | train_loss: 0.8599 | train_metric: 0.6905
step: 16300/60000 | train_loss: 0.8597 | train_metric: 0.6904
step: 16350/60000 | train_loss: 0.8599 | train_metric: 0.6902
step: 16400/60000 | train_loss: 0.8596 | train_metric: 0.6903
step: 16450/60000 | train_loss: 0.8598 | train_metric: 0.6905
step: 16500/60000 | train_loss: 0.8604 | train_metric: 0.6904
step: 16550/60000 | train_loss: 0.8611 | train_metric: 0.6903
step: 16600/60000 | train_loss: 0.8604 | train_metric: 0.6906
step: 16650/60000 | train_loss: 0.8613 | train_metric: 0.6905
step: 16700/60000 | train_loss: 0.8612 | train_metric: 0.6905
step: 16750/60000 | train_loss: 0.8611 | train_metric: 0.6907
step: 16800/60000 | train_loss: 0.8611 | train_metric: 0.6906
step: 16850/60000 | train_loss: 0.8607 | train_metric: 0.6908
step: 16900/60000 | train_loss: 0.8607 | train_metric: 0.6909
step: 16950/60000 | train_loss: 0.8605 | train_metric: 0.6911
step: 17000/60000 | train_loss: 0.8603 | train_metric: 0.6913
epoch: 17/60 | val_loss: 0.8859 | val_metric: 0.6852
step: 17050/60000 | train_loss: 0.8584 | train_metric: 0.6916
step: 17100/60000 | train_loss: 0.8593 | train_metric: 0.6920
step: 17150/60000 | train_loss: 0.8559 | train_metric: 0.6927
step: 17200/60000 | train_loss: 0.8549 | train_metric: 0.6932
step: 17250/60000 | train_loss: 0.8547 | train_metric: 0.6932
step: 17300/60000 | train_loss: 0.8542 | train_metric: 0.6932
step: 17350/60000 | train_loss: 0.8549 | train_metric: 0.6930
step: 17400/60000 | train_loss: 0.8547 | train_metric: 0.6931
step: 17450/60000 | train_loss: 0.8547 | train_metric: 0.6929
step: 17500/60000 | train_loss: 0.8556 | train_metric: 0.6927
step: 17550/60000 | train_loss: 0.8555 | train_metric: 0.6929
step: 17600/60000 | train_loss: 0.8558 | train_metric: 0.6930
step: 17650/60000 | train_loss: 0.8561 | train_metric: 0.6929
step: 17700/60000 | train_loss: 0.8566 | train_metric: 0.6929
step: 17750/60000 | train_loss: 0.8564 | train_metric: 0.6930
step: 17800/60000 | train_loss: 0.8562 | train_metric: 0.6932
step: 17850/60000 | train_loss: 0.8558 | train_metric: 0.6932
step: 17900/60000 | train_loss: 0.8557 | train_metric: 0.6933
step: 17950/60000 | train_loss: 0.8559 | train_metric: 0.6932
step: 18000/60000 | train_loss: 0.8566 | train_metric: 0.6931
epoch: 18/60 | val_loss: 0.8844 | val_metric: 0.6860
step: 18050/60000 | train_loss: 0.8525 | train_metric: 0.6943
step: 18100/60000 | train_loss: 0.8530 | train_metric: 0.6940
step: 18150/60000 | train_loss: 0.8513 | train_metric: 0.6951
step: 18200/60000 | train_loss: 0.8495 | train_metric: 0.6961
step: 18250/60000 | train_loss: 0.8494 | train_metric: 0.6958
step: 18300/60000 | train_loss: 0.8510 | train_metric: 0.6952
step: 18350/60000 | train_loss: 0.8504 | train_metric: 0.6950
step: 18400/60000 | train_loss: 0.8510 | train_metric: 0.6950
step: 18450/60000 | train_loss: 0.8513 | train_metric: 0.6947
step: 18500/60000 | train_loss: 0.8509 | train_metric: 0.6948
step: 18550/60000 | train_loss: 0.8516 | train_metric: 0.6945
step: 18600/60000 | train_loss: 0.8518 | train_metric: 0.6944
step: 18650/60000 | train_loss: 0.8522 | train_metric: 0.6944
step: 18700/60000 | train_loss: 0.8518 | train_metric: 0.6946
step: 18750/60000 | train_loss: 0.8518 | train_metric: 0.6946
step: 18800/60000 | train_loss: 0.8519 | train_metric: 0.6944
step: 18850/60000 | train_loss: 0.8520 | train_metric: 0.6944
step: 18900/60000 | train_loss: 0.8516 | train_metric: 0.6945
step: 18950/60000 | train_loss: 0.8518 | train_metric: 0.6944
step: 19000/60000 | train_loss: 0.8521 | train_metric: 0.6943
epoch: 19/60 | val_loss: 0.8924 | val_metric: 0.6840
step: 19050/60000 | train_loss: 0.8417 | train_metric: 0.6977
step: 19100/60000 | train_loss: 0.8430 | train_metric: 0.6972
step: 19150/60000 | train_loss: 0.8478 | train_metric: 0.6951
step: 19200/60000 | train_loss: 0.8458 | train_metric: 0.6960
step: 19250/60000 | train_loss: 0.8468 | train_metric: 0.6957
step: 19300/60000 | train_loss: 0.8461 | train_metric: 0.6959
step: 19350/60000 | train_loss: 0.8464 | train_metric: 0.6959
step: 19400/60000 | train_loss: 0.8460 | train_metric: 0.6961
step: 19450/60000 | train_loss: 0.8468 | train_metric: 0.6960
step: 19500/60000 | train_loss: 0.8469 | train_metric: 0.6960
step: 19550/60000 | train_loss: 0.8474 | train_metric: 0.6959
step: 19600/60000 | train_loss: 0.8470 | train_metric: 0.6959
step: 19650/60000 | train_loss: 0.8472 | train_metric: 0.6958
step: 19700/60000 | train_loss: 0.8477 | train_metric: 0.6956
step: 19750/60000 | train_loss: 0.8476 | train_metric: 0.6958
step: 19800/60000 | train_loss: 0.8477 | train_metric: 0.6956
step: 19850/60000 | train_loss: 0.8484 | train_metric: 0.6953
step: 19900/60000 | train_loss: 0.8486 | train_metric: 0.6953
step: 19950/60000 | train_loss: 0.8489 | train_metric: 0.6952
step: 20000/60000 | train_loss: 0.8491 | train_metric: 0.6952
epoch: 20/60 | val_loss: 0.8849 | val_metric: 0.6857
Early stopping at epoch 20. Best val_loss: 0.8814

Best fine-tuned model saved to: ./logs/LorentzParT/best/mae_1m_ragged_ft_seed123.pt
Final val accuracy: 0.6863
step: 50/60000 | train_loss: 2.3019 | train_metric: 0.1194
step: 100/60000 | train_loss: 2.2378 | train_metric: 0.1443
step: 150/60000 | train_loss: 2.1153 | train_metric: 0.1955
step: 200/60000 | train_loss: 1.9454 | train_metric: 0.2682
step: 250/60000 | train_loss: 1.8159 | train_metric: 0.3221
step: 300/60000 | train_loss: 1.7169 | train_metric: 0.3617
step: 350/60000 | train_loss: 1.6411 | train_metric: 0.3926
step: 400/60000 | train_loss: 1.5814 | train_metric: 0.4166
step: 450/60000 | train_loss: 1.5333 | train_metric: 0.4355
step: 500/60000 | train_loss: 1.4957 | train_metric: 0.4504
step: 550/60000 | train_loss: 1.4603 | train_metric: 0.4643
step: 600/60000 | train_loss: 1.4301 | train_metric: 0.4764
step: 650/60000 | train_loss: 1.4047 | train_metric: 0.4862
step: 700/60000 | train_loss: 1.3827 | train_metric: 0.4948
step: 750/60000 | train_loss: 1.3627 | train_metric: 0.5025
step: 800/60000 | train_loss: 1.3445 | train_metric: 0.5097
step: 850/60000 | train_loss: 1.3281 | train_metric: 0.5163
step: 900/60000 | train_loss: 1.3125 | train_metric: 0.5223
step: 950/60000 | train_loss: 1.2987 | train_metric: 0.5277
step: 1000/60000 | train_loss: 1.2862 | train_metric: 0.5327
epoch: 1/60 | val_loss: 1.0458 | val_metric: 0.6310
step: 1050/60000 | train_loss: 1.0374 | train_metric: 0.6294
step: 1100/60000 | train_loss: 1.0374 | train_metric: 0.6301
step: 1150/60000 | train_loss: 1.0348 | train_metric: 0.6315
step: 1200/60000 | train_loss: 1.0310 | train_metric: 0.6321
step: 1250/60000 | train_loss: 1.0294 | train_metric: 0.6326
step: 1300/60000 | train_loss: 1.0297 | train_metric: 0.6323
step: 1350/60000 | train_loss: 1.0274 | train_metric: 0.6330
step: 1400/60000 | train_loss: 1.0246 | train_metric: 0.6340
step: 1450/60000 | train_loss: 1.0215 | train_metric: 0.6352
step: 1500/60000 | train_loss: 1.0189 | train_metric: 0.6363
step: 1550/60000 | train_loss: 1.0155 | train_metric: 0.6376
step: 1600/60000 | train_loss: 1.0135 | train_metric: 0.6382
step: 1650/60000 | train_loss: 1.0107 | train_metric: 0.6393
step: 1700/60000 | train_loss: 1.0087 | train_metric: 0.6399
step: 1750/60000 | train_loss: 1.0079 | train_metric: 0.6401
step: 1800/60000 | train_loss: 1.0059 | train_metric: 0.6410
step: 1850/60000 | train_loss: 1.0045 | train_metric: 0.6414
step: 1900/60000 | train_loss: 1.0036 | train_metric: 0.6418
step: 1950/60000 | train_loss: 1.0023 | train_metric: 0.6423
step: 2000/60000 | train_loss: 1.0015 | train_metric: 0.6426
epoch: 2/60 | val_loss: 1.0153 | val_metric: 0.6393
step: 2050/60000 | train_loss: 0.9690 | train_metric: 0.6545
step: 2100/60000 | train_loss: 0.9640 | train_metric: 0.6561
step: 2150/60000 | train_loss: 0.9685 | train_metric: 0.6546
step: 2200/60000 | train_loss: 0.9670 | train_metric: 0.6546
step: 2250/60000 | train_loss: 0.9673 | train_metric: 0.6545
step: 2300/60000 | train_loss: 0.9694 | train_metric: 0.6537
step: 2350/60000 | train_loss: 0.9706 | train_metric: 0.6533
step: 2400/60000 | train_loss: 0.9689 | train_metric: 0.6541
step: 2450/60000 | train_loss: 0.9700 | train_metric: 0.6536
step: 2500/60000 | train_loss: 0.9683 | train_metric: 0.6543
step: 2550/60000 | train_loss: 0.9678 | train_metric: 0.6547
step: 2600/60000 | train_loss: 0.9673 | train_metric: 0.6547
step: 2650/60000 | train_loss: 0.9665 | train_metric: 0.6550
step: 2700/60000 | train_loss: 0.9660 | train_metric: 0.6554
step: 2750/60000 | train_loss: 0.9655 | train_metric: 0.6555
step: 2800/60000 | train_loss: 0.9642 | train_metric: 0.6561
step: 2850/60000 | train_loss: 0.9635 | train_metric: 0.6563
step: 2900/60000 | train_loss: 0.9632 | train_metric: 0.6564
step: 2950/60000 | train_loss: 0.9617 | train_metric: 0.6569
step: 3000/60000 | train_loss: 0.9612 | train_metric: 0.6570
epoch: 3/60 | val_loss: 0.9651 | val_metric: 0.6542
step: 3050/60000 | train_loss: 0.9547 | train_metric: 0.6575
step: 3100/60000 | train_loss: 0.9524 | train_metric: 0.6580
step: 3150/60000 | train_loss: 0.9481 | train_metric: 0.6613
step: 3200/60000 | train_loss: 0.9462 | train_metric: 0.6622
step: 3250/60000 | train_loss: 0.9468 | train_metric: 0.6618
step: 3300/60000 | train_loss: 0.9451 | train_metric: 0.6624
step: 3350/60000 | train_loss: 0.9439 | train_metric: 0.6628
step: 3400/60000 | train_loss: 0.9443 | train_metric: 0.6626
step: 3450/60000 | train_loss: 0.9441 | train_metric: 0.6626
step: 3500/60000 | train_loss: 0.9428 | train_metric: 0.6631
step: 3550/60000 | train_loss: 0.9421 | train_metric: 0.6632
step: 3600/60000 | train_loss: 0.9420 | train_metric: 0.6634
step: 3650/60000 | train_loss: 0.9413 | train_metric: 0.6637
step: 3700/60000 | train_loss: 0.9417 | train_metric: 0.6636
step: 3750/60000 | train_loss: 0.9415 | train_metric: 0.6636
step: 3800/60000 | train_loss: 0.9416 | train_metric: 0.6635
step: 3850/60000 | train_loss: 0.9410 | train_metric: 0.6637
step: 3900/60000 | train_loss: 0.9407 | train_metric: 0.6639
step: 3950/60000 | train_loss: 0.9408 | train_metric: 0.6638
step: 4000/60000 | train_loss: 0.9408 | train_metric: 0.6637
epoch: 4/60 | val_loss: 0.9404 | val_metric: 0.6665
step: 4050/60000 | train_loss: 0.9365 | train_metric: 0.6650
step: 4100/60000 | train_loss: 0.9338 | train_metric: 0.6674
step: 4150/60000 | train_loss: 0.9330 | train_metric: 0.6674
step: 4200/60000 | train_loss: 0.9325 | train_metric: 0.6678
step: 4250/60000 | train_loss: 0.9336 | train_metric: 0.6671
step: 4300/60000 | train_loss: 0.9328 | train_metric: 0.6674
step: 4350/60000 | train_loss: 0.9321 | train_metric: 0.6675
step: 4400/60000 | train_loss: 0.9329 | train_metric: 0.6672
step: 4450/60000 | train_loss: 0.9329 | train_metric: 0.6671
step: 4500/60000 | train_loss: 0.9326 | train_metric: 0.6672
step: 4550/60000 | train_loss: 0.9320 | train_metric: 0.6675
step: 4600/60000 | train_loss: 0.9313 | train_metric: 0.6678
step: 4650/60000 | train_loss: 0.9314 | train_metric: 0.6676
step: 4700/60000 | train_loss: 0.9311 | train_metric: 0.6678
step: 4750/60000 | train_loss: 0.9304 | train_metric: 0.6680
step: 4800/60000 | train_loss: 0.9309 | train_metric: 0.6678
step: 4850/60000 | train_loss: 0.9302 | train_metric: 0.6680
step: 4900/60000 | train_loss: 0.9297 | train_metric: 0.6682
step: 4950/60000 | train_loss: 0.9297 | train_metric: 0.6683
step: 5000/60000 | train_loss: 0.9296 | train_metric: 0.6682
epoch: 5/60 | val_loss: 0.9099 | val_metric: 0.6770
step: 5050/60000 | train_loss: 0.9210 | train_metric: 0.6712
step: 5100/60000 | train_loss: 0.9211 | train_metric: 0.6700
step: 5150/60000 | train_loss: 0.9223 | train_metric: 0.6698
step: 5200/60000 | train_loss: 0.9213 | train_metric: 0.6703
step: 5250/60000 | train_loss: 0.9219 | train_metric: 0.6704
step: 5300/60000 | train_loss: 0.9221 | train_metric: 0.6702
step: 5350/60000 | train_loss: 0.9207 | train_metric: 0.6708
step: 5400/60000 | train_loss: 0.9210 | train_metric: 0.6706
step: 5450/60000 | train_loss: 0.9203 | train_metric: 0.6707
step: 5500/60000 | train_loss: 0.9204 | train_metric: 0.6707
step: 5550/60000 | train_loss: 0.9207 | train_metric: 0.6705
step: 5600/60000 | train_loss: 0.9205 | train_metric: 0.6708
step: 5650/60000 | train_loss: 0.9201 | train_metric: 0.6709
step: 5700/60000 | train_loss: 0.9202 | train_metric: 0.6709
step: 5750/60000 | train_loss: 0.9202 | train_metric: 0.6710
step: 5800/60000 | train_loss: 0.9199 | train_metric: 0.6712
step: 5850/60000 | train_loss: 0.9196 | train_metric: 0.6712
step: 5900/60000 | train_loss: 0.9191 | train_metric: 0.6714
step: 5950/60000 | train_loss: 0.9191 | train_metric: 0.6714
step: 6000/60000 | train_loss: 0.9189 | train_metric: 0.6715
epoch: 6/60 | val_loss: 0.9405 | val_metric: 0.6642
step: 6050/60000 | train_loss: 0.9080 | train_metric: 0.6764
step: 6100/60000 | train_loss: 0.9090 | train_metric: 0.6752
step: 6150/60000 | train_loss: 0.9116 | train_metric: 0.6738
step: 6200/60000 | train_loss: 0.9097 | train_metric: 0.6745
step: 6250/60000 | train_loss: 0.9096 | train_metric: 0.6745
step: 6300/60000 | train_loss: 0.9101 | train_metric: 0.6746
step: 6350/60000 | train_loss: 0.9102 | train_metric: 0.6746
step: 6400/60000 | train_loss: 0.9108 | train_metric: 0.6743
step: 6450/60000 | train_loss: 0.9105 | train_metric: 0.6743
step: 6500/60000 | train_loss: 0.9114 | train_metric: 0.6740
step: 6550/60000 | train_loss: 0.9109 | train_metric: 0.6742
step: 6600/60000 | train_loss: 0.9101 | train_metric: 0.6746
step: 6650/60000 | train_loss: 0.9108 | train_metric: 0.6744
step: 6700/60000 | train_loss: 0.9105 | train_metric: 0.6745
step: 6750/60000 | train_loss: 0.9103 | train_metric: 0.6745
step: 6800/60000 | train_loss: 0.9099 | train_metric: 0.6748
step: 6850/60000 | train_loss: 0.9101 | train_metric: 0.6748
step: 6900/60000 | train_loss: 0.9101 | train_metric: 0.6749
step: 6950/60000 | train_loss: 0.9102 | train_metric: 0.6749
step: 7000/60000 | train_loss: 0.9099 | train_metric: 0.6750
epoch: 7/60 | val_loss: 0.9053 | val_metric: 0.6798
step: 7050/60000 | train_loss: 0.8965 | train_metric: 0.6795
step: 7100/60000 | train_loss: 0.8999 | train_metric: 0.6796
step: 7150/60000 | train_loss: 0.9021 | train_metric: 0.6780
step: 7200/60000 | train_loss: 0.9043 | train_metric: 0.6767
step: 7250/60000 | train_loss: 0.9040 | train_metric: 0.6768
step: 7300/60000 | train_loss: 0.9064 | train_metric: 0.6761
step: 7350/60000 | train_loss: 0.9065 | train_metric: 0.6760
step: 7400/60000 | train_loss: 0.9054 | train_metric: 0.6765
step: 7450/60000 | train_loss: 0.9050 | train_metric: 0.6766
step: 7500/60000 | train_loss: 0.9045 | train_metric: 0.6767
step: 7550/60000 | train_loss: 0.9041 | train_metric: 0.6769
step: 7600/60000 | train_loss: 0.9044 | train_metric: 0.6766
step: 7650/60000 | train_loss: 0.9040 | train_metric: 0.6765
step: 7700/60000 | train_loss: 0.9036 | train_metric: 0.6768
step: 7750/60000 | train_loss: 0.9031 | train_metric: 0.6769
step: 7800/60000 | train_loss: 0.9033 | train_metric: 0.6767
step: 7850/60000 | train_loss: 0.9028 | train_metric: 0.6769
step: 7900/60000 | train_loss: 0.9025 | train_metric: 0.6772
step: 7950/60000 | train_loss: 0.9035 | train_metric: 0.6768
step: 8000/60000 | train_loss: 0.9041 | train_metric: 0.6766
epoch: 8/60 | val_loss: 0.9024 | val_metric: 0.6796
step: 8050/60000 | train_loss: 0.8979 | train_metric: 0.6794
step: 8100/60000 | train_loss: 0.8982 | train_metric: 0.6797
step: 8150/60000 | train_loss: 0.8980 | train_metric: 0.6783
step: 8200/60000 | train_loss: 0.8963 | train_metric: 0.6791
step: 8250/60000 | train_loss: 0.8962 | train_metric: 0.6792
step: 8300/60000 | train_loss: 0.8963 | train_metric: 0.6795
step: 8350/60000 | train_loss: 0.8949 | train_metric: 0.6799
step: 8400/60000 | train_loss: 0.8951 | train_metric: 0.6796
step: 8450/60000 | train_loss: 0.8944 | train_metric: 0.6801
step: 8500/60000 | train_loss: 0.8951 | train_metric: 0.6800
step: 8550/60000 | train_loss: 0.8961 | train_metric: 0.6795
step: 8600/60000 | train_loss: 0.8965 | train_metric: 0.6795
step: 8650/60000 | train_loss: 0.8966 | train_metric: 0.6794
step: 8700/60000 | train_loss: 0.8964 | train_metric: 0.6797
step: 8750/60000 | train_loss: 0.8964 | train_metric: 0.6797
step: 8800/60000 | train_loss: 0.8960 | train_metric: 0.6798
step: 8850/60000 | train_loss: 0.8964 | train_metric: 0.6796
step: 8900/60000 | train_loss: 0.8964 | train_metric: 0.6795
step: 8950/60000 | train_loss: 0.8967 | train_metric: 0.6794
step: 9000/60000 | train_loss: 0.8966 | train_metric: 0.6795
epoch: 9/60 | val_loss: 0.8952 | val_metric: 0.6821
step: 9050/60000 | train_loss: 0.8877 | train_metric: 0.6839
step: 9100/60000 | train_loss: 0.8878 | train_metric: 0.6833
step: 9150/60000 | train_loss: 0.8891 | train_metric: 0.6827
step: 9200/60000 | train_loss: 0.8913 | train_metric: 0.6822
step: 9250/60000 | train_loss: 0.8902 | train_metric: 0.6824
step: 9300/60000 | train_loss: 0.8902 | train_metric: 0.6819
step: 9350/60000 | train_loss: 0.8897 | train_metric: 0.6818
step: 9400/60000 | train_loss: 0.8892 | train_metric: 0.6823
step: 9450/60000 | train_loss: 0.8891 | train_metric: 0.6823
step: 9500/60000 | train_loss: 0.8904 | train_metric: 0.6818
step: 9550/60000 | train_loss: 0.8913 | train_metric: 0.6817
step: 9600/60000 | train_loss: 0.8909 | train_metric: 0.6819
step: 9650/60000 | train_loss: 0.8906 | train_metric: 0.6821
step: 9700/60000 | train_loss: 0.8908 | train_metric: 0.6821
step: 9750/60000 | train_loss: 0.8911 | train_metric: 0.6819
step: 9800/60000 | train_loss: 0.8913 | train_metric: 0.6817
step: 9850/60000 | train_loss: 0.8911 | train_metric: 0.6818
step: 9900/60000 | train_loss: 0.8909 | train_metric: 0.6818
step: 9950/60000 | train_loss: 0.8904 | train_metric: 0.6820
step: 10000/60000 | train_loss: 0.8910 | train_metric: 0.6818
epoch: 10/60 | val_loss: 0.8867 | val_metric: 0.6851
step: 10050/60000 | train_loss: 0.8818 | train_metric: 0.6843
step: 10100/60000 | train_loss: 0.8859 | train_metric: 0.6838
step: 10150/60000 | train_loss: 0.8871 | train_metric: 0.6830
step: 10200/60000 | train_loss: 0.8863 | train_metric: 0.6829
step: 10250/60000 | train_loss: 0.8855 | train_metric: 0.6835
step: 10300/60000 | train_loss: 0.8860 | train_metric: 0.6830
step: 10350/60000 | train_loss: 0.8857 | train_metric: 0.6830
step: 10400/60000 | train_loss: 0.8871 | train_metric: 0.6823
step: 10450/60000 | train_loss: 0.8863 | train_metric: 0.6827
step: 10500/60000 | train_loss: 0.8866 | train_metric: 0.6828
step: 10550/60000 | train_loss: 0.8862 | train_metric: 0.6829
step: 10600/60000 | train_loss: 0.8858 | train_metric: 0.6833
step: 10650/60000 | train_loss: 0.8856 | train_metric: 0.6834
step: 10700/60000 | train_loss: 0.8862 | train_metric: 0.6831
step: 10750/60000 | train_loss: 0.8870 | train_metric: 0.6831
step: 10800/60000 | train_loss: 0.8874 | train_metric: 0.6829
step: 10850/60000 | train_loss: 0.8873 | train_metric: 0.6829
step: 10900/60000 | train_loss: 0.8873 | train_metric: 0.6829
step: 10950/60000 | train_loss: 0.8872 | train_metric: 0.6830
step: 11000/60000 | train_loss: 0.8871 | train_metric: 0.6829
epoch: 11/60 | val_loss: 0.8980 | val_metric: 0.6806
step: 11050/60000 | train_loss: 0.8801 | train_metric: 0.6845
step: 11100/60000 | train_loss: 0.8818 | train_metric: 0.6835
step: 11150/60000 | train_loss: 0.8817 | train_metric: 0.6843
step: 11200/60000 | train_loss: 0.8833 | train_metric: 0.6839
step: 11250/60000 | train_loss: 0.8832 | train_metric: 0.6841
step: 11300/60000 | train_loss: 0.8822 | train_metric: 0.6843
step: 11350/60000 | train_loss: 0.8820 | train_metric: 0.6843
step: 11400/60000 | train_loss: 0.8816 | train_metric: 0.6846
step: 11450/60000 | train_loss: 0.8816 | train_metric: 0.6846
step: 11500/60000 | train_loss: 0.8818 | train_metric: 0.6846
step: 11550/60000 | train_loss: 0.8815 | train_metric: 0.6848
step: 11600/60000 | train_loss: 0.8816 | train_metric: 0.6847
step: 11650/60000 | train_loss: 0.8815 | train_metric: 0.6847
step: 11700/60000 | train_loss: 0.8813 | train_metric: 0.6848
step: 11750/60000 | train_loss: 0.8819 | train_metric: 0.6849
step: 11800/60000 | train_loss: 0.8818 | train_metric: 0.6848
step: 11850/60000 | train_loss: 0.8823 | train_metric: 0.6846
step: 11900/60000 | train_loss: 0.8824 | train_metric: 0.6845
step: 11950/60000 | train_loss: 0.8824 | train_metric: 0.6844
step: 12000/60000 | train_loss: 0.8824 | train_metric: 0.6844
epoch: 12/60 | val_loss: 0.8922 | val_metric: 0.6835
step: 12050/60000 | train_loss: 0.8684 | train_metric: 0.6893
step: 12100/60000 | train_loss: 0.8726 | train_metric: 0.6865
step: 12150/60000 | train_loss: 0.8749 | train_metric: 0.6863
step: 12200/60000 | train_loss: 0.8750 | train_metric: 0.6866
step: 12250/60000 | train_loss: 0.8760 | train_metric: 0.6863
step: 12300/60000 | train_loss: 0.8768 | train_metric: 0.6863
step: 12350/60000 | train_loss: 0.8777 | train_metric: 0.6860
step: 12400/60000 | train_loss: 0.8780 | train_metric: 0.6863
step: 12450/60000 | train_loss: 0.8782 | train_metric: 0.6860
step: 12500/60000 | train_loss: 0.8776 | train_metric: 0.6861
step: 12550/60000 | train_loss: 0.8776 | train_metric: 0.6864
step: 12600/60000 | train_loss: 0.8776 | train_metric: 0.6863
step: 12650/60000 | train_loss: 0.8779 | train_metric: 0.6862
step: 12700/60000 | train_loss: 0.8785 | train_metric: 0.6858
step: 12750/60000 | train_loss: 0.8785 | train_metric: 0.6858
step: 12800/60000 | train_loss: 0.8784 | train_metric: 0.6858
step: 12850/60000 | train_loss: 0.8789 | train_metric: 0.6856
step: 12900/60000 | train_loss: 0.8790 | train_metric: 0.6856
step: 12950/60000 | train_loss: 0.8787 | train_metric: 0.6857
step: 13000/60000 | train_loss: 0.8787 | train_metric: 0.6856
epoch: 13/60 | val_loss: 0.8850 | val_metric: 0.6851
step: 13050/60000 | train_loss: 0.8645 | train_metric: 0.6891
step: 13100/60000 | train_loss: 0.8676 | train_metric: 0.6897
step: 13150/60000 | train_loss: 0.8689 | train_metric: 0.6890
step: 13200/60000 | train_loss: 0.8692 | train_metric: 0.6891
step: 13250/60000 | train_loss: 0.8698 | train_metric: 0.6886
step: 13300/60000 | train_loss: 0.8720 | train_metric: 0.6880
step: 13350/60000 | train_loss: 0.8724 | train_metric: 0.6879
step: 13400/60000 | train_loss: 0.8728 | train_metric: 0.6875
step: 13450/60000 | train_loss: 0.8718 | train_metric: 0.6879
step: 13500/60000 | train_loss: 0.8721 | train_metric: 0.6879
step: 13550/60000 | train_loss: 0.8713 | train_metric: 0.6884
step: 13600/60000 | train_loss: 0.8719 | train_metric: 0.6881
step: 13650/60000 | train_loss: 0.8732 | train_metric: 0.6877
step: 13700/60000 | train_loss: 0.8731 | train_metric: 0.6877
step: 13750/60000 | train_loss: 0.8735 | train_metric: 0.6876
step: 13800/60000 | train_loss: 0.8740 | train_metric: 0.6875
step: 13850/60000 | train_loss: 0.8738 | train_metric: 0.6875
step: 13900/60000 | train_loss: 0.8740 | train_metric: 0.6873
step: 13950/60000 | train_loss: 0.8745 | train_metric: 0.6870
step: 14000/60000 | train_loss: 0.8746 | train_metric: 0.6870
epoch: 14/60 | val_loss: 0.8810 | val_metric: 0.6870
step: 14050/60000 | train_loss: 0.8648 | train_metric: 0.6900
step: 14100/60000 | train_loss: 0.8613 | train_metric: 0.6916
step: 14150/60000 | train_loss: 0.8655 | train_metric: 0.6900
step: 14200/60000 | train_loss: 0.8676 | train_metric: 0.6894
step: 14250/60000 | train_loss: 0.8691 | train_metric: 0.6885
step: 14300/60000 | train_loss: 0.8677 | train_metric: 0.6891
step: 14350/60000 | train_loss: 0.8675 | train_metric: 0.6891
step: 14400/60000 | train_loss: 0.8690 | train_metric: 0.6885
step: 14450/60000 | train_loss: 0.8689 | train_metric: 0.6888
step: 14500/60000 | train_loss: 0.8692 | train_metric: 0.6887
step: 14550/60000 | train_loss: 0.8696 | train_metric: 0.6885
step: 14600/60000 | train_loss: 0.8702 | train_metric: 0.6884
step: 14650/60000 | train_loss: 0.8700 | train_metric: 0.6882
step: 14700/60000 | train_loss: 0.8701 | train_metric: 0.6883
step: 14750/60000 | train_loss: 0.8703 | train_metric: 0.6882
step: 14800/60000 | train_loss: 0.8705 | train_metric: 0.6883
step: 14850/60000 | train_loss: 0.8701 | train_metric: 0.6884
step: 14900/60000 | train_loss: 0.8699 | train_metric: 0.6885
step: 14950/60000 | train_loss: 0.8702 | train_metric: 0.6883
step: 15000/60000 | train_loss: 0.8703 | train_metric: 0.6882
epoch: 15/60 | val_loss: 0.8889 | val_metric: 0.6852
step: 15050/60000 | train_loss: 0.8628 | train_metric: 0.6914
step: 15100/60000 | train_loss: 0.8611 | train_metric: 0.6916
step: 15150/60000 | train_loss: 0.8611 | train_metric: 0.6911
step: 15200/60000 | train_loss: 0.8615 | train_metric: 0.6908
step: 15250/60000 | train_loss: 0.8617 | train_metric: 0.6907
step: 15300/60000 | train_loss: 0.8616 | train_metric: 0.6911
step: 15350/60000 | train_loss: 0.8620 | train_metric: 0.6911
step: 15400/60000 | train_loss: 0.8628 | train_metric: 0.6911
step: 15450/60000 | train_loss: 0.8621 | train_metric: 0.6912
step: 15500/60000 | train_loss: 0.8627 | train_metric: 0.6910
step: 15550/60000 | train_loss: 0.8630 | train_metric: 0.6908
step: 15600/60000 | train_loss: 0.8644 | train_metric: 0.6903
step: 15650/60000 | train_loss: 0.8646 | train_metric: 0.6904
step: 15700/60000 | train_loss: 0.8649 | train_metric: 0.6902
step: 15750/60000 | train_loss: 0.8650 | train_metric: 0.6901
step: 15800/60000 | train_loss: 0.8653 | train_metric: 0.6900
step: 15850/60000 | train_loss: 0.8651 | train_metric: 0.6902
step: 15900/60000 | train_loss: 0.8653 | train_metric: 0.6901
step: 15950/60000 | train_loss: 0.8660 | train_metric: 0.6899
step: 16000/60000 | train_loss: 0.8661 | train_metric: 0.6898
epoch: 16/60 | val_loss: 0.8835 | val_metric: 0.6864
step: 16050/60000 | train_loss: 0.8470 | train_metric: 0.6969
step: 16100/60000 | train_loss: 0.8594 | train_metric: 0.6916
step: 16150/60000 | train_loss: 0.8615 | train_metric: 0.6904
step: 16200/60000 | train_loss: 0.8619 | train_metric: 0.6901
step: 16250/60000 | train_loss: 0.8614 | train_metric: 0.6900
step: 16300/60000 | train_loss: 0.8612 | train_metric: 0.6901
step: 16350/60000 | train_loss: 0.8616 | train_metric: 0.6900
step: 16400/60000 | train_loss: 0.8615 | train_metric: 0.6902
step: 16450/60000 | train_loss: 0.8614 | train_metric: 0.6904
step: 16500/60000 | train_loss: 0.8619 | train_metric: 0.6903
step: 16550/60000 | train_loss: 0.8628 | train_metric: 0.6902
step: 16600/60000 | train_loss: 0.8621 | train_metric: 0.6905
step: 16650/60000 | train_loss: 0.8630 | train_metric: 0.6903
step: 16700/60000 | train_loss: 0.8629 | train_metric: 0.6903
step: 16750/60000 | train_loss: 0.8628 | train_metric: 0.6904
step: 16800/60000 | train_loss: 0.8627 | train_metric: 0.6904
step: 16850/60000 | train_loss: 0.8627 | train_metric: 0.6903
step: 16900/60000 | train_loss: 0.8625 | train_metric: 0.6904
step: 16950/60000 | train_loss: 0.8625 | train_metric: 0.6904
step: 17000/60000 | train_loss: 0.8623 | train_metric: 0.6906
epoch: 17/60 | val_loss: 0.8843 | val_metric: 0.6855
step: 17050/60000 | train_loss: 0.8575 | train_metric: 0.6913
step: 17100/60000 | train_loss: 0.8602 | train_metric: 0.6909
step: 17150/60000 | train_loss: 0.8567 | train_metric: 0.6921
step: 17200/60000 | train_loss: 0.8557 | train_metric: 0.6925
step: 17250/60000 | train_loss: 0.8557 | train_metric: 0.6925
step: 17300/60000 | train_loss: 0.8557 | train_metric: 0.6925
step: 17350/60000 | train_loss: 0.8564 | train_metric: 0.6923
step: 17400/60000 | train_loss: 0.8561 | train_metric: 0.6923
step: 17450/60000 | train_loss: 0.8562 | train_metric: 0.6921
step: 17500/60000 | train_loss: 0.8571 | train_metric: 0.6919
step: 17550/60000 | train_loss: 0.8568 | train_metric: 0.6922
step: 17600/60000 | train_loss: 0.8570 | train_metric: 0.6922
step: 17650/60000 | train_loss: 0.8571 | train_metric: 0.6923
step: 17700/60000 | train_loss: 0.8577 | train_metric: 0.6922
step: 17750/60000 | train_loss: 0.8572 | train_metric: 0.6925
step: 17800/60000 | train_loss: 0.8571 | train_metric: 0.6926
step: 17850/60000 | train_loss: 0.8571 | train_metric: 0.6924
step: 17900/60000 | train_loss: 0.8570 | train_metric: 0.6925
step: 17950/60000 | train_loss: 0.8571 | train_metric: 0.6926
step: 18000/60000 | train_loss: 0.8579 | train_metric: 0.6924
epoch: 18/60 | val_loss: 0.8849 | val_metric: 0.6856
step: 18050/60000 | train_loss: 0.8504 | train_metric: 0.6955
step: 18100/60000 | train_loss: 0.8523 | train_metric: 0.6951
step: 18150/60000 | train_loss: 0.8510 | train_metric: 0.6953
step: 18200/60000 | train_loss: 0.8489 | train_metric: 0.6961
step: 18250/60000 | train_loss: 0.8482 | train_metric: 0.6960
step: 18300/60000 | train_loss: 0.8499 | train_metric: 0.6953
step: 18350/60000 | train_loss: 0.8500 | train_metric: 0.6950
step: 18400/60000 | train_loss: 0.8508 | train_metric: 0.6947
step: 18450/60000 | train_loss: 0.8511 | train_metric: 0.6946
step: 18500/60000 | train_loss: 0.8508 | train_metric: 0.6948
step: 18550/60000 | train_loss: 0.8516 | train_metric: 0.6945
step: 18600/60000 | train_loss: 0.8519 | train_metric: 0.6942
step: 18650/60000 | train_loss: 0.8525 | train_metric: 0.6942
step: 18700/60000 | train_loss: 0.8523 | train_metric: 0.6943
step: 18750/60000 | train_loss: 0.8523 | train_metric: 0.6941
step: 18800/60000 | train_loss: 0.8524 | train_metric: 0.6941
step: 18850/60000 | train_loss: 0.8527 | train_metric: 0.6940
step: 18900/60000 | train_loss: 0.8523 | train_metric: 0.6941
step: 18950/60000 | train_loss: 0.8525 | train_metric: 0.6941
step: 19000/60000 | train_loss: 0.8529 | train_metric: 0.6939
epoch: 19/60 | val_loss: 0.8856 | val_metric: 0.6862
step: 19050/60000 | train_loss: 0.8408 | train_metric: 0.6971
step: 19100/60000 | train_loss: 0.8421 | train_metric: 0.6973
step: 19150/60000 | train_loss: 0.8464 | train_metric: 0.6959
step: 19200/60000 | train_loss: 0.8450 | train_metric: 0.6966
step: 19250/60000 | train_loss: 0.8460 | train_metric: 0.6964
step: 19300/60000 | train_loss: 0.8457 | train_metric: 0.6968
step: 19350/60000 | train_loss: 0.8457 | train_metric: 0.6969
step: 19400/60000 | train_loss: 0.8456 | train_metric: 0.6968
step: 19450/60000 | train_loss: 0.8464 | train_metric: 0.6966
step: 19500/60000 | train_loss: 0.8468 | train_metric: 0.6964
step: 19550/60000 | train_loss: 0.8472 | train_metric: 0.6964
step: 19600/60000 | train_loss: 0.8472 | train_metric: 0.6962
step: 19650/60000 | train_loss: 0.8474 | train_metric: 0.6960
step: 19700/60000 | train_loss: 0.8478 | train_metric: 0.6957
step: 19750/60000 | train_loss: 0.8476 | train_metric: 0.6959
step: 19800/60000 | train_loss: 0.8476 | train_metric: 0.6957
step: 19850/60000 | train_loss: 0.8483 | train_metric: 0.6954
step: 19900/60000 | train_loss: 0.8486 | train_metric: 0.6954
step: 19950/60000 | train_loss: 0.8487 | train_metric: 0.6954
step: 20000/60000 | train_loss: 0.8489 | train_metric: 0.6954
epoch: 20/60 | val_loss: 0.8865 | val_metric: 0.6848
Early stopping at epoch 20. Best val_loss: 0.8810

Best fine-tuned model saved to: ./logs/LorentzParT/best/scratch_1m_ragged_seed123.pt
Final val accuracy: 0.6870
epoch  1/10 | val_acc: 0.2008  val_auc: 0.6831
epoch  2/10 | val_acc: 0.2006  val_auc: 0.6882
epoch  3/10 | val_acc: 0.2019  val_auc: 0.6934
epoch  4/10 | val_acc: 0.2070  val_auc: 0.6954
epoch  5/10 | val_acc: 0.2090  val_auc: 0.6981
epoch  6/10 | val_acc: 0.2098  val_auc: 0.6992
epoch  7/10 | val_acc: 0.2134  val_auc: 0.6995
epoch  8/10 | val_acc: 0.2162  val_auc: 0.7015
epoch  9/10 | val_acc: 0.2158  val_auc: 0.7028
epoch 10/10 | val_acc: 0.2190  val_auc: 0.7031

Linear probe results (probe_jepa_1m_ragged_seed123)
  test_acc:     0.2163
  test_auc:     0.7028
  best_val_acc: 0.2190
  best_val_auc: 0.7031
  train_time_s: 892.9

Per-class accuracy / AUC:
  QCD/Zνν     : acc=0.0322  auc=0.5947
  H→bb        : acc=0.1015  auc=0.6305
  H→cc        : acc=0.1243  auc=0.6171
  H→gg        : acc=0.5541  auc=0.8372
  H→4q        : acc=0.2266  auc=0.7289
  H→lνqq      : acc=0.1621  auc=0.7436
  Z→qq        : acc=0.0479  auc=0.6558
  W→qq        : acc=0.2836  auc=0.7024
  t→bqq       : acc=0.1714  auc=0.7572
  t→blν       : acc=0.4592  auc=0.7606

Saved → ./experiments/phase2/results_ragged/probe_jepa_1m_ragged_seed123.json
epoch  1/10 | val_acc: 0.2841  val_auc: 0.7534
epoch  2/10 | val_acc: 0.2876  val_auc: 0.7572
epoch  3/10 | val_acc: 0.2898  val_auc: 0.7592
epoch  4/10 | val_acc: 0.2913  val_auc: 0.7603
epoch  5/10 | val_acc: 0.2943  val_auc: 0.7611
epoch  6/10 | val_acc: 0.2945  val_auc: 0.7615
epoch  7/10 | val_acc: 0.2955  val_auc: 0.7618
epoch  8/10 | val_acc: 0.2959  val_auc: 0.7621
epoch  9/10 | val_acc: 0.2962  val_auc: 0.7622
epoch 10/10 | val_acc: 0.2960  val_auc: 0.7623

Linear probe results (probe_mae_1m_ragged_seed123)
  test_acc:     0.2963
  test_auc:     0.7617
  best_val_acc: 0.2962
  best_val_auc: 0.7623
  train_time_s: 892.9

Per-class accuracy / AUC:
  QCD/Zνν     : acc=0.2007  auc=0.6990
  H→bb        : acc=0.0925  auc=0.6757
  H→cc        : acc=0.1997  auc=0.6836
  H→gg        : acc=0.5297  auc=0.8538
  H→4q        : acc=0.2754  auc=0.7686
  H→lνqq      : acc=0.2670  auc=0.7875
  Z→qq        : acc=0.0567  auc=0.7021
  W→qq        : acc=0.3548  auc=0.7557
  t→bqq       : acc=0.5386  auc=0.8565
  t→blν       : acc=0.4480  auc=0.8347

Saved → ./experiments/phase2/results_ragged/probe_mae_1m_ragged_seed123.json

============================================================
STAGE: JEPA pretrain seed=123
CMD:   /opt/conda/bin/python scripts/pretrain_jepa.py --data-dir ./data_1m --config-path configs/pretrain_jepa_biased_1m_ragged.yaml --run-name jepa_1m_ragged_seed123 --seed 123
============================================================

============================================================
STAGE: MAE pretrain seed=123
CMD:   /opt/conda/bin/python scripts/pretrain_mae.py --data-dir ./data_1m --config-path configs/pretrain_mae_1m_ragged.yaml --run-name mae_1m_ragged_seed123 --seed 123
============================================================

============================================================
STAGE: Finetune jepa_1m_ragged_bestft_seed123
CMD:   /opt/conda/bin/python scripts/train_lorentz_part.py --data-dir ./data_1m --config-path configs/train_lorentz_part_1m_ragged.yaml --run-name jepa_1m_ragged_bestft_seed123 --seed 123 --weights ./logs/ParticleJEPA/best/jepa_1m_ragged_seed123_best.pt
============================================================

============================================================
STAGE: Finetune mae_1m_ragged_ft_seed123
CMD:   /opt/conda/bin/python scripts/train_lorentz_part.py --data-dir ./data_1m --config-path configs/train_lorentz_part_1m_ragged.yaml --run-name mae_1m_ragged_ft_seed123 --seed 123 --weights ./logs/LorentzParT/best/mae_1m_ragged_seed123.pt
============================================================

============================================================
STAGE: Finetune scratch_1m_ragged_seed123
CMD:   /opt/conda/bin/python scripts/train_lorentz_part.py --data-dir ./data_1m --config-path configs/train_lorentz_part_1m_ragged.yaml --run-name scratch_1m_ragged_seed123 --seed 123
============================================================

============================================================
STAGE: Probe probe_jepa_1m_ragged_seed123
CMD:   /opt/conda/bin/python experiments/phase0/linear_probe.py --data-dir ./data_1m --weights ./logs/ParticleJEPA/best/jepa_1m_ragged_seed123_best.pt --config-path ./experiments/phase0/configs/linear_probe.yaml --run-name probe_jepa_1m_ragged_seed123 --seed 123 --output-dir ./experiments/phase2/results_ragged
============================================================

============================================================
STAGE: Probe probe_mae_1m_ragged_seed123
CMD:   /opt/conda/bin/python experiments/phase0/linear_probe.py --data-dir ./data_1m --weights ./logs/LorentzParT/best/mae_1m_ragged_seed123.pt --config-path ./experiments/phase0/configs/linear_probe.yaml --run-name probe_mae_1m_ragged_seed123 --seed 123 --output-dir ./experiments/phase2/results_ragged
============================================================
jepa_finetune: test_acc=0.69027  test_auc=0.9495944108333333
mae_finetune: test_acc=0.68988  test_auc=0.9498358766666666
scratch: test_acc=0.68994  test_auc=0.9497130847222222

Seed 123 done in 349.1 min → ./experiments/phase2/results_ragged/seed_123.json

############################################################
# SEED 456
############################################################
step: 50/30000 | embedding_loss: 1.165970 | ema_momentum: 0.99900
step: 100/30000 | embedding_loss: 0.812379 | ema_momentum: 0.99900
step: 150/30000 | embedding_loss: 0.625207 | ema_momentum: 0.99901
step: 200/30000 | embedding_loss: 0.522349 | ema_momentum: 0.99901
step: 250/30000 | embedding_loss: 0.457150 | ema_momentum: 0.99901
step: 300/30000 | embedding_loss: 0.411591 | ema_momentum: 0.99901
step: 350/30000 | embedding_loss: 0.377541 | ema_momentum: 0.99901
step: 400/30000 | embedding_loss: 0.350569 | ema_momentum: 0.99901
step: 450/30000 | embedding_loss: 0.328462 | ema_momentum: 0.99901
step: 500/30000 | embedding_loss: 0.309797 | ema_momentum: 0.99902
step: 550/30000 | embedding_loss: 0.293712 | ema_momentum: 0.99902
step: 600/30000 | embedding_loss: 0.279672 | ema_momentum: 0.99902
step: 650/30000 | embedding_loss: 0.267290 | ema_momentum: 0.99902
step: 700/30000 | embedding_loss: 0.256178 | ema_momentum: 0.99902
step: 750/30000 | embedding_loss: 0.246181 | ema_momentum: 0.99903
step: 800/30000 | embedding_loss: 0.237089 | ema_momentum: 0.99903
step: 850/30000 | embedding_loss: 0.228781 | ema_momentum: 0.99903
step: 900/30000 | embedding_loss: 0.221175 | ema_momentum: 0.99903
step: 950/30000 | embedding_loss: 0.214136 | ema_momentum: 0.99903
step: 1000/30000 | embedding_loss: 0.207618 | ema_momentum: 0.99903
epoch: 1/30 | train_loss: 0.207618 | val_loss: 0.008221
  Saved context encoder weights → ./logs/ParticleJEPA/best/jepa_1m_ragged_seed456.pt
  Saved context encoder weights → ./logs/ParticleJEPA/best/jepa_1m_ragged_seed456_best.pt
step: 1050/30000 | embedding_loss: 0.080685 | ema_momentum: 0.99904
step: 1100/30000 | embedding_loss: 0.079210 | ema_momentum: 0.99904
step: 1150/30000 | embedding_loss: 0.077820 | ema_momentum: 0.99904
step: 1200/30000 | embedding_loss: 0.076460 | ema_momentum: 0.99904
step: 1250/30000 | embedding_loss: 0.075153 | ema_momentum: 0.99904
step: 1300/30000 | embedding_loss: 0.073972 | ema_momentum: 0.99904
step: 1350/30000 | embedding_loss: 0.072806 | ema_momentum: 0.99904
step: 1400/30000 | embedding_loss: 0.071713 | ema_momentum: 0.99905
step: 1450/30000 | embedding_loss: 0.070740 | ema_momentum: 0.99905
step: 1500/30000 | embedding_loss: 0.069745 | ema_momentum: 0.99905
step: 1550/30000 | embedding_loss: 0.068823 | ema_momentum: 0.99905
step: 1600/30000 | embedding_loss: 0.067950 | ema_momentum: 0.99905
step: 1650/30000 | embedding_loss: 0.067162 | ema_momentum: 0.99906
step: 1700/30000 | embedding_loss: 0.066362 | ema_momentum: 0.99906
step: 1750/30000 | embedding_loss: 0.065607 | ema_momentum: 0.99906
step: 1800/30000 | embedding_loss: 0.064901 | ema_momentum: 0.99906
step: 1850/30000 | embedding_loss: 0.064229 | ema_momentum: 0.99906
step: 1900/30000 | embedding_loss: 0.063595 | ema_momentum: 0.99906
step: 1950/30000 | embedding_loss: 0.062996 | ema_momentum: 0.99906
step: 2000/30000 | embedding_loss: 0.062414 | ema_momentum: 0.99907
epoch: 2/30 | train_loss: 0.062414 | val_loss: 0.003953
  Saved context encoder weights → ./logs/ParticleJEPA/best/jepa_1m_ragged_seed456.pt
  Saved context encoder weights → ./logs/ParticleJEPA/best/jepa_1m_ragged_seed456_best.pt
step: 2050/30000 | embedding_loss: 0.050867 | ema_momentum: 0.99907
step: 2100/30000 | embedding_loss: 0.050642 | ema_momentum: 0.99907
step: 2150/30000 | embedding_loss: 0.050476 | ema_momentum: 0.99907
step: 2200/30000 | embedding_loss: 0.050325 | ema_momentum: 0.99907
step: 2250/30000 | embedding_loss: 0.050116 | ema_momentum: 0.99908
step: 2300/30000 | embedding_loss: 0.050008 | ema_momentum: 0.99908
step: 2350/30000 | embedding_loss: 0.049841 | ema_momentum: 0.99908
step: 2400/30000 | embedding_loss: 0.049682 | ema_momentum: 0.99908
step: 2450/30000 | embedding_loss: 0.049515 | ema_momentum: 0.99908
step: 2500/30000 | embedding_loss: 0.049392 | ema_momentum: 0.99908
step: 2550/30000 | embedding_loss: 0.049256 | ema_momentum: 0.99909
step: 2600/30000 | embedding_loss: 0.049157 | ema_momentum: 0.99909
step: 2650/30000 | embedding_loss: 0.049063 | ema_momentum: 0.99909
step: 2700/30000 | embedding_loss: 0.048983 | ema_momentum: 0.99909
step: 2750/30000 | embedding_loss: 0.048924 | ema_momentum: 0.99909
step: 2800/30000 | embedding_loss: 0.048849 | ema_momentum: 0.99909
step: 2850/30000 | embedding_loss: 0.048791 | ema_momentum: 0.99909
step: 2900/30000 | embedding_loss: 0.048735 | ema_momentum: 0.99910
step: 2950/30000 | embedding_loss: 0.048701 | ema_momentum: 0.99910
step: 3000/30000 | embedding_loss: 0.048691 | ema_momentum: 0.99910
epoch: 3/30 | train_loss: 0.048691 | val_loss: 0.004513
step: 3050/30000 | embedding_loss: 0.048237 | ema_momentum: 0.99910
step: 3100/30000 | embedding_loss: 0.048205 | ema_momentum: 0.99910
step: 3150/30000 | embedding_loss: 0.048443 | ema_momentum: 0.99911
step: 3200/30000 | embedding_loss: 0.048584 | ema_momentum: 0.99911
step: 3250/30000 | embedding_loss: 0.048628 | ema_momentum: 0.99911
step: 3300/30000 | embedding_loss: 0.048808 | ema_momentum: 0.99911
step: 3350/30000 | embedding_loss: 0.048903 | ema_momentum: 0.99911
step: 3400/30000 | embedding_loss: 0.049016 | ema_momentum: 0.99911
step: 3450/30000 | embedding_loss: 0.049146 | ema_momentum: 0.99911
step: 3500/30000 | embedding_loss: 0.049281 | ema_momentum: 0.99912
step: 3550/30000 | embedding_loss: 0.049395 | ema_momentum: 0.99912
step: 3600/30000 | embedding_loss: 0.049561 | ema_momentum: 0.99912
step: 3650/30000 | embedding_loss: 0.049701 | ema_momentum: 0.99912
step: 3700/30000 | embedding_loss: 0.049808 | ema_momentum: 0.99912
step: 3750/30000 | embedding_loss: 0.049931 | ema_momentum: 0.99913
step: 3800/30000 | embedding_loss: 0.050062 | ema_momentum: 0.99913
step: 3850/30000 | embedding_loss: 0.050199 | ema_momentum: 0.99913
step: 3900/30000 | embedding_loss: 0.050367 | ema_momentum: 0.99913
step: 3950/30000 | embedding_loss: 0.050500 | ema_momentum: 0.99913
step: 4000/30000 | embedding_loss: 0.050656 | ema_momentum: 0.99913
epoch: 4/30 | train_loss: 0.050656 | val_loss: 0.005162
step: 4050/30000 | embedding_loss: 0.053684 | ema_momentum: 0.99913
step: 4100/30000 | embedding_loss: 0.053789 | ema_momentum: 0.99914
step: 4150/30000 | embedding_loss: 0.054042 | ema_momentum: 0.99914
step: 4200/30000 | embedding_loss: 0.054144 | ema_momentum: 0.99914
step: 4250/30000 | embedding_loss: 0.054255 | ema_momentum: 0.99914
step: 4300/30000 | embedding_loss: 0.054390 | ema_momentum: 0.99914
step: 4350/30000 | embedding_loss: 0.054526 | ema_momentum: 0.99914
step: 4400/30000 | embedding_loss: 0.054781 | ema_momentum: 0.99915
step: 4450/30000 | embedding_loss: 0.054922 | ema_momentum: 0.99915
step: 4500/30000 | embedding_loss: 0.055072 | ema_momentum: 0.99915
step: 4550/30000 | embedding_loss: 0.055244 | ema_momentum: 0.99915
step: 4600/30000 | embedding_loss: 0.055427 | ema_momentum: 0.99915
step: 4650/30000 | embedding_loss: 0.055565 | ema_momentum: 0.99916
step: 4700/30000 | embedding_loss: 0.055701 | ema_momentum: 0.99916
step: 4750/30000 | embedding_loss: 0.055841 | ema_momentum: 0.99916
step: 4800/30000 | embedding_loss: 0.055987 | ema_momentum: 0.99916
step: 4850/30000 | embedding_loss: 0.056156 | ema_momentum: 0.99916
step: 4900/30000 | embedding_loss: 0.056311 | ema_momentum: 0.99916
step: 4950/30000 | embedding_loss: 0.056467 | ema_momentum: 0.99916
step: 5000/30000 | embedding_loss: 0.056629 | ema_momentum: 0.99917
epoch: 5/30 | train_loss: 0.056629 | val_loss: 0.005771
  Saved context encoder weights → ./logs/ParticleJEPA/best/jepa_1m_ragged_seed456_ep5.pt
step: 5050/30000 | embedding_loss: 0.060169 | ema_momentum: 0.99917
step: 5100/30000 | embedding_loss: 0.060256 | ema_momentum: 0.99917
step: 5150/30000 | embedding_loss: 0.060338 | ema_momentum: 0.99917
step: 5200/30000 | embedding_loss: 0.060484 | ema_momentum: 0.99917
step: 5250/30000 | embedding_loss: 0.060549 | ema_momentum: 0.99918
step: 5300/30000 | embedding_loss: 0.060704 | ema_momentum: 0.99918
step: 5350/30000 | embedding_loss: 0.060891 | ema_momentum: 0.99918
step: 5400/30000 | embedding_loss: 0.060995 | ema_momentum: 0.99918
step: 5450/30000 | embedding_loss: 0.061176 | ema_momentum: 0.99918
step: 5500/30000 | embedding_loss: 0.061328 | ema_momentum: 0.99918
step: 5550/30000 | embedding_loss: 0.061485 | ema_momentum: 0.99918
step: 5600/30000 | embedding_loss: 0.061586 | ema_momentum: 0.99919
step: 5650/30000 | embedding_loss: 0.061696 | ema_momentum: 0.99919
step: 5700/30000 | embedding_loss: 0.061830 | ema_momentum: 0.99919
step: 5750/30000 | embedding_loss: 0.061990 | ema_momentum: 0.99919
step: 5800/30000 | embedding_loss: 0.062134 | ema_momentum: 0.99919
step: 5850/30000 | embedding_loss: 0.062288 | ema_momentum: 0.99919
step: 5900/30000 | embedding_loss: 0.062447 | ema_momentum: 0.99920
step: 5950/30000 | embedding_loss: 0.062583 | ema_momentum: 0.99920
step: 6000/30000 | embedding_loss: 0.062738 | ema_momentum: 0.99920
epoch: 6/30 | train_loss: 0.062738 | val_loss: 0.005912
step: 6050/30000 | embedding_loss: 0.065351 | ema_momentum: 0.99920
step: 6100/30000 | embedding_loss: 0.065488 | ema_momentum: 0.99920
step: 6150/30000 | embedding_loss: 0.065704 | ema_momentum: 0.99921
step: 6200/30000 | embedding_loss: 0.065908 | ema_momentum: 0.99921
step: 6250/30000 | embedding_loss: 0.066098 | ema_momentum: 0.99921
step: 6300/30000 | embedding_loss: 0.066213 | ema_momentum: 0.99921
step: 6350/30000 | embedding_loss: 0.066302 | ema_momentum: 0.99921
step: 6400/30000 | embedding_loss: 0.066446 | ema_momentum: 0.99921
step: 6450/30000 | embedding_loss: 0.066606 | ema_momentum: 0.99921
step: 6500/30000 | embedding_loss: 0.066731 | ema_momentum: 0.99922
step: 6550/30000 | embedding_loss: 0.066855 | ema_momentum: 0.99922
step: 6600/30000 | embedding_loss: 0.066975 | ema_momentum: 0.99922
step: 6650/30000 | embedding_loss: 0.067104 | ema_momentum: 0.99922
step: 6700/30000 | embedding_loss: 0.067225 | ema_momentum: 0.99922
step: 6750/30000 | embedding_loss: 0.067411 | ema_momentum: 0.99923
step: 6800/30000 | embedding_loss: 0.067558 | ema_momentum: 0.99923
step: 6850/30000 | embedding_loss: 0.067686 | ema_momentum: 0.99923
step: 6900/30000 | embedding_loss: 0.067815 | ema_momentum: 0.99923
step: 6950/30000 | embedding_loss: 0.067931 | ema_momentum: 0.99923
step: 7000/30000 | embedding_loss: 0.068063 | ema_momentum: 0.99923
epoch: 7/30 | train_loss: 0.068063 | val_loss: 0.006742
step: 7050/30000 | embedding_loss: 0.070796 | ema_momentum: 0.99923
step: 7100/30000 | embedding_loss: 0.070859 | ema_momentum: 0.99924
step: 7150/30000 | embedding_loss: 0.070913 | ema_momentum: 0.99924
step: 7200/30000 | embedding_loss: 0.070983 | ema_momentum: 0.99924
step: 7250/30000 | embedding_loss: 0.071224 | ema_momentum: 0.99924
step: 7300/30000 | embedding_loss: 0.071327 | ema_momentum: 0.99924
step: 7350/30000 | embedding_loss: 0.071460 | ema_momentum: 0.99925
step: 7400/30000 | embedding_loss: 0.071547 | ema_momentum: 0.99925
step: 7450/30000 | embedding_loss: 0.071696 | ema_momentum: 0.99925
step: 7500/30000 | embedding_loss: 0.071839 | ema_momentum: 0.99925
step: 7550/30000 | embedding_loss: 0.072013 | ema_momentum: 0.99925
step: 7600/30000 | embedding_loss: 0.072185 | ema_momentum: 0.99925
step: 7650/30000 | embedding_loss: 0.072470 | ema_momentum: 0.99926
step: 7700/30000 | embedding_loss: 0.072588 | ema_momentum: 0.99926
step: 7750/30000 | embedding_loss: 0.072693 | ema_momentum: 0.99926
step: 7800/30000 | embedding_loss: 0.072828 | ema_momentum: 0.99926
step: 7850/30000 | embedding_loss: 0.072932 | ema_momentum: 0.99926
step: 7900/30000 | embedding_loss: 0.073054 | ema_momentum: 0.99926
step: 7950/30000 | embedding_loss: 0.073201 | ema_momentum: 0.99926
step: 8000/30000 | embedding_loss: 0.073346 | ema_momentum: 0.99927
epoch: 8/30 | train_loss: 0.073346 | val_loss: 0.009374
step: 8050/30000 | embedding_loss: 0.076176 | ema_momentum: 0.99927
step: 8100/30000 | embedding_loss: 0.076248 | ema_momentum: 0.99927
step: 8150/30000 | embedding_loss: 0.076303 | ema_momentum: 0.99927
step: 8200/30000 | embedding_loss: 0.076453 | ema_momentum: 0.99927
step: 8250/30000 | embedding_loss: 0.076574 | ema_momentum: 0.99928
step: 8300/30000 | embedding_loss: 0.076775 | ema_momentum: 0.99928
step: 8350/30000 | embedding_loss: 0.076943 | ema_momentum: 0.99928
step: 8400/30000 | embedding_loss: 0.077087 | ema_momentum: 0.99928
step: 8450/30000 | embedding_loss: 0.077205 | ema_momentum: 0.99928
step: 8500/30000 | embedding_loss: 0.077367 | ema_momentum: 0.99928
step: 8550/30000 | embedding_loss: 0.077521 | ema_momentum: 0.99928
step: 8600/30000 | embedding_loss: 0.077661 | ema_momentum: 0.99929
step: 8650/30000 | embedding_loss: 0.077815 | ema_momentum: 0.99929
step: 8700/30000 | embedding_loss: 0.078023 | ema_momentum: 0.99929
step: 8750/30000 | embedding_loss: 0.078190 | ema_momentum: 0.99929
step: 8800/30000 | embedding_loss: 0.078357 | ema_momentum: 0.99929
step: 8850/30000 | embedding_loss: 0.078533 | ema_momentum: 0.99930
step: 8900/30000 | embedding_loss: 0.078668 | ema_momentum: 0.99930
step: 8950/30000 | embedding_loss: 0.078814 | ema_momentum: 0.99930
step: 9000/30000 | embedding_loss: 0.078966 | ema_momentum: 0.99930
epoch: 9/30 | train_loss: 0.078966 | val_loss: 0.008705
step: 9050/30000 | embedding_loss: 0.082248 | ema_momentum: 0.99930
step: 9100/30000 | embedding_loss: 0.082077 | ema_momentum: 0.99930
step: 9150/30000 | embedding_loss: 0.082259 | ema_momentum: 0.99930
step: 9200/30000 | embedding_loss: 0.082540 | ema_momentum: 0.99931
step: 9250/30000 | embedding_loss: 0.082774 | ema_momentum: 0.99931
step: 9300/30000 | embedding_loss: 0.082953 | ema_momentum: 0.99931
step: 9350/30000 | embedding_loss: 0.083114 | ema_momentum: 0.99931
step: 9400/30000 | embedding_loss: 0.083245 | ema_momentum: 0.99931
step: 9450/30000 | embedding_loss: 0.083382 | ema_momentum: 0.99931
step: 9500/30000 | embedding_loss: 0.083525 | ema_momentum: 0.99932
step: 9550/30000 | embedding_loss: 0.083694 | ema_momentum: 0.99932
step: 9600/30000 | embedding_loss: 0.083875 | ema_momentum: 0.99932
step: 9650/30000 | embedding_loss: 0.084045 | ema_momentum: 0.99932
step: 9700/30000 | embedding_loss: 0.084190 | ema_momentum: 0.99932
step: 9750/30000 | embedding_loss: 0.084379 | ema_momentum: 0.99933
step: 9800/30000 | embedding_loss: 0.084551 | ema_momentum: 0.99933
step: 9850/30000 | embedding_loss: 0.084697 | ema_momentum: 0.99933
step: 9900/30000 | embedding_loss: 0.084869 | ema_momentum: 0.99933
step: 9950/30000 | embedding_loss: 0.085135 | ema_momentum: 0.99933
step: 10000/30000 | embedding_loss: 0.085317 | ema_momentum: 0.99933
epoch: 10/30 | train_loss: 0.085317 | val_loss: 0.010183
  Saved context encoder weights → ./logs/ParticleJEPA/best/jepa_1m_ragged_seed456_ep10.pt
step: 10050/30000 | embedding_loss: 0.088341 | ema_momentum: 0.99933
step: 10100/30000 | embedding_loss: 0.088410 | ema_momentum: 0.99934
step: 10150/30000 | embedding_loss: 0.088580 | ema_momentum: 0.99934
step: 10200/30000 | embedding_loss: 0.088794 | ema_momentum: 0.99934
step: 10250/30000 | embedding_loss: 0.089016 | ema_momentum: 0.99934
step: 10300/30000 | embedding_loss: 0.089245 | ema_momentum: 0.99934
step: 10350/30000 | embedding_loss: 0.089353 | ema_momentum: 0.99935
step: 10400/30000 | embedding_loss: 0.089510 | ema_momentum: 0.99935
step: 10450/30000 | embedding_loss: 0.089694 | ema_momentum: 0.99935
step: 10500/30000 | embedding_loss: 0.089932 | ema_momentum: 0.99935
step: 10550/30000 | embedding_loss: 0.090120 | ema_momentum: 0.99935
step: 10600/30000 | embedding_loss: 0.090294 | ema_momentum: 0.99935
step: 10650/30000 | embedding_loss: 0.090442 | ema_momentum: 0.99935
step: 10700/30000 | embedding_loss: 0.090623 | ema_momentum: 0.99936
step: 10750/30000 | embedding_loss: 0.090788 | ema_momentum: 0.99936
step: 10800/30000 | embedding_loss: 0.090979 | ema_momentum: 0.99936
step: 10850/30000 | embedding_loss: 0.091130 | ema_momentum: 0.99936
step: 10900/30000 | embedding_loss: 0.091285 | ema_momentum: 0.99936
step: 10950/30000 | embedding_loss: 0.091446 | ema_momentum: 0.99936
step: 11000/30000 | embedding_loss: 0.091612 | ema_momentum: 0.99937
epoch: 11/30 | train_loss: 0.091612 | val_loss: 0.010462
step: 11050/30000 | embedding_loss: 0.094822 | ema_momentum: 0.99937
step: 11100/30000 | embedding_loss: 0.095030 | ema_momentum: 0.99937
step: 11150/30000 | embedding_loss: 0.095330 | ema_momentum: 0.99937
step: 11200/30000 | embedding_loss: 0.095522 | ema_momentum: 0.99937
step: 11250/30000 | embedding_loss: 0.095710 | ema_momentum: 0.99938
step: 11300/30000 | embedding_loss: 0.095847 | ema_momentum: 0.99938
step: 11350/30000 | embedding_loss: 0.096018 | ema_momentum: 0.99938
step: 11400/30000 | embedding_loss: 0.096192 | ema_momentum: 0.99938
step: 11450/30000 | embedding_loss: 0.096350 | ema_momentum: 0.99938
step: 11500/30000 | embedding_loss: 0.096535 | ema_momentum: 0.99938
step: 11550/30000 | embedding_loss: 0.096708 | ema_momentum: 0.99938
step: 11600/30000 | embedding_loss: 0.096887 | ema_momentum: 0.99939
step: 11650/30000 | embedding_loss: 0.097068 | ema_momentum: 0.99939
step: 11700/30000 | embedding_loss: 0.097224 | ema_momentum: 0.99939
step: 11750/30000 | embedding_loss: 0.097363 | ema_momentum: 0.99939
step: 11800/30000 | embedding_loss: 0.097523 | ema_momentum: 0.99939
step: 11850/30000 | embedding_loss: 0.097700 | ema_momentum: 0.99940
step: 11900/30000 | embedding_loss: 0.097849 | ema_momentum: 0.99940
step: 11950/30000 | embedding_loss: 0.098012 | ema_momentum: 0.99940
step: 12000/30000 | embedding_loss: 0.098200 | ema_momentum: 0.99940
epoch: 12/30 | train_loss: 0.098200 | val_loss: 0.011782
step: 12050/30000 | embedding_loss: 0.100904 | ema_momentum: 0.99940
step: 12100/30000 | embedding_loss: 0.101024 | ema_momentum: 0.99940
step: 12150/30000 | embedding_loss: 0.101191 | ema_momentum: 0.99940
step: 12200/30000 | embedding_loss: 0.101552 | ema_momentum: 0.99941
step: 12250/30000 | embedding_loss: 0.101687 | ema_momentum: 0.99941
step: 12300/30000 | embedding_loss: 0.101877 | ema_momentum: 0.99941
step: 12350/30000 | embedding_loss: 0.102075 | ema_momentum: 0.99941
step: 12400/30000 | embedding_loss: 0.102238 | ema_momentum: 0.99941
step: 12450/30000 | embedding_loss: 0.102406 | ema_momentum: 0.99942
step: 12500/30000 | embedding_loss: 0.102590 | ema_momentum: 0.99942
step: 12550/30000 | embedding_loss: 0.102732 | ema_momentum: 0.99942
step: 12600/30000 | embedding_loss: 0.102874 | ema_momentum: 0.99942
step: 12650/30000 | embedding_loss: 0.103029 | ema_momentum: 0.99942
step: 12700/30000 | embedding_loss: 0.103203 | ema_momentum: 0.99942
step: 12750/30000 | embedding_loss: 0.103377 | ema_momentum: 0.99943
step: 12800/30000 | embedding_loss: 0.103529 | ema_momentum: 0.99943
step: 12850/30000 | embedding_loss: 0.103656 | ema_momentum: 0.99943
step: 12900/30000 | embedding_loss: 0.103831 | ema_momentum: 0.99943
step: 12950/30000 | embedding_loss: 0.103989 | ema_momentum: 0.99943
step: 13000/30000 | embedding_loss: 0.104210 | ema_momentum: 0.99943
epoch: 13/30 | train_loss: 0.104210 | val_loss: 0.012251
step: 13050/30000 | embedding_loss: 0.107186 | ema_momentum: 0.99943
step: 13100/30000 | embedding_loss: 0.107290 | ema_momentum: 0.99944
step: 13150/30000 | embedding_loss: 0.107359 | ema_momentum: 0.99944
step: 13200/30000 | embedding_loss: 0.107525 | ema_momentum: 0.99944
step: 13250/30000 | embedding_loss: 0.107668 | ema_momentum: 0.99944
step: 13300/30000 | embedding_loss: 0.107850 | ema_momentum: 0.99944
step: 13350/30000 | embedding_loss: 0.108018 | ema_momentum: 0.99945
step: 13400/30000 | embedding_loss: 0.108176 | ema_momentum: 0.99945
step: 13450/30000 | embedding_loss: 0.108291 | ema_momentum: 0.99945
step: 13500/30000 | embedding_loss: 0.108433 | ema_momentum: 0.99945
step: 13550/30000 | embedding_loss: 0.108604 | ema_momentum: 0.99945
step: 13600/30000 | embedding_loss: 0.108706 | ema_momentum: 0.99945
step: 13650/30000 | embedding_loss: 0.108851 | ema_momentum: 0.99945
step: 13700/30000 | embedding_loss: 0.108983 | ema_momentum: 0.99946
step: 13750/30000 | embedding_loss: 0.109106 | ema_momentum: 0.99946
step: 13800/30000 | embedding_loss: 0.109238 | ema_momentum: 0.99946
step: 13850/30000 | embedding_loss: 0.109369 | ema_momentum: 0.99946
step: 13900/30000 | embedding_loss: 0.109502 | ema_momentum: 0.99946
step: 13950/30000 | embedding_loss: 0.109663 | ema_momentum: 0.99947
step: 14000/30000 | embedding_loss: 0.109798 | ema_momentum: 0.99947
epoch: 14/30 | train_loss: 0.109798 | val_loss: 0.013779
step: 14050/30000 | embedding_loss: 0.112375 | ema_momentum: 0.99947
step: 14100/30000 | embedding_loss: 0.112437 | ema_momentum: 0.99947
step: 14150/30000 | embedding_loss: 0.112584 | ema_momentum: 0.99947
step: 14200/30000 | embedding_loss: 0.112712 | ema_momentum: 0.99947
step: 14250/30000 | embedding_loss: 0.112858 | ema_momentum: 0.99948
step: 14300/30000 | embedding_loss: 0.112955 | ema_momentum: 0.99948
step: 14350/30000 | embedding_loss: 0.113027 | ema_momentum: 0.99948
step: 14400/30000 | embedding_loss: 0.113174 | ema_momentum: 0.99948
step: 14450/30000 | embedding_loss: 0.113292 | ema_momentum: 0.99948
step: 14500/30000 | embedding_loss: 0.113432 | ema_momentum: 0.99948
step: 14550/30000 | embedding_loss: 0.113550 | ema_momentum: 0.99948
step: 14600/30000 | embedding_loss: 0.113674 | ema_momentum: 0.99949
step: 14650/30000 | embedding_loss: 0.113818 | ema_momentum: 0.99949
step: 14700/30000 | embedding_loss: 0.113937 | ema_momentum: 0.99949
step: 14750/30000 | embedding_loss: 0.114049 | ema_momentum: 0.99949
step: 14800/30000 | embedding_loss: 0.114148 | ema_momentum: 0.99949
step: 14850/30000 | embedding_loss: 0.114268 | ema_momentum: 0.99950
step: 14900/30000 | embedding_loss: 0.114398 | ema_momentum: 0.99950
step: 14950/30000 | embedding_loss: 0.114511 | ema_momentum: 0.99950
step: 15000/30000 | embedding_loss: 0.114627 | ema_momentum: 0.99950
epoch: 15/30 | train_loss: 0.114627 | val_loss: 0.014002
  Saved context encoder weights → ./logs/ParticleJEPA/best/jepa_1m_ragged_seed456_ep15.pt
step: 15050/30000 | embedding_loss: 0.116940 | ema_momentum: 0.99950
step: 15100/30000 | embedding_loss: 0.117152 | ema_momentum: 0.99950
step: 15150/30000 | embedding_loss: 0.117209 | ema_momentum: 0.99950
step: 15200/30000 | embedding_loss: 0.117332 | ema_momentum: 0.99951
step: 15250/30000 | embedding_loss: 0.117476 | ema_momentum: 0.99951
step: 15300/30000 | embedding_loss: 0.117617 | ema_momentum: 0.99951
step: 15350/30000 | embedding_loss: 0.117729 | ema_momentum: 0.99951
step: 15400/30000 | embedding_loss: 0.117804 | ema_momentum: 0.99951
step: 15450/30000 | embedding_loss: 0.117900 | ema_momentum: 0.99952
step: 15500/30000 | embedding_loss: 0.117979 | ema_momentum: 0.99952
step: 15550/30000 | embedding_loss: 0.118065 | ema_momentum: 0.99952
step: 15600/30000 | embedding_loss: 0.118158 | ema_momentum: 0.99952
step: 15650/30000 | embedding_loss: 0.118255 | ema_momentum: 0.99952
step: 15700/30000 | embedding_loss: 0.118369 | ema_momentum: 0.99952
step: 15750/30000 | embedding_loss: 0.118475 | ema_momentum: 0.99952
step: 15800/30000 | embedding_loss: 0.118577 | ema_momentum: 0.99953
step: 15850/30000 | embedding_loss: 0.118665 | ema_momentum: 0.99953
step: 15900/30000 | embedding_loss: 0.118749 | ema_momentum: 0.99953
step: 15950/30000 | embedding_loss: 0.118849 | ema_momentum: 0.99953
step: 16000/30000 | embedding_loss: 0.118953 | ema_momentum: 0.99953
epoch: 16/30 | train_loss: 0.118953 | val_loss: 0.014380
step: 16050/30000 | embedding_loss: 0.120486 | ema_momentum: 0.99953
step: 16100/30000 | embedding_loss: 0.120619 | ema_momentum: 0.99954
step: 16150/30000 | embedding_loss: 0.120722 | ema_momentum: 0.99954
step: 16200/30000 | embedding_loss: 0.120836 | ema_momentum: 0.99954
step: 16250/30000 | embedding_loss: 0.121008 | ema_momentum: 0.99954
step: 16300/30000 | embedding_loss: 0.121152 | ema_momentum: 0.99954
step: 16350/30000 | embedding_loss: 0.121314 | ema_momentum: 0.99955
step: 16400/30000 | embedding_loss: 0.121416 | ema_momentum: 0.99955
step: 16450/30000 | embedding_loss: 0.121526 | ema_momentum: 0.99955
step: 16500/30000 | embedding_loss: 0.121648 | ema_momentum: 0.99955
step: 16550/30000 | embedding_loss: 0.121730 | ema_momentum: 0.99955
step: 16600/30000 | embedding_loss: 0.121823 | ema_momentum: 0.99955
step: 16650/30000 | embedding_loss: 0.121904 | ema_momentum: 0.99955
step: 16700/30000 | embedding_loss: 0.121992 | ema_momentum: 0.99956
step: 16750/30000 | embedding_loss: 0.122112 | ema_momentum: 0.99956
step: 16800/30000 | embedding_loss: 0.122216 | ema_momentum: 0.99956
step: 16850/30000 | embedding_loss: 0.122335 | ema_momentum: 0.99956
step: 16900/30000 | embedding_loss: 0.122417 | ema_momentum: 0.99956
step: 16950/30000 | embedding_loss: 0.122497 | ema_momentum: 0.99957
step: 17000/30000 | embedding_loss: 0.122593 | ema_momentum: 0.99957
epoch: 17/30 | train_loss: 0.122593 | val_loss: 0.015006
step: 17050/30000 | embedding_loss: 0.124076 | ema_momentum: 0.99957
step: 17100/30000 | embedding_loss: 0.124442 | ema_momentum: 0.99957
step: 17150/30000 | embedding_loss: 0.124422 | ema_momentum: 0.99957
step: 17200/30000 | embedding_loss: 0.124425 | ema_momentum: 0.99957
step: 17250/30000 | embedding_loss: 0.124527 | ema_momentum: 0.99957
step: 17300/30000 | embedding_loss: 0.124598 | ema_momentum: 0.99958
step: 17350/30000 | embedding_loss: 0.124665 | ema_momentum: 0.99958
step: 17400/30000 | embedding_loss: 0.124807 | ema_momentum: 0.99958
step: 17450/30000 | embedding_loss: 0.124904 | ema_momentum: 0.99958
step: 17500/30000 | embedding_loss: 0.124984 | ema_momentum: 0.99958
step: 17550/30000 | embedding_loss: 0.125102 | ema_momentum: 0.99958
step: 17600/30000 | embedding_loss: 0.125203 | ema_momentum: 0.99959
step: 17650/30000 | embedding_loss: 0.125279 | ema_momentum: 0.99959
step: 17700/30000 | embedding_loss: 0.125362 | ema_momentum: 0.99959
step: 17750/30000 | embedding_loss: 0.125454 | ema_momentum: 0.99959
step: 17800/30000 | embedding_loss: 0.125549 | ema_momentum: 0.99959
step: 17850/30000 | embedding_loss: 0.125622 | ema_momentum: 0.99960
step: 17900/30000 | embedding_loss: 0.125688 | ema_momentum: 0.99960
step: 17950/30000 | embedding_loss: 0.125782 | ema_momentum: 0.99960
step: 18000/30000 | embedding_loss: 0.125856 | ema_momentum: 0.99960
epoch: 18/30 | train_loss: 0.125856 | val_loss: 0.016034
step: 18050/30000 | embedding_loss: 0.126997 | ema_momentum: 0.99960
step: 18100/30000 | embedding_loss: 0.127244 | ema_momentum: 0.99960
step: 18150/30000 | embedding_loss: 0.127317 | ema_momentum: 0.99960
step: 18200/30000 | embedding_loss: 0.127431 | ema_momentum: 0.99961
step: 18250/30000 | embedding_loss: 0.127477 | ema_momentum: 0.99961
step: 18300/30000 | embedding_loss: 0.127642 | ema_momentum: 0.99961
step: 18350/30000 | embedding_loss: 0.127736 | ema_momentum: 0.99961
step: 18400/30000 | embedding_loss: 0.127813 | ema_momentum: 0.99961
step: 18450/30000 | embedding_loss: 0.127895 | ema_momentum: 0.99962
step: 18500/30000 | embedding_loss: 0.127952 | ema_momentum: 0.99962
step: 18550/30000 | embedding_loss: 0.128035 | ema_momentum: 0.99962
step: 18600/30000 | embedding_loss: 0.128110 | ema_momentum: 0.99962
step: 18650/30000 | embedding_loss: 0.128189 | ema_momentum: 0.99962
step: 18700/30000 | embedding_loss: 0.128270 | ema_momentum: 0.99962
step: 18750/30000 | embedding_loss: 0.128318 | ema_momentum: 0.99962
step: 18800/30000 | embedding_loss: 0.128382 | ema_momentum: 0.99963
step: 18850/30000 | embedding_loss: 0.128459 | ema_momentum: 0.99963
step: 18900/30000 | embedding_loss: 0.128521 | ema_momentum: 0.99963
step: 18950/30000 | embedding_loss: 0.128588 | ema_momentum: 0.99963
step: 19000/30000 | embedding_loss: 0.128663 | ema_momentum: 0.99963
epoch: 19/30 | train_loss: 0.128663 | val_loss: 0.016877
step: 19050/30000 | embedding_loss: 0.130320 | ema_momentum: 0.99964
step: 19100/30000 | embedding_loss: 0.129921 | ema_momentum: 0.99964
step: 19150/30000 | embedding_loss: 0.129907 | ema_momentum: 0.99964
step: 19200/30000 | embedding_loss: 0.130017 | ema_momentum: 0.99964
step: 19250/30000 | embedding_loss: 0.130033 | ema_momentum: 0.99964
step: 19300/30000 | embedding_loss: 0.130126 | ema_momentum: 0.99964
step: 19350/30000 | embedding_loss: 0.130195 | ema_momentum: 0.99965
step: 19400/30000 | embedding_loss: 0.130264 | ema_momentum: 0.99965
step: 19450/30000 | embedding_loss: 0.130335 | ema_momentum: 0.99965
step: 19500/30000 | embedding_loss: 0.130410 | ema_momentum: 0.99965
step: 19550/30000 | embedding_loss: 0.130501 | ema_momentum: 0.99965
step: 19600/30000 | embedding_loss: 0.130573 | ema_momentum: 0.99965
step: 19650/30000 | embedding_loss: 0.130642 | ema_momentum: 0.99965
step: 19700/30000 | embedding_loss: 0.130683 | ema_momentum: 0.99966
step: 19750/30000 | embedding_loss: 0.130741 | ema_momentum: 0.99966
step: 19800/30000 | embedding_loss: 0.130806 | ema_momentum: 0.99966
step: 19850/30000 | embedding_loss: 0.130880 | ema_momentum: 0.99966
step: 19900/30000 | embedding_loss: 0.130931 | ema_momentum: 0.99966
step: 19950/30000 | embedding_loss: 0.130975 | ema_momentum: 0.99967
step: 20000/30000 | embedding_loss: 0.131033 | ema_momentum: 0.99967
epoch: 20/30 | train_loss: 0.131033 | val_loss: 0.017290
  Saved context encoder weights → ./logs/ParticleJEPA/best/jepa_1m_ragged_seed456_ep20.pt
step: 20050/30000 | embedding_loss: 0.131887 | ema_momentum: 0.99967
step: 20100/30000 | embedding_loss: 0.131843 | ema_momentum: 0.99967
step: 20150/30000 | embedding_loss: 0.132007 | ema_momentum: 0.99967
step: 20200/30000 | embedding_loss: 0.132081 | ema_momentum: 0.99967
step: 20250/30000 | embedding_loss: 0.132176 | ema_momentum: 0.99967
step: 20300/30000 | embedding_loss: 0.132202 | ema_momentum: 0.99968
step: 20350/30000 | embedding_loss: 0.132234 | ema_momentum: 0.99968
step: 20400/30000 | embedding_loss: 0.132298 | ema_momentum: 0.99968
step: 20450/30000 | embedding_loss: 0.132323 | ema_momentum: 0.99968
step: 20500/30000 | embedding_loss: 0.132401 | ema_momentum: 0.99968
step: 20550/30000 | embedding_loss: 0.132457 | ema_momentum: 0.99969
step: 20600/30000 | embedding_loss: 0.132519 | ema_momentum: 0.99969
step: 20650/30000 | embedding_loss: 0.132555 | ema_momentum: 0.99969
step: 20700/30000 | embedding_loss: 0.132610 | ema_momentum: 0.99969
step: 20750/30000 | embedding_loss: 0.132681 | ema_momentum: 0.99969
step: 20800/30000 | embedding_loss: 0.132724 | ema_momentum: 0.99969
step: 20850/30000 | embedding_loss: 0.132779 | ema_momentum: 0.99970
step: 20900/30000 | embedding_loss: 0.132840 | ema_momentum: 0.99970
step: 20950/30000 | embedding_loss: 0.132895 | ema_momentum: 0.99970
step: 21000/30000 | embedding_loss: 0.132951 | ema_momentum: 0.99970
epoch: 21/30 | train_loss: 0.132951 | val_loss: 0.017751
step: 21050/30000 | embedding_loss: 0.133699 | ema_momentum: 0.99970
step: 21100/30000 | embedding_loss: 0.133644 | ema_momentum: 0.99970
step: 21150/30000 | embedding_loss: 0.133713 | ema_momentum: 0.99970
step: 21200/30000 | embedding_loss: 0.133811 | ema_momentum: 0.99971
step: 21250/30000 | embedding_loss: 0.133852 | ema_momentum: 0.99971
step: 21300/30000 | embedding_loss: 0.133899 | ema_momentum: 0.99971
step: 21350/30000 | embedding_loss: 0.133958 | ema_momentum: 0.99971
step: 21400/30000 | embedding_loss: 0.134025 | ema_momentum: 0.99971
step: 21450/30000 | embedding_loss: 0.134075 | ema_momentum: 0.99972
step: 21500/30000 | embedding_loss: 0.134120 | ema_momentum: 0.99972
step: 21550/30000 | embedding_loss: 0.134168 | ema_momentum: 0.99972
step: 21600/30000 | embedding_loss: 0.134202 | ema_momentum: 0.99972
step: 21650/30000 | embedding_loss: 0.134229 | ema_momentum: 0.99972
step: 21700/30000 | embedding_loss: 0.134272 | ema_momentum: 0.99972
step: 21750/30000 | embedding_loss: 0.134336 | ema_momentum: 0.99972
step: 21800/30000 | embedding_loss: 0.134377 | ema_momentum: 0.99973
step: 21850/30000 | embedding_loss: 0.134441 | ema_momentum: 0.99973
step: 21900/30000 | embedding_loss: 0.134494 | ema_momentum: 0.99973
step: 21950/30000 | embedding_loss: 0.134551 | ema_momentum: 0.99973
step: 22000/30000 | embedding_loss: 0.134597 | ema_momentum: 0.99973
epoch: 22/30 | train_loss: 0.134597 | val_loss: 0.018555
step: 22050/30000 | embedding_loss: 0.135339 | ema_momentum: 0.99974
step: 22100/30000 | embedding_loss: 0.135221 | ema_momentum: 0.99974
step: 22150/30000 | embedding_loss: 0.135193 | ema_momentum: 0.99974
step: 22200/30000 | embedding_loss: 0.135234 | ema_momentum: 0.99974
step: 22250/30000 | embedding_loss: 0.136159 | ema_momentum: 0.99974
step: 22300/30000 | embedding_loss: 0.136059 | ema_momentum: 0.99974
step: 22350/30000 | embedding_loss: 0.135964 | ema_momentum: 0.99974
step: 22400/30000 | embedding_loss: 0.135956 | ema_momentum: 0.99975
step: 22450/30000 | embedding_loss: 0.135931 | ema_momentum: 0.99975
step: 22500/30000 | embedding_loss: 0.135929 | ema_momentum: 0.99975
step: 22550/30000 | embedding_loss: 0.135914 | ema_momentum: 0.99975
step: 22600/30000 | embedding_loss: 0.135922 | ema_momentum: 0.99975
step: 22650/30000 | embedding_loss: 0.135945 | ema_momentum: 0.99975
step: 22700/30000 | embedding_loss: 0.135941 | ema_momentum: 0.99976
step: 22750/30000 | embedding_loss: 0.135956 | ema_momentum: 0.99976
step: 22800/30000 | embedding_loss: 0.135971 | ema_momentum: 0.99976
step: 22850/30000 | embedding_loss: 0.135998 | ema_momentum: 0.99976
step: 22900/30000 | embedding_loss: 0.136018 | ema_momentum: 0.99976
step: 22950/30000 | embedding_loss: 0.136048 | ema_momentum: 0.99977
step: 23000/30000 | embedding_loss: 0.136068 | ema_momentum: 0.99977
epoch: 23/30 | train_loss: 0.136068 | val_loss: 0.018784
step: 23050/30000 | embedding_loss: 0.136479 | ema_momentum: 0.99977
step: 23100/30000 | embedding_loss: 0.136361 | ema_momentum: 0.99977
step: 23150/30000 | embedding_loss: 0.136370 | ema_momentum: 0.99977
step: 23200/30000 | embedding_loss: 0.136484 | ema_momentum: 0.99977
step: 23250/30000 | embedding_loss: 0.136479 | ema_momentum: 0.99977
step: 23300/30000 | embedding_loss: 0.136547 | ema_momentum: 0.99978
step: 23350/30000 | embedding_loss: 0.136533 | ema_momentum: 0.99978
step: 23400/30000 | embedding_loss: 0.136543 | ema_momentum: 0.99978
step: 23450/30000 | embedding_loss: 0.136595 | ema_momentum: 0.99978
step: 23500/30000 | embedding_loss: 0.136646 | ema_momentum: 0.99978
step: 23550/30000 | embedding_loss: 0.136680 | ema_momentum: 0.99979
step: 23600/30000 | embedding_loss: 0.136724 | ema_momentum: 0.99979
step: 23650/30000 | embedding_loss: 0.136769 | ema_momentum: 0.99979
step: 23700/30000 | embedding_loss: 0.136793 | ema_momentum: 0.99979
step: 23750/30000 | embedding_loss: 0.136802 | ema_momentum: 0.99979
step: 23800/30000 | embedding_loss: 0.136808 | ema_momentum: 0.99979
step: 23850/30000 | embedding_loss: 0.136860 | ema_momentum: 0.99979
step: 23900/30000 | embedding_loss: 0.136879 | ema_momentum: 0.99980
step: 23950/30000 | embedding_loss: 0.136909 | ema_momentum: 0.99980
step: 24000/30000 | embedding_loss: 0.136927 | ema_momentum: 0.99980
epoch: 24/30 | train_loss: 0.136927 | val_loss: 0.019175
step: 24050/30000 | embedding_loss: 0.137484 | ema_momentum: 0.99980
step: 24100/30000 | embedding_loss: 0.137442 | ema_momentum: 0.99980
step: 24150/30000 | embedding_loss: 0.137530 | ema_momentum: 0.99981
step: 24200/30000 | embedding_loss: 0.137602 | ema_momentum: 0.99981
step: 24250/30000 | embedding_loss: 0.137589 | ema_momentum: 0.99981
step: 24300/30000 | embedding_loss: 0.137617 | ema_momentum: 0.99981
step: 24350/30000 | embedding_loss: 0.137649 | ema_momentum: 0.99981
step: 24400/30000 | embedding_loss: 0.137662 | ema_momentum: 0.99981
step: 24450/30000 | embedding_loss: 0.137656 | ema_momentum: 0.99982
step: 24500/30000 | embedding_loss: 0.137653 | ema_momentum: 0.99982
step: 24550/30000 | embedding_loss: 0.137673 | ema_momentum: 0.99982
step: 24600/30000 | embedding_loss: 0.137709 | ema_momentum: 0.99982
step: 24650/30000 | embedding_loss: 0.137719 | ema_momentum: 0.99982
step: 24700/30000 | embedding_loss: 0.137731 | ema_momentum: 0.99982
step: 24750/30000 | embedding_loss: 0.137767 | ema_momentum: 0.99982
step: 24800/30000 | embedding_loss: 0.137784 | ema_momentum: 0.99983
step: 24850/30000 | embedding_loss: 0.137799 | ema_momentum: 0.99983
step: 24900/30000 | embedding_loss: 0.137811 | ema_momentum: 0.99983
step: 24950/30000 | embedding_loss: 0.137840 | ema_momentum: 0.99983
step: 25000/30000 | embedding_loss: 0.137871 | ema_momentum: 0.99983
epoch: 25/30 | train_loss: 0.137871 | val_loss: 0.019328
  Saved context encoder weights → ./logs/ParticleJEPA/best/jepa_1m_ragged_seed456_ep25.pt
step: 25050/30000 | embedding_loss: 0.138002 | ema_momentum: 0.99984
step: 25100/30000 | embedding_loss: 0.138038 | ema_momentum: 0.99984
step: 25150/30000 | embedding_loss: 0.138073 | ema_momentum: 0.99984
step: 25200/30000 | embedding_loss: 0.138035 | ema_momentum: 0.99984
step: 25250/30000 | embedding_loss: 0.138080 | ema_momentum: 0.99984
step: 25300/30000 | embedding_loss: 0.138132 | ema_momentum: 0.99984
step: 25350/30000 | embedding_loss: 0.138128 | ema_momentum: 0.99984
step: 25400/30000 | embedding_loss: 0.138179 | ema_momentum: 0.99985
step: 25450/30000 | embedding_loss: 0.138205 | ema_momentum: 0.99985
step: 25500/30000 | embedding_loss: 0.138209 | ema_momentum: 0.99985
step: 25550/30000 | embedding_loss: 0.138234 | ema_momentum: 0.99985
step: 25600/30000 | embedding_loss: 0.138260 | ema_momentum: 0.99985
step: 25650/30000 | embedding_loss: 0.138269 | ema_momentum: 0.99986
step: 25700/30000 | embedding_loss: 0.138298 | ema_momentum: 0.99986
step: 25750/30000 | embedding_loss: 0.138317 | ema_momentum: 0.99986
step: 25800/30000 | embedding_loss: 0.138340 | ema_momentum: 0.99986
step: 25850/30000 | embedding_loss: 0.138353 | ema_momentum: 0.99986
step: 25900/30000 | embedding_loss: 0.138377 | ema_momentum: 0.99986
step: 25950/30000 | embedding_loss: 0.138400 | ema_momentum: 0.99987
step: 26000/30000 | embedding_loss: 0.138413 | ema_momentum: 0.99987
epoch: 26/30 | train_loss: 0.138413 | val_loss: 0.019563
step: 26050/30000 | embedding_loss: 0.138680 | ema_momentum: 0.99987
step: 26100/30000 | embedding_loss: 0.138927 | ema_momentum: 0.99987
step: 26150/30000 | embedding_loss: 0.138960 | ema_momentum: 0.99987
step: 26200/30000 | embedding_loss: 0.138891 | ema_momentum: 0.99987
step: 26250/30000 | embedding_loss: 0.138825 | ema_momentum: 0.99987
step: 26300/30000 | embedding_loss: 0.138878 | ema_momentum: 0.99988
step: 26350/30000 | embedding_loss: 0.138922 | ema_momentum: 0.99988
step: 26400/30000 | embedding_loss: 0.138892 | ema_momentum: 0.99988
step: 26450/30000 | embedding_loss: 0.138885 | ema_momentum: 0.99988
step: 26500/30000 | embedding_loss: 0.138891 | ema_momentum: 0.99988
step: 26550/30000 | embedding_loss: 0.138910 | ema_momentum: 0.99989
step: 26600/30000 | embedding_loss: 0.138904 | ema_momentum: 0.99989
step: 26650/30000 | embedding_loss: 0.138924 | ema_momentum: 0.99989
step: 26700/30000 | embedding_loss: 0.138943 | ema_momentum: 0.99989
step: 26750/30000 | embedding_loss: 0.138956 | ema_momentum: 0.99989
step: 26800/30000 | embedding_loss: 0.138962 | ema_momentum: 0.99989
step: 26850/30000 | embedding_loss: 0.138976 | ema_momentum: 0.99989
step: 26900/30000 | embedding_loss: 0.138977 | ema_momentum: 0.99990
step: 26950/30000 | embedding_loss: 0.138988 | ema_momentum: 0.99990
step: 27000/30000 | embedding_loss: 0.138991 | ema_momentum: 0.99990
epoch: 27/30 | train_loss: 0.138991 | val_loss: 0.019938
step: 27050/30000 | embedding_loss: 0.139207 | ema_momentum: 0.99990
step: 27100/30000 | embedding_loss: 0.139023 | ema_momentum: 0.99990
step: 27150/30000 | embedding_loss: 0.139199 | ema_momentum: 0.99991
step: 27200/30000 | embedding_loss: 0.139232 | ema_momentum: 0.99991
step: 27250/30000 | embedding_loss: 0.139263 | ema_momentum: 0.99991
step: 27300/30000 | embedding_loss: 0.139257 | ema_momentum: 0.99991
step: 27350/30000 | embedding_loss: 0.139245 | ema_momentum: 0.99991
step: 27400/30000 | embedding_loss: 0.139249 | ema_momentum: 0.99991
step: 27450/30000 | embedding_loss: 0.139263 | ema_momentum: 0.99991
step: 27500/30000 | embedding_loss: 0.139280 | ema_momentum: 0.99992
step: 27550/30000 | embedding_loss: 0.139277 | ema_momentum: 0.99992
step: 27600/30000 | embedding_loss: 0.139308 | ema_momentum: 0.99992
step: 27650/30000 | embedding_loss: 0.139333 | ema_momentum: 0.99992
step: 27700/30000 | embedding_loss: 0.139342 | ema_momentum: 0.99992
step: 27750/30000 | embedding_loss: 0.139351 | ema_momentum: 0.99992
step: 27800/30000 | embedding_loss: 0.139349 | ema_momentum: 0.99993
step: 27850/30000 | embedding_loss: 0.139369 | ema_momentum: 0.99993
step: 27900/30000 | embedding_loss: 0.139391 | ema_momentum: 0.99993
step: 27950/30000 | embedding_loss: 0.139396 | ema_momentum: 0.99993
step: 28000/30000 | embedding_loss: 0.139396 | ema_momentum: 0.99993
epoch: 28/30 | train_loss: 0.139396 | val_loss: 0.019857
step: 28050/30000 | embedding_loss: 0.139518 | ema_momentum: 0.99994
step: 28100/30000 | embedding_loss: 0.139448 | ema_momentum: 0.99994
step: 28150/30000 | embedding_loss: 0.139469 | ema_momentum: 0.99994
step: 28200/30000 | embedding_loss: 0.139455 | ema_momentum: 0.99994
step: 28250/30000 | embedding_loss: 0.139440 | ema_momentum: 0.99994
step: 28300/30000 | embedding_loss: 0.139423 | ema_momentum: 0.99994
step: 28350/30000 | embedding_loss: 0.139442 | ema_momentum: 0.99994
step: 28400/30000 | embedding_loss: 0.139459 | ema_momentum: 0.99995
step: 28450/30000 | embedding_loss: 0.139455 | ema_momentum: 0.99995
step: 28500/30000 | embedding_loss: 0.139486 | ema_momentum: 0.99995
step: 28550/30000 | embedding_loss: 0.139488 | ema_momentum: 0.99995
step: 28600/30000 | embedding_loss: 0.139494 | ema_momentum: 0.99995
step: 28650/30000 | embedding_loss: 0.139512 | ema_momentum: 0.99996
step: 28700/30000 | embedding_loss: 0.139516 | ema_momentum: 0.99996
step: 28750/30000 | embedding_loss: 0.139527 | ema_momentum: 0.99996
step: 28800/30000 | embedding_loss: 0.139555 | ema_momentum: 0.99996
step: 28850/30000 | embedding_loss: 0.139556 | ema_momentum: 0.99996
step: 28900/30000 | embedding_loss: 0.139563 | ema_momentum: 0.99996
step: 28950/30000 | embedding_loss: 0.139560 | ema_momentum: 0.99996
step: 29000/30000 | embedding_loss: 0.139568 | ema_momentum: 0.99997
epoch: 29/30 | train_loss: 0.139568 | val_loss: 0.019869
step: 29050/30000 | embedding_loss: 0.139498 | ema_momentum: 0.99997
step: 29100/30000 | embedding_loss: 0.139531 | ema_momentum: 0.99997
step: 29150/30000 | embedding_loss: 0.139606 | ema_momentum: 0.99997
step: 29200/30000 | embedding_loss: 0.139573 | ema_momentum: 0.99997
step: 29250/30000 | embedding_loss: 0.139544 | ema_momentum: 0.99997
step: 29300/30000 | embedding_loss: 0.139519 | ema_momentum: 0.99998
step: 29350/30000 | embedding_loss: 0.139549 | ema_momentum: 0.99998
step: 29400/30000 | embedding_loss: 0.139561 | ema_momentum: 0.99998
step: 29450/30000 | embedding_loss: 0.139600 | ema_momentum: 0.99998
step: 29500/30000 | embedding_loss: 0.139627 | ema_momentum: 0.99998
step: 29550/30000 | embedding_loss: 0.139637 | ema_momentum: 0.99999
step: 29600/30000 | embedding_loss: 0.139624 | ema_momentum: 0.99999
step: 29650/30000 | embedding_loss: 0.139631 | ema_momentum: 0.99999
step: 29700/30000 | embedding_loss: 0.139610 | ema_momentum: 0.99999
step: 29750/30000 | embedding_loss: 0.139620 | ema_momentum: 0.99999
step: 29800/30000 | embedding_loss: 0.139619 | ema_momentum: 0.99999
step: 29850/30000 | embedding_loss: 0.139622 | ema_momentum: 0.99999
step: 29900/30000 | embedding_loss: 0.139607 | ema_momentum: 1.00000
step: 29950/30000 | embedding_loss: 0.139608 | ema_momentum: 1.00000
step: 30000/30000 | embedding_loss: 0.139610 | ema_momentum: 1.00000
epoch: 30/30 | train_loss: 0.139610 | val_loss: 0.019888
  Saved context encoder weights → ./logs/ParticleJEPA/best/jepa_1m_ragged_seed456_ep30.pt
  Saving FINAL context encoder (epoch 30, EMA annealed)
  Saved context encoder weights → ./logs/ParticleJEPA/best/jepa_1m_ragged_seed456.pt

Best model saved to: ./logs/ParticleJEPA/best/jepa_1m_ragged_seed456.pt
step: 50/30000 | pT_loss: 1.9977 | eta_loss: 2.0656 | phi_loss: 0.4298 | energy_loss: 2.2292 | total_train_loss: 1.6806
step: 100/30000 | pT_loss: 1.3219 | eta_loss: 1.2733 | phi_loss: 0.3320 | energy_loss: 1.4406 | total_train_loss: 1.0920
step: 150/30000 | pT_loss: 1.0837 | eta_loss: 0.9943 | phi_loss: 0.2863 | energy_loss: 1.1689 | total_train_loss: 0.8833
step: 200/30000 | pT_loss: 0.9607 | eta_loss: 0.8451 | phi_loss: 0.2547 | energy_loss: 1.0246 | total_train_loss: 0.7713
step: 250/30000 | pT_loss: 0.8791 | eta_loss: 0.7499 | phi_loss: 0.2313 | energy_loss: 0.9326 | total_train_loss: 0.6982
step: 300/30000 | pT_loss: 0.8200 | eta_loss: 0.6800 | phi_loss: 0.2130 | energy_loss: 0.8680 | total_train_loss: 0.6452
step: 350/30000 | pT_loss: 0.7745 | eta_loss: 0.6257 | phi_loss: 0.1980 | energy_loss: 0.8165 | total_train_loss: 0.6037
step: 400/30000 | pT_loss: 0.7353 | eta_loss: 0.5817 | phi_loss: 0.1853 | energy_loss: 0.7737 | total_train_loss: 0.5690
step: 450/30000 | pT_loss: 0.7023 | eta_loss: 0.5461 | phi_loss: 0.1746 | energy_loss: 0.7380 | total_train_loss: 0.5403
step: 500/30000 | pT_loss: 0.6738 | eta_loss: 0.5181 | phi_loss: 0.1661 | energy_loss: 0.7075 | total_train_loss: 0.5164
step: 550/30000 | pT_loss: 0.6479 | eta_loss: 0.4930 | phi_loss: 0.1587 | energy_loss: 0.6800 | total_train_loss: 0.4949
step: 600/30000 | pT_loss: 0.6466 | eta_loss: 0.4950 | phi_loss: 0.1641 | energy_loss: 0.6751 | total_train_loss: 0.4952
step: 650/30000 | pT_loss: 0.6596 | eta_loss: 0.5557 | phi_loss: 0.2304 | energy_loss: 0.6878 | total_train_loss: 0.5334
step: 700/30000 | pT_loss: 0.6642 | eta_loss: 0.5403 | phi_loss: 0.2856 | energy_loss: 0.6725 | total_train_loss: 0.5406
step: 750/30000 | pT_loss: 0.6470 | eta_loss: 0.5274 | phi_loss: 0.3318 | energy_loss: 0.6568 | total_train_loss: 0.5407
step: 800/30000 | pT_loss: 0.6295 | eta_loss: 0.5081 | phi_loss: 0.3555 | energy_loss: 0.6396 | total_train_loss: 0.5332
step: 850/30000 | pT_loss: 0.6116 | eta_loss: 0.4902 | phi_loss: 0.3470 | energy_loss: 0.6223 | total_train_loss: 0.5178
step: 900/30000 | pT_loss: 0.5949 | eta_loss: 0.4740 | phi_loss: 0.3345 | energy_loss: 0.6062 | total_train_loss: 0.5024
step: 950/30000 | pT_loss: 0.5797 | eta_loss: 0.4589 | phi_loss: 0.3233 | energy_loss: 0.5909 | total_train_loss: 0.4882
step: 1000/30000 | pT_loss: 0.5655 | eta_loss: 0.4460 | phi_loss: 0.3120 | energy_loss: 0.5774 | total_train_loss: 0.4752
epoch: 1/30 | pT_loss: 0.2888 | eta_loss: 0.1604 | phi_loss: 0.5373 | energy_loss: 0.3026 | total_val_loss: 0.3223
step: 1050/30000 | pT_loss: 0.3133 | eta_loss: 0.1808 | phi_loss: 0.0848 | energy_loss: 0.3294 | total_train_loss: 0.2271
step: 1100/30000 | pT_loss: 0.3038 | eta_loss: 0.1788 | phi_loss: 0.0806 | energy_loss: 0.3234 | total_train_loss: 0.2217
step: 1150/30000 | pT_loss: 0.2915 | eta_loss: 0.1784 | phi_loss: 0.0792 | energy_loss: 0.3097 | total_train_loss: 0.2147
step: 1200/30000 | pT_loss: 0.2840 | eta_loss: 0.1782 | phi_loss: 0.0735 | energy_loss: 0.3013 | total_train_loss: 0.2092
step: 1250/30000 | pT_loss: 0.2802 | eta_loss: 0.1767 | phi_loss: 0.0696 | energy_loss: 0.2984 | total_train_loss: 0.2062
step: 1300/30000 | pT_loss: 0.2811 | eta_loss: 0.1765 | phi_loss: 0.0695 | energy_loss: 0.2975 | total_train_loss: 0.2061
step: 1350/30000 | pT_loss: 0.2796 | eta_loss: 0.1753 | phi_loss: 0.0691 | energy_loss: 0.2958 | total_train_loss: 0.2049
step: 1400/30000 | pT_loss: 0.2755 | eta_loss: 0.1755 | phi_loss: 0.0669 | energy_loss: 0.2914 | total_train_loss: 0.2023
step: 1450/30000 | pT_loss: 0.2720 | eta_loss: 0.1751 | phi_loss: 0.0653 | energy_loss: 0.2883 | total_train_loss: 0.2002
step: 1500/30000 | pT_loss: 0.2698 | eta_loss: 0.1753 | phi_loss: 0.0639 | energy_loss: 0.2856 | total_train_loss: 0.1987
step: 1550/30000 | pT_loss: 0.2671 | eta_loss: 0.1762 | phi_loss: 0.0633 | energy_loss: 0.2828 | total_train_loss: 0.1973
step: 1600/30000 | pT_loss: 0.2651 | eta_loss: 0.1770 | phi_loss: 0.0625 | energy_loss: 0.2815 | total_train_loss: 0.1965
step: 1650/30000 | pT_loss: 0.2640 | eta_loss: 0.1772 | phi_loss: 0.0623 | energy_loss: 0.2809 | total_train_loss: 0.1961
step: 1700/30000 | pT_loss: 0.2618 | eta_loss: 0.1766 | phi_loss: 0.0613 | energy_loss: 0.2787 | total_train_loss: 0.1946
step: 1750/30000 | pT_loss: 0.2600 | eta_loss: 0.1765 | phi_loss: 0.0599 | energy_loss: 0.2768 | total_train_loss: 0.1933
step: 1800/30000 | pT_loss: 0.2593 | eta_loss: 0.1776 | phi_loss: 0.0598 | energy_loss: 0.2763 | total_train_loss: 0.1932
step: 1850/30000 | pT_loss: 0.2585 | eta_loss: 0.1787 | phi_loss: 0.0597 | energy_loss: 0.2747 | total_train_loss: 0.1929
step: 1900/30000 | pT_loss: 0.2571 | eta_loss: 0.1794 | phi_loss: 0.0592 | energy_loss: 0.2733 | total_train_loss: 0.1922
step: 1950/30000 | pT_loss: 0.2584 | eta_loss: 0.1793 | phi_loss: 0.0594 | energy_loss: 0.2744 | total_train_loss: 0.1929
step: 2000/30000 | pT_loss: 0.2570 | eta_loss: 0.1798 | phi_loss: 0.0584 | energy_loss: 0.2727 | total_train_loss: 0.1920
epoch: 2/30 | pT_loss: 0.2245 | eta_loss: 0.1959 | phi_loss: 0.3378 | energy_loss: 0.2318 | total_val_loss: 0.2475
step: 2050/30000 | pT_loss: 0.2209 | eta_loss: 0.1673 | phi_loss: 0.0347 | energy_loss: 0.2562 | total_train_loss: 0.1698
step: 2100/30000 | pT_loss: 0.2252 | eta_loss: 0.1705 | phi_loss: 0.0342 | energy_loss: 0.2503 | total_train_loss: 0.1701
step: 2150/30000 | pT_loss: 0.2255 | eta_loss: 0.1732 | phi_loss: 0.0340 | energy_loss: 0.2453 | total_train_loss: 0.1695
step: 2200/30000 | pT_loss: 0.2228 | eta_loss: 0.1740 | phi_loss: 0.0344 | energy_loss: 0.2402 | total_train_loss: 0.1678
step: 2250/30000 | pT_loss: 0.2176 | eta_loss: 0.1752 | phi_loss: 0.0338 | energy_loss: 0.2349 | total_train_loss: 0.1654
step: 2300/30000 | pT_loss: 0.2196 | eta_loss: 0.1758 | phi_loss: 0.0337 | energy_loss: 0.2365 | total_train_loss: 0.1664
step: 2350/30000 | pT_loss: 0.2197 | eta_loss: 0.1762 | phi_loss: 0.0331 | energy_loss: 0.2368 | total_train_loss: 0.1664
step: 2400/30000 | pT_loss: 0.2190 | eta_loss: 0.1760 | phi_loss: 0.0331 | energy_loss: 0.2356 | total_train_loss: 0.1659
step: 2450/30000 | pT_loss: 0.2176 | eta_loss: 0.1764 | phi_loss: 0.0323 | energy_loss: 0.2334 | total_train_loss: 0.1649
step: 2500/30000 | pT_loss: 0.2160 | eta_loss: 0.1766 | phi_loss: 0.0318 | energy_loss: 0.2318 | total_train_loss: 0.1641
step: 2550/30000 | pT_loss: 0.2139 | eta_loss: 0.1758 | phi_loss: 0.0313 | energy_loss: 0.2305 | total_train_loss: 0.1629
step: 2600/30000 | pT_loss: 0.2141 | eta_loss: 0.1751 | phi_loss: 0.0316 | energy_loss: 0.2300 | total_train_loss: 0.1627
step: 2650/30000 | pT_loss: 0.2134 | eta_loss: 0.1741 | phi_loss: 0.0315 | energy_loss: 0.2297 | total_train_loss: 0.1622
step: 2700/30000 | pT_loss: 0.2122 | eta_loss: 0.1733 | phi_loss: 0.0311 | energy_loss: 0.2288 | total_train_loss: 0.1614
step: 2750/30000 | pT_loss: 0.2109 | eta_loss: 0.1728 | phi_loss: 0.0310 | energy_loss: 0.2271 | total_train_loss: 0.1605
step: 2800/30000 | pT_loss: 0.2100 | eta_loss: 0.1721 | phi_loss: 0.0308 | energy_loss: 0.2257 | total_train_loss: 0.1597
step: 2850/30000 | pT_loss: 0.2100 | eta_loss: 0.1725 | phi_loss: 0.0308 | energy_loss: 0.2253 | total_train_loss: 0.1596
step: 2900/30000 | pT_loss: 0.2091 | eta_loss: 0.1719 | phi_loss: 0.0306 | energy_loss: 0.2242 | total_train_loss: 0.1589
step: 2950/30000 | pT_loss: 0.2086 | eta_loss: 0.1714 | phi_loss: 0.0304 | energy_loss: 0.2232 | total_train_loss: 0.1584
step: 3000/30000 | pT_loss: 0.2079 | eta_loss: 0.1708 | phi_loss: 0.0304 | energy_loss: 0.2224 | total_train_loss: 0.1579
epoch: 3/30 | pT_loss: 0.2096 | eta_loss: 0.1968 | phi_loss: 0.0573 | energy_loss: 0.2151 | total_val_loss: 0.1697
step: 3050/30000 | pT_loss: 0.1978 | eta_loss: 0.1670 | phi_loss: 0.0264 | energy_loss: 0.2058 | total_train_loss: 0.1492
step: 3100/30000 | pT_loss: 0.1924 | eta_loss: 0.1705 | phi_loss: 0.0259 | energy_loss: 0.2060 | total_train_loss: 0.1487
step: 3150/30000 | pT_loss: 0.1900 | eta_loss: 0.1703 | phi_loss: 0.0265 | energy_loss: 0.2014 | total_train_loss: 0.1471
step: 3200/30000 | pT_loss: 0.1925 | eta_loss: 0.1701 | phi_loss: 0.0282 | energy_loss: 0.2033 | total_train_loss: 0.1485
step: 3250/30000 | pT_loss: 0.1916 | eta_loss: 0.1686 | phi_loss: 0.0280 | energy_loss: 0.2037 | total_train_loss: 0.1480
step: 3300/30000 | pT_loss: 0.1899 | eta_loss: 0.1685 | phi_loss: 0.0279 | energy_loss: 0.2031 | total_train_loss: 0.1473
step: 3350/30000 | pT_loss: 0.1882 | eta_loss: 0.1689 | phi_loss: 0.0283 | energy_loss: 0.2019 | total_train_loss: 0.1468
step: 3400/30000 | pT_loss: 0.1869 | eta_loss: 0.1681 | phi_loss: 0.0282 | energy_loss: 0.2003 | total_train_loss: 0.1459
step: 3450/30000 | pT_loss: 0.1856 | eta_loss: 0.1672 | phi_loss: 0.0283 | energy_loss: 0.1985 | total_train_loss: 0.1449
step: 3500/30000 | pT_loss: 0.1850 | eta_loss: 0.1672 | phi_loss: 0.0282 | energy_loss: 0.1977 | total_train_loss: 0.1445
step: 3550/30000 | pT_loss: 0.1842 | eta_loss: 0.1669 | phi_loss: 0.0282 | energy_loss: 0.1969 | total_train_loss: 0.1440
step: 3600/30000 | pT_loss: 0.1832 | eta_loss: 0.1661 | phi_loss: 0.0281 | energy_loss: 0.1954 | total_train_loss: 0.1432
step: 3650/30000 | pT_loss: 0.1834 | eta_loss: 0.1653 | phi_loss: 0.0282 | energy_loss: 0.1955 | total_train_loss: 0.1431
step: 3700/30000 | pT_loss: 0.1835 | eta_loss: 0.1650 | phi_loss: 0.0283 | energy_loss: 0.1961 | total_train_loss: 0.1432
step: 3750/30000 | pT_loss: 0.1829 | eta_loss: 0.1650 | phi_loss: 0.0281 | energy_loss: 0.1953 | total_train_loss: 0.1428
step: 3800/30000 | pT_loss: 0.1835 | eta_loss: 0.1654 | phi_loss: 0.0281 | energy_loss: 0.1958 | total_train_loss: 0.1432
step: 3850/30000 | pT_loss: 0.1829 | eta_loss: 0.1652 | phi_loss: 0.0279 | energy_loss: 0.1958 | total_train_loss: 0.1429
step: 3900/30000 | pT_loss: 0.1820 | eta_loss: 0.1649 | phi_loss: 0.0277 | energy_loss: 0.1949 | total_train_loss: 0.1424
step: 3950/30000 | pT_loss: 0.1819 | eta_loss: 0.1646 | phi_loss: 0.0275 | energy_loss: 0.1946 | total_train_loss: 0.1422
step: 4000/30000 | pT_loss: 0.1813 | eta_loss: 0.1645 | phi_loss: 0.0275 | energy_loss: 0.1943 | total_train_loss: 0.1419
epoch: 4/30 | pT_loss: 0.1853 | eta_loss: 0.1644 | phi_loss: 0.0408 | energy_loss: 0.2369 | total_val_loss: 0.1569
step: 4050/30000 | pT_loss: 0.1666 | eta_loss: 0.1569 | phi_loss: 0.0256 | energy_loss: 0.1934 | total_train_loss: 0.1356
step: 4100/30000 | pT_loss: 0.1674 | eta_loss: 0.1559 | phi_loss: 0.0263 | energy_loss: 0.1873 | total_train_loss: 0.1342
step: 4150/30000 | pT_loss: 0.1662 | eta_loss: 0.1554 | phi_loss: 0.0261 | energy_loss: 0.1836 | total_train_loss: 0.1328
step: 4200/30000 | pT_loss: 0.1636 | eta_loss: 0.1551 | phi_loss: 0.0258 | energy_loss: 0.1816 | total_train_loss: 0.1315
step: 4250/30000 | pT_loss: 0.1638 | eta_loss: 0.1552 | phi_loss: 0.0259 | energy_loss: 0.1822 | total_train_loss: 0.1318
step: 4300/30000 | pT_loss: 0.1640 | eta_loss: 0.1548 | phi_loss: 0.0257 | energy_loss: 0.1808 | total_train_loss: 0.1313
step: 4350/30000 | pT_loss: 0.1636 | eta_loss: 0.1554 | phi_loss: 0.0257 | energy_loss: 0.1818 | total_train_loss: 0.1316
step: 4400/30000 | pT_loss: 0.1641 | eta_loss: 0.1555 | phi_loss: 0.0255 | energy_loss: 0.1812 | total_train_loss: 0.1316
step: 4450/30000 | pT_loss: 0.1638 | eta_loss: 0.1556 | phi_loss: 0.0252 | energy_loss: 0.1808 | total_train_loss: 0.1314
step: 4500/30000 | pT_loss: 0.1644 | eta_loss: 0.1556 | phi_loss: 0.0251 | energy_loss: 0.1807 | total_train_loss: 0.1314
step: 4550/30000 | pT_loss: 0.1642 | eta_loss: 0.1558 | phi_loss: 0.0252 | energy_loss: 0.1801 | total_train_loss: 0.1313
step: 4600/30000 | pT_loss: 0.1637 | eta_loss: 0.1555 | phi_loss: 0.0250 | energy_loss: 0.1796 | total_train_loss: 0.1309
step: 4650/30000 | pT_loss: 0.1636 | eta_loss: 0.1559 | phi_loss: 0.0249 | energy_loss: 0.1790 | total_train_loss: 0.1308
step: 4700/30000 | pT_loss: 0.1631 | eta_loss: 0.1559 | phi_loss: 0.0247 | energy_loss: 0.1784 | total_train_loss: 0.1306
step: 4750/30000 | pT_loss: 0.1623 | eta_loss: 0.1563 | phi_loss: 0.0247 | energy_loss: 0.1778 | total_train_loss: 0.1303
step: 4800/30000 | pT_loss: 0.1622 | eta_loss: 0.1565 | phi_loss: 0.0247 | energy_loss: 0.1775 | total_train_loss: 0.1302
step: 4850/30000 | pT_loss: 0.1621 | eta_loss: 0.1567 | phi_loss: 0.0247 | energy_loss: 0.1773 | total_train_loss: 0.1302
step: 4900/30000 | pT_loss: 0.1613 | eta_loss: 0.1564 | phi_loss: 0.0247 | energy_loss: 0.1766 | total_train_loss: 0.1297
step: 4950/30000 | pT_loss: 0.1611 | eta_loss: 0.1560 | phi_loss: 0.0246 | energy_loss: 0.1764 | total_train_loss: 0.1295
step: 5000/30000 | pT_loss: 0.1606 | eta_loss: 0.1558 | phi_loss: 0.0246 | energy_loss: 0.1753 | total_train_loss: 0.1291
epoch: 5/30 | pT_loss: 0.1507 | eta_loss: 0.1458 | phi_loss: 0.0229 | energy_loss: 0.1723 | total_val_loss: 0.1229
step: 5050/30000 | pT_loss: 0.1571 | eta_loss: 0.1475 | phi_loss: 0.0234 | energy_loss: 0.1711 | total_train_loss: 0.1248
step: 5100/30000 | pT_loss: 0.1580 | eta_loss: 0.1490 | phi_loss: 0.0238 | energy_loss: 0.1684 | total_train_loss: 0.1248
step: 5150/30000 | pT_loss: 0.1563 | eta_loss: 0.1504 | phi_loss: 0.0243 | energy_loss: 0.1684 | total_train_loss: 0.1248
step: 5200/30000 | pT_loss: 0.1554 | eta_loss: 0.1513 | phi_loss: 0.0244 | energy_loss: 0.1693 | total_train_loss: 0.1251
step: 5250/30000 | pT_loss: 0.1556 | eta_loss: 0.1511 | phi_loss: 0.0248 | energy_loss: 0.1693 | total_train_loss: 0.1252
step: 5300/30000 | pT_loss: 0.1565 | eta_loss: 0.1516 | phi_loss: 0.0246 | energy_loss: 0.1693 | total_train_loss: 0.1255
step: 5350/30000 | pT_loss: 0.1550 | eta_loss: 0.1522 | phi_loss: 0.0246 | energy_loss: 0.1688 | total_train_loss: 0.1252
step: 5400/30000 | pT_loss: 0.1545 | eta_loss: 0.1521 | phi_loss: 0.0246 | energy_loss: 0.1685 | total_train_loss: 0.1249
step: 5450/30000 | pT_loss: 0.1545 | eta_loss: 0.1521 | phi_loss: 0.0246 | energy_loss: 0.1686 | total_train_loss: 0.1250
step: 5500/30000 | pT_loss: 0.1539 | eta_loss: 0.1520 | phi_loss: 0.0245 | energy_loss: 0.1679 | total_train_loss: 0.1246
step: 5550/30000 | pT_loss: 0.1533 | eta_loss: 0.1517 | phi_loss: 0.0246 | energy_loss: 0.1671 | total_train_loss: 0.1242
step: 5600/30000 | pT_loss: 0.1528 | eta_loss: 0.1516 | phi_loss: 0.0245 | energy_loss: 0.1663 | total_train_loss: 0.1238
step: 5650/30000 | pT_loss: 0.1525 | eta_loss: 0.1516 | phi_loss: 0.0244 | energy_loss: 0.1661 | total_train_loss: 0.1237
step: 5700/30000 | pT_loss: 0.1524 | eta_loss: 0.1515 | phi_loss: 0.0244 | energy_loss: 0.1662 | total_train_loss: 0.1236
step: 5750/30000 | pT_loss: 0.1524 | eta_loss: 0.1515 | phi_loss: 0.0245 | energy_loss: 0.1660 | total_train_loss: 0.1236
step: 5800/30000 | pT_loss: 0.1518 | eta_loss: 0.1515 | phi_loss: 0.0245 | energy_loss: 0.1654 | total_train_loss: 0.1233
step: 5850/30000 | pT_loss: 0.1509 | eta_loss: 0.1515 | phi_loss: 0.0244 | energy_loss: 0.1646 | total_train_loss: 0.1228
step: 5900/30000 | pT_loss: 0.1505 | eta_loss: 0.1515 | phi_loss: 0.0244 | energy_loss: 0.1641 | total_train_loss: 0.1226
step: 5950/30000 | pT_loss: 0.1499 | eta_loss: 0.1516 | phi_loss: 0.0244 | energy_loss: 0.1635 | total_train_loss: 0.1223
step: 6000/30000 | pT_loss: 0.1498 | eta_loss: 0.1516 | phi_loss: 0.0244 | energy_loss: 0.1631 | total_train_loss: 0.1222
epoch: 6/30 | pT_loss: 0.1502 | eta_loss: 0.1614 | phi_loss: 0.0334 | energy_loss: 0.1615 | total_val_loss: 0.1266
step: 6050/30000 | pT_loss: 0.1518 | eta_loss: 0.1492 | phi_loss: 0.0226 | energy_loss: 0.1589 | total_train_loss: 0.1206
step: 6100/30000 | pT_loss: 0.1492 | eta_loss: 0.1498 | phi_loss: 0.0227 | energy_loss: 0.1589 | total_train_loss: 0.1201
step: 6150/30000 | pT_loss: 0.1440 | eta_loss: 0.1503 | phi_loss: 0.0241 | energy_loss: 0.1547 | total_train_loss: 0.1183
step: 6200/30000 | pT_loss: 0.1449 | eta_loss: 0.1506 | phi_loss: 0.0245 | energy_loss: 0.1567 | total_train_loss: 0.1192
step: 6250/30000 | pT_loss: 0.1449 | eta_loss: 0.1505 | phi_loss: 0.0242 | energy_loss: 0.1565 | total_train_loss: 0.1190
step: 6300/30000 | pT_loss: 0.1453 | eta_loss: 0.1504 | phi_loss: 0.0241 | energy_loss: 0.1558 | total_train_loss: 0.1189
step: 6350/30000 | pT_loss: 0.1447 | eta_loss: 0.1502 | phi_loss: 0.0240 | energy_loss: 0.1554 | total_train_loss: 0.1186
step: 6400/30000 | pT_loss: 0.1447 | eta_loss: 0.1500 | phi_loss: 0.0238 | energy_loss: 0.1558 | total_train_loss: 0.1186
step: 6450/30000 | pT_loss: 0.1444 | eta_loss: 0.1503 | phi_loss: 0.0237 | energy_loss: 0.1554 | total_train_loss: 0.1184
step: 6500/30000 | pT_loss: 0.1445 | eta_loss: 0.1509 | phi_loss: 0.0237 | energy_loss: 0.1562 | total_train_loss: 0.1188
step: 6550/30000 | pT_loss: 0.1446 | eta_loss: 0.1510 | phi_loss: 0.0236 | energy_loss: 0.1564 | total_train_loss: 0.1189
step: 6600/30000 | pT_loss: 0.1445 | eta_loss: 0.1512 | phi_loss: 0.0236 | energy_loss: 0.1562 | total_train_loss: 0.1189
step: 6650/30000 | pT_loss: 0.1443 | eta_loss: 0.1512 | phi_loss: 0.0236 | energy_loss: 0.1557 | total_train_loss: 0.1187
step: 6700/30000 | pT_loss: 0.1444 | eta_loss: 0.1510 | phi_loss: 0.0235 | energy_loss: 0.1561 | total_train_loss: 0.1188
step: 6750/30000 | pT_loss: 0.1451 | eta_loss: 0.1510 | phi_loss: 0.0235 | energy_loss: 0.1574 | total_train_loss: 0.1192
step: 6800/30000 | pT_loss: 0.1445 | eta_loss: 0.1509 | phi_loss: 0.0235 | energy_loss: 0.1568 | total_train_loss: 0.1189
step: 6850/30000 | pT_loss: 0.1446 | eta_loss: 0.1506 | phi_loss: 0.0235 | energy_loss: 0.1568 | total_train_loss: 0.1189
step: 6900/30000 | pT_loss: 0.1449 | eta_loss: 0.1507 | phi_loss: 0.0235 | energy_loss: 0.1578 | total_train_loss: 0.1192
step: 6950/30000 | pT_loss: 0.1446 | eta_loss: 0.1506 | phi_loss: 0.0235 | energy_loss: 0.1575 | total_train_loss: 0.1190
step: 7000/30000 | pT_loss: 0.1442 | eta_loss: 0.1505 | phi_loss: 0.0234 | energy_loss: 0.1570 | total_train_loss: 0.1188
epoch: 7/30 | pT_loss: 0.1374 | eta_loss: 0.1525 | phi_loss: 0.0227 | energy_loss: 0.1537 | total_val_loss: 0.1166
step: 7050/30000 | pT_loss: 0.1466 | eta_loss: 0.1514 | phi_loss: 0.0225 | energy_loss: 0.1581 | total_train_loss: 0.1196
step: 7100/30000 | pT_loss: 0.1419 | eta_loss: 0.1505 | phi_loss: 0.0231 | energy_loss: 0.1584 | total_train_loss: 0.1185
step: 7150/30000 | pT_loss: 0.1406 | eta_loss: 0.1498 | phi_loss: 0.0232 | energy_loss: 0.1561 | total_train_loss: 0.1174
step: 7200/30000 | pT_loss: 0.1397 | eta_loss: 0.1494 | phi_loss: 0.0234 | energy_loss: 0.1536 | total_train_loss: 0.1165
step: 7250/30000 | pT_loss: 0.1417 | eta_loss: 0.1500 | phi_loss: 0.0234 | energy_loss: 0.1540 | total_train_loss: 0.1173
step: 7300/30000 | pT_loss: 0.1410 | eta_loss: 0.1507 | phi_loss: 0.0236 | energy_loss: 0.1533 | total_train_loss: 0.1171
step: 7350/30000 | pT_loss: 0.1417 | eta_loss: 0.1510 | phi_loss: 0.0234 | energy_loss: 0.1542 | total_train_loss: 0.1176
step: 7400/30000 | pT_loss: 0.1418 | eta_loss: 0.1508 | phi_loss: 0.0233 | energy_loss: 0.1543 | total_train_loss: 0.1176
step: 7450/30000 | pT_loss: 0.1420 | eta_loss: 0.1509 | phi_loss: 0.0233 | energy_loss: 0.1541 | total_train_loss: 0.1176
step: 7500/30000 | pT_loss: 0.1422 | eta_loss: 0.1506 | phi_loss: 0.0233 | energy_loss: 0.1545 | total_train_loss: 0.1177
step: 7550/30000 | pT_loss: 0.1413 | eta_loss: 0.1507 | phi_loss: 0.0233 | energy_loss: 0.1537 | total_train_loss: 0.1172
step: 7600/30000 | pT_loss: 0.1408 | eta_loss: 0.1506 | phi_loss: 0.0232 | energy_loss: 0.1534 | total_train_loss: 0.1170
step: 7650/30000 | pT_loss: 0.1396 | eta_loss: 0.1504 | phi_loss: 0.0233 | energy_loss: 0.1523 | total_train_loss: 0.1164
step: 7700/30000 | pT_loss: 0.1394 | eta_loss: 0.1501 | phi_loss: 0.0232 | energy_loss: 0.1523 | total_train_loss: 0.1163
step: 7750/30000 | pT_loss: 0.1391 | eta_loss: 0.1500 | phi_loss: 0.0232 | energy_loss: 0.1518 | total_train_loss: 0.1160
step: 7800/30000 | pT_loss: 0.1392 | eta_loss: 0.1499 | phi_loss: 0.0233 | energy_loss: 0.1517 | total_train_loss: 0.1160
step: 7850/30000 | pT_loss: 0.1394 | eta_loss: 0.1497 | phi_loss: 0.0234 | energy_loss: 0.1515 | total_train_loss: 0.1160
step: 7900/30000 | pT_loss: 0.1395 | eta_loss: 0.1497 | phi_loss: 0.0235 | energy_loss: 0.1518 | total_train_loss: 0.1161
step: 7950/30000 | pT_loss: 0.1397 | eta_loss: 0.1496 | phi_loss: 0.0236 | energy_loss: 0.1524 | total_train_loss: 0.1163
step: 8000/30000 | pT_loss: 0.1399 | eta_loss: 0.1496 | phi_loss: 0.0236 | energy_loss: 0.1528 | total_train_loss: 0.1165
epoch: 8/30 | pT_loss: 0.1354 | eta_loss: 0.1548 | phi_loss: 0.0237 | energy_loss: 0.1456 | total_val_loss: 0.1149
step: 8050/30000 | pT_loss: 0.1379 | eta_loss: 0.1515 | phi_loss: 0.0243 | energy_loss: 0.1525 | total_train_loss: 0.1166
step: 8100/30000 | pT_loss: 0.1377 | eta_loss: 0.1500 | phi_loss: 0.0232 | energy_loss: 0.1518 | total_train_loss: 0.1157
step: 8150/30000 | pT_loss: 0.1364 | eta_loss: 0.1493 | phi_loss: 0.0228 | energy_loss: 0.1499 | total_train_loss: 0.1146
step: 8200/30000 | pT_loss: 0.1363 | eta_loss: 0.1493 | phi_loss: 0.0225 | energy_loss: 0.1510 | total_train_loss: 0.1148
step: 8250/30000 | pT_loss: 0.1372 | eta_loss: 0.1486 | phi_loss: 0.0225 | energy_loss: 0.1521 | total_train_loss: 0.1151
step: 8300/30000 | pT_loss: 0.1376 | eta_loss: 0.1485 | phi_loss: 0.0225 | energy_loss: 0.1536 | total_train_loss: 0.1156
step: 8350/30000 | pT_loss: 0.1382 | eta_loss: 0.1485 | phi_loss: 0.0224 | energy_loss: 0.1535 | total_train_loss: 0.1156
step: 8400/30000 | pT_loss: 0.1378 | eta_loss: 0.1489 | phi_loss: 0.0224 | energy_loss: 0.1539 | total_train_loss: 0.1158
step: 8450/30000 | pT_loss: 0.1376 | eta_loss: 0.1488 | phi_loss: 0.0223 | energy_loss: 0.1539 | total_train_loss: 0.1156
step: 8500/30000 | pT_loss: 0.1373 | eta_loss: 0.1487 | phi_loss: 0.0225 | energy_loss: 0.1531 | total_train_loss: 0.1154
step: 8550/30000 | pT_loss: 0.1370 | eta_loss: 0.1485 | phi_loss: 0.0227 | energy_loss: 0.1524 | total_train_loss: 0.1152
step: 8600/30000 | pT_loss: 0.1377 | eta_loss: 0.1484 | phi_loss: 0.0227 | energy_loss: 0.1529 | total_train_loss: 0.1154
step: 8650/30000 | pT_loss: 0.1377 | eta_loss: 0.1487 | phi_loss: 0.0229 | energy_loss: 0.1528 | total_train_loss: 0.1155
step: 8700/30000 | pT_loss: 0.1374 | eta_loss: 0.1488 | phi_loss: 0.0229 | energy_loss: 0.1526 | total_train_loss: 0.1154
step: 8750/30000 | pT_loss: 0.1375 | eta_loss: 0.1486 | phi_loss: 0.0229 | energy_loss: 0.1523 | total_train_loss: 0.1153
step: 8800/30000 | pT_loss: 0.1372 | eta_loss: 0.1486 | phi_loss: 0.0229 | energy_loss: 0.1521 | total_train_loss: 0.1152
step: 8850/30000 | pT_loss: 0.1371 | eta_loss: 0.1486 | phi_loss: 0.0228 | energy_loss: 0.1520 | total_train_loss: 0.1151
step: 8900/30000 | pT_loss: 0.1374 | eta_loss: 0.1487 | phi_loss: 0.0229 | energy_loss: 0.1523 | total_train_loss: 0.1153
step: 8950/30000 | pT_loss: 0.1369 | eta_loss: 0.1485 | phi_loss: 0.0229 | energy_loss: 0.1520 | total_train_loss: 0.1151
step: 9000/30000 | pT_loss: 0.1371 | eta_loss: 0.1484 | phi_loss: 0.0230 | energy_loss: 0.1520 | total_train_loss: 0.1151
epoch: 9/30 | pT_loss: 0.1355 | eta_loss: 0.1476 | phi_loss: 0.0361 | energy_loss: 0.1520 | total_val_loss: 0.1178
step: 9050/30000 | pT_loss: 0.1381 | eta_loss: 0.1482 | phi_loss: 0.0259 | energy_loss: 0.1482 | total_train_loss: 0.1151
step: 9100/30000 | pT_loss: 0.1353 | eta_loss: 0.1476 | phi_loss: 0.0244 | energy_loss: 0.1463 | total_train_loss: 0.1134
step: 9150/30000 | pT_loss: 0.1354 | eta_loss: 0.1471 | phi_loss: 0.0239 | energy_loss: 0.1467 | total_train_loss: 0.1133
step: 9200/30000 | pT_loss: 0.1358 | eta_loss: 0.1466 | phi_loss: 0.0233 | energy_loss: 0.1474 | total_train_loss: 0.1133
step: 9250/30000 | pT_loss: 0.1362 | eta_loss: 0.1470 | phi_loss: 0.0234 | energy_loss: 0.1481 | total_train_loss: 0.1136
step: 9300/30000 | pT_loss: 0.1359 | eta_loss: 0.1474 | phi_loss: 0.0234 | energy_loss: 0.1500 | total_train_loss: 0.1142
step: 9350/30000 | pT_loss: 0.1359 | eta_loss: 0.1473 | phi_loss: 0.0233 | energy_loss: 0.1500 | total_train_loss: 0.1141
step: 9400/30000 | pT_loss: 0.1356 | eta_loss: 0.1474 | phi_loss: 0.0231 | energy_loss: 0.1500 | total_train_loss: 0.1140
step: 9450/30000 | pT_loss: 0.1350 | eta_loss: 0.1473 | phi_loss: 0.0231 | energy_loss: 0.1495 | total_train_loss: 0.1137
step: 9500/30000 | pT_loss: 0.1346 | eta_loss: 0.1473 | phi_loss: 0.0231 | energy_loss: 0.1493 | total_train_loss: 0.1136
step: 9550/30000 | pT_loss: 0.1338 | eta_loss: 0.1474 | phi_loss: 0.0230 | energy_loss: 0.1483 | total_train_loss: 0.1131
step: 9600/30000 | pT_loss: 0.1338 | eta_loss: 0.1473 | phi_loss: 0.0230 | energy_loss: 0.1482 | total_train_loss: 0.1131
step: 9650/30000 | pT_loss: 0.1342 | eta_loss: 0.1479 | phi_loss: 0.0235 | energy_loss: 0.1491 | total_train_loss: 0.1137
step: 9700/30000 | pT_loss: 0.1346 | eta_loss: 0.1480 | phi_loss: 0.0235 | energy_loss: 0.1502 | total_train_loss: 0.1141
step: 9750/30000 | pT_loss: 0.1353 | eta_loss: 0.1481 | phi_loss: 0.0236 | energy_loss: 0.1514 | total_train_loss: 0.1146
step: 9800/30000 | pT_loss: 0.1349 | eta_loss: 0.1480 | phi_loss: 0.0235 | energy_loss: 0.1511 | total_train_loss: 0.1144
step: 9850/30000 | pT_loss: 0.1352 | eta_loss: 0.1481 | phi_loss: 0.0235 | energy_loss: 0.1504 | total_train_loss: 0.1143
step: 9900/30000 | pT_loss: 0.1351 | eta_loss: 0.1480 | phi_loss: 0.0234 | energy_loss: 0.1502 | total_train_loss: 0.1142
step: 9950/30000 | pT_loss: 0.1348 | eta_loss: 0.1479 | phi_loss: 0.0233 | energy_loss: 0.1499 | total_train_loss: 0.1140
step: 10000/30000 | pT_loss: 0.1351 | eta_loss: 0.1479 | phi_loss: 0.0232 | energy_loss: 0.1500 | total_train_loss: 0.1141
epoch: 10/30 | pT_loss: 0.1338 | eta_loss: 0.1469 | phi_loss: 0.0239 | energy_loss: 0.1516 | total_val_loss: 0.1141
step: 10050/30000 | pT_loss: 0.1302 | eta_loss: 0.1486 | phi_loss: 0.0213 | energy_loss: 0.1437 | total_train_loss: 0.1110
step: 10100/30000 | pT_loss: 0.1288 | eta_loss: 0.1498 | phi_loss: 0.0217 | energy_loss: 0.1426 | total_train_loss: 0.1107
step: 10150/30000 | pT_loss: 0.1269 | eta_loss: 0.1491 | phi_loss: 0.0218 | energy_loss: 0.1411 | total_train_loss: 0.1098
step: 10200/30000 | pT_loss: 0.1289 | eta_loss: 0.1484 | phi_loss: 0.0218 | energy_loss: 0.1424 | total_train_loss: 0.1104
step: 10250/30000 | pT_loss: 0.1302 | eta_loss: 0.1480 | phi_loss: 0.0217 | energy_loss: 0.1441 | total_train_loss: 0.1110
step: 10300/30000 | pT_loss: 0.1306 | eta_loss: 0.1478 | phi_loss: 0.0218 | energy_loss: 0.1439 | total_train_loss: 0.1110
step: 10350/30000 | pT_loss: 0.1306 | eta_loss: 0.1477 | phi_loss: 0.0218 | energy_loss: 0.1445 | total_train_loss: 0.1112
step: 10400/30000 | pT_loss: 0.1309 | eta_loss: 0.1478 | phi_loss: 0.0221 | energy_loss: 0.1450 | total_train_loss: 0.1115
step: 10450/30000 | pT_loss: 0.1311 | eta_loss: 0.1479 | phi_loss: 0.0222 | energy_loss: 0.1445 | total_train_loss: 0.1114
step: 10500/30000 | pT_loss: 0.1312 | eta_loss: 0.1476 | phi_loss: 0.0222 | energy_loss: 0.1446 | total_train_loss: 0.1114
step: 10550/30000 | pT_loss: 0.1313 | eta_loss: 0.1473 | phi_loss: 0.0221 | energy_loss: 0.1442 | total_train_loss: 0.1112
step: 10600/30000 | pT_loss: 0.1314 | eta_loss: 0.1473 | phi_loss: 0.0221 | energy_loss: 0.1440 | total_train_loss: 0.1112
step: 10650/30000 | pT_loss: 0.1311 | eta_loss: 0.1473 | phi_loss: 0.0221 | energy_loss: 0.1442 | total_train_loss: 0.1112
step: 10700/30000 | pT_loss: 0.1313 | eta_loss: 0.1472 | phi_loss: 0.0222 | energy_loss: 0.1443 | total_train_loss: 0.1113
step: 10750/30000 | pT_loss: 0.1312 | eta_loss: 0.1471 | phi_loss: 0.0222 | energy_loss: 0.1443 | total_train_loss: 0.1112
step: 10800/30000 | pT_loss: 0.1308 | eta_loss: 0.1470 | phi_loss: 0.0221 | energy_loss: 0.1436 | total_train_loss: 0.1109
step: 10850/30000 | pT_loss: 0.1309 | eta_loss: 0.1470 | phi_loss: 0.0222 | energy_loss: 0.1437 | total_train_loss: 0.1110
step: 10900/30000 | pT_loss: 0.1302 | eta_loss: 0.1469 | phi_loss: 0.0224 | energy_loss: 0.1433 | total_train_loss: 0.1107
step: 10950/30000 | pT_loss: 0.1302 | eta_loss: 0.1469 | phi_loss: 0.0226 | energy_loss: 0.1433 | total_train_loss: 0.1107
step: 11000/30000 | pT_loss: 0.1300 | eta_loss: 0.1468 | phi_loss: 0.0227 | energy_loss: 0.1429 | total_train_loss: 0.1106
epoch: 11/30 | pT_loss: 0.1310 | eta_loss: 0.1432 | phi_loss: 0.0253 | energy_loss: 0.1429 | total_val_loss: 0.1106
step: 11050/30000 | pT_loss: 0.1298 | eta_loss: 0.1468 | phi_loss: 0.0235 | energy_loss: 0.1395 | total_train_loss: 0.1099
step: 11100/30000 | pT_loss: 0.1324 | eta_loss: 0.1462 | phi_loss: 0.0236 | energy_loss: 0.1410 | total_train_loss: 0.1108
step: 11150/30000 | pT_loss: 0.1305 | eta_loss: 0.1462 | phi_loss: 0.0232 | energy_loss: 0.1398 | total_train_loss: 0.1099
step: 11200/30000 | pT_loss: 0.1312 | eta_loss: 0.1464 | phi_loss: 0.0230 | energy_loss: 0.1413 | total_train_loss: 0.1104
step: 11250/30000 | pT_loss: 0.1326 | eta_loss: 0.1465 | phi_loss: 0.0227 | energy_loss: 0.1430 | total_train_loss: 0.1112
step: 11300/30000 | pT_loss: 0.1319 | eta_loss: 0.1464 | phi_loss: 0.0225 | energy_loss: 0.1417 | total_train_loss: 0.1106
step: 11350/30000 | pT_loss: 0.1321 | eta_loss: 0.1464 | phi_loss: 0.0224 | energy_loss: 0.1417 | total_train_loss: 0.1107
step: 11400/30000 | pT_loss: 0.1327 | eta_loss: 0.1461 | phi_loss: 0.0222 | energy_loss: 0.1421 | total_train_loss: 0.1108
step: 11450/30000 | pT_loss: 0.1322 | eta_loss: 0.1461 | phi_loss: 0.0222 | energy_loss: 0.1417 | total_train_loss: 0.1105
step: 11500/30000 | pT_loss: 0.1317 | eta_loss: 0.1460 | phi_loss: 0.0221 | energy_loss: 0.1416 | total_train_loss: 0.1104
step: 11550/30000 | pT_loss: 0.1320 | eta_loss: 0.1459 | phi_loss: 0.0222 | energy_loss: 0.1421 | total_train_loss: 0.1106
step: 11600/30000 | pT_loss: 0.1320 | eta_loss: 0.1458 | phi_loss: 0.0221 | energy_loss: 0.1421 | total_train_loss: 0.1105
step: 11650/30000 | pT_loss: 0.1320 | eta_loss: 0.1457 | phi_loss: 0.0221 | energy_loss: 0.1423 | total_train_loss: 0.1105
step: 11700/30000 | pT_loss: 0.1320 | eta_loss: 0.1456 | phi_loss: 0.0221 | energy_loss: 0.1420 | total_train_loss: 0.1104
step: 11750/30000 | pT_loss: 0.1319 | eta_loss: 0.1456 | phi_loss: 0.0221 | energy_loss: 0.1422 | total_train_loss: 0.1104
step: 11800/30000 | pT_loss: 0.1316 | eta_loss: 0.1455 | phi_loss: 0.0223 | energy_loss: 0.1424 | total_train_loss: 0.1105
step: 11850/30000 | pT_loss: 0.1312 | eta_loss: 0.1455 | phi_loss: 0.0224 | energy_loss: 0.1419 | total_train_loss: 0.1102
step: 11900/30000 | pT_loss: 0.1312 | eta_loss: 0.1455 | phi_loss: 0.0224 | energy_loss: 0.1417 | total_train_loss: 0.1102
step: 11950/30000 | pT_loss: 0.1315 | eta_loss: 0.1457 | phi_loss: 0.0224 | energy_loss: 0.1420 | total_train_loss: 0.1104
step: 12000/30000 | pT_loss: 0.1313 | eta_loss: 0.1457 | phi_loss: 0.0224 | energy_loss: 0.1418 | total_train_loss: 0.1103
epoch: 12/30 | pT_loss: 0.1289 | eta_loss: 0.1472 | phi_loss: 0.0256 | energy_loss: 0.1418 | total_val_loss: 0.1109
step: 12050/30000 | pT_loss: 0.1343 | eta_loss: 0.1450 | phi_loss: 0.0215 | energy_loss: 0.1409 | total_train_loss: 0.1104
step: 12100/30000 | pT_loss: 0.1316 | eta_loss: 0.1447 | phi_loss: 0.0213 | energy_loss: 0.1392 | total_train_loss: 0.1092
step: 12150/30000 | pT_loss: 0.1335 | eta_loss: 0.1448 | phi_loss: 0.0212 | energy_loss: 0.1423 | total_train_loss: 0.1104
step: 12200/30000 | pT_loss: 0.1325 | eta_loss: 0.1450 | phi_loss: 0.0213 | energy_loss: 0.1408 | total_train_loss: 0.1099
step: 12250/30000 | pT_loss: 0.1315 | eta_loss: 0.1452 | phi_loss: 0.0214 | energy_loss: 0.1420 | total_train_loss: 0.1100
step: 12300/30000 | pT_loss: 0.1309 | eta_loss: 0.1452 | phi_loss: 0.0214 | energy_loss: 0.1417 | total_train_loss: 0.1098
step: 12350/30000 | pT_loss: 0.1306 | eta_loss: 0.1450 | phi_loss: 0.0215 | energy_loss: 0.1420 | total_train_loss: 0.1098
step: 12400/30000 | pT_loss: 0.1302 | eta_loss: 0.1448 | phi_loss: 0.0217 | energy_loss: 0.1421 | total_train_loss: 0.1097
step: 12450/30000 | pT_loss: 0.1304 | eta_loss: 0.1448 | phi_loss: 0.0217 | energy_loss: 0.1415 | total_train_loss: 0.1096
step: 12500/30000 | pT_loss: 0.1310 | eta_loss: 0.1448 | phi_loss: 0.0217 | energy_loss: 0.1416 | total_train_loss: 0.1098
step: 12550/30000 | pT_loss: 0.1306 | eta_loss: 0.1447 | phi_loss: 0.0217 | energy_loss: 0.1413 | total_train_loss: 0.1096
step: 12600/30000 | pT_loss: 0.1301 | eta_loss: 0.1448 | phi_loss: 0.0217 | energy_loss: 0.1408 | total_train_loss: 0.1093
step: 12650/30000 | pT_loss: 0.1300 | eta_loss: 0.1448 | phi_loss: 0.0217 | energy_loss: 0.1407 | total_train_loss: 0.1093
step: 12700/30000 | pT_loss: 0.1301 | eta_loss: 0.1449 | phi_loss: 0.0217 | energy_loss: 0.1410 | total_train_loss: 0.1094
step: 12750/30000 | pT_loss: 0.1297 | eta_loss: 0.1450 | phi_loss: 0.0217 | energy_loss: 0.1408 | total_train_loss: 0.1093
step: 12800/30000 | pT_loss: 0.1300 | eta_loss: 0.1451 | phi_loss: 0.0217 | energy_loss: 0.1413 | total_train_loss: 0.1095
step: 12850/30000 | pT_loss: 0.1300 | eta_loss: 0.1452 | phi_loss: 0.0218 | energy_loss: 0.1413 | total_train_loss: 0.1096
step: 12900/30000 | pT_loss: 0.1301 | eta_loss: 0.1452 | phi_loss: 0.0218 | energy_loss: 0.1413 | total_train_loss: 0.1096
step: 12950/30000 | pT_loss: 0.1302 | eta_loss: 0.1452 | phi_loss: 0.0218 | energy_loss: 0.1414 | total_train_loss: 0.1097
step: 13000/30000 | pT_loss: 0.1301 | eta_loss: 0.1453 | phi_loss: 0.0218 | energy_loss: 0.1413 | total_train_loss: 0.1096
epoch: 13/30 | pT_loss: 0.1252 | eta_loss: 0.1462 | phi_loss: 0.0244 | energy_loss: 0.1381 | total_val_loss: 0.1085
step: 13050/30000 | pT_loss: 0.1265 | eta_loss: 0.1455 | phi_loss: 0.0215 | energy_loss: 0.1398 | total_train_loss: 0.1083
step: 13100/30000 | pT_loss: 0.1269 | eta_loss: 0.1445 | phi_loss: 0.0213 | energy_loss: 0.1392 | total_train_loss: 0.1080
step: 13150/30000 | pT_loss: 0.1297 | eta_loss: 0.1444 | phi_loss: 0.0212 | energy_loss: 0.1422 | total_train_loss: 0.1094
step: 13200/30000 | pT_loss: 0.1286 | eta_loss: 0.1442 | phi_loss: 0.0212 | energy_loss: 0.1407 | total_train_loss: 0.1087
step: 13250/30000 | pT_loss: 0.1276 | eta_loss: 0.1441 | phi_loss: 0.0211 | energy_loss: 0.1397 | total_train_loss: 0.1081
step: 13300/30000 | pT_loss: 0.1275 | eta_loss: 0.1442 | phi_loss: 0.0213 | energy_loss: 0.1393 | total_train_loss: 0.1081
step: 13350/30000 | pT_loss: 0.1286 | eta_loss: 0.1443 | phi_loss: 0.0214 | energy_loss: 0.1403 | total_train_loss: 0.1087
step: 13400/30000 | pT_loss: 0.1284 | eta_loss: 0.1442 | phi_loss: 0.0213 | energy_loss: 0.1402 | total_train_loss: 0.1085
step: 13450/30000 | pT_loss: 0.1281 | eta_loss: 0.1442 | phi_loss: 0.0214 | energy_loss: 0.1393 | total_train_loss: 0.1082
step: 13500/30000 | pT_loss: 0.1276 | eta_loss: 0.1442 | phi_loss: 0.0214 | energy_loss: 0.1386 | total_train_loss: 0.1080
step: 13550/30000 | pT_loss: 0.1273 | eta_loss: 0.1443 | phi_loss: 0.0214 | energy_loss: 0.1386 | total_train_loss: 0.1079
step: 13600/30000 | pT_loss: 0.1272 | eta_loss: 0.1443 | phi_loss: 0.0215 | energy_loss: 0.1385 | total_train_loss: 0.1079
step: 13650/30000 | pT_loss: 0.1272 | eta_loss: 0.1445 | phi_loss: 0.0215 | energy_loss: 0.1386 | total_train_loss: 0.1079
step: 13700/30000 | pT_loss: 0.1273 | eta_loss: 0.1445 | phi_loss: 0.0215 | energy_loss: 0.1392 | total_train_loss: 0.1081
step: 13750/30000 | pT_loss: 0.1270 | eta_loss: 0.1445 | phi_loss: 0.0215 | energy_loss: 0.1397 | total_train_loss: 0.1082
step: 13800/30000 | pT_loss: 0.1270 | eta_loss: 0.1444 | phi_loss: 0.0215 | energy_loss: 0.1400 | total_train_loss: 0.1082
step: 13850/30000 | pT_loss: 0.1272 | eta_loss: 0.1445 | phi_loss: 0.0214 | energy_loss: 0.1400 | total_train_loss: 0.1083
step: 13900/30000 | pT_loss: 0.1274 | eta_loss: 0.1445 | phi_loss: 0.0215 | energy_loss: 0.1402 | total_train_loss: 0.1084
step: 13950/30000 | pT_loss: 0.1275 | eta_loss: 0.1446 | phi_loss: 0.0215 | energy_loss: 0.1407 | total_train_loss: 0.1086
step: 14000/30000 | pT_loss: 0.1274 | eta_loss: 0.1447 | phi_loss: 0.0215 | energy_loss: 0.1403 | total_train_loss: 0.1085
epoch: 14/30 | pT_loss: 0.1265 | eta_loss: 0.1452 | phi_loss: 0.0262 | energy_loss: 0.1383 | total_val_loss: 0.1091
step: 14050/30000 | pT_loss: 0.1220 | eta_loss: 0.1453 | phi_loss: 0.0214 | energy_loss: 0.1368 | total_train_loss: 0.1064
step: 14100/30000 | pT_loss: 0.1260 | eta_loss: 0.1452 | phi_loss: 0.0211 | energy_loss: 0.1363 | total_train_loss: 0.1072
step: 14150/30000 | pT_loss: 0.1278 | eta_loss: 0.1447 | phi_loss: 0.0213 | energy_loss: 0.1395 | total_train_loss: 0.1083
step: 14200/30000 | pT_loss: 0.1271 | eta_loss: 0.1445 | phi_loss: 0.0213 | energy_loss: 0.1388 | total_train_loss: 0.1079
step: 14250/30000 | pT_loss: 0.1261 | eta_loss: 0.1444 | phi_loss: 0.0212 | energy_loss: 0.1370 | total_train_loss: 0.1072
step: 14300/30000 | pT_loss: 0.1257 | eta_loss: 0.1445 | phi_loss: 0.0212 | energy_loss: 0.1363 | total_train_loss: 0.1069
step: 14350/30000 | pT_loss: 0.1261 | eta_loss: 0.1445 | phi_loss: 0.0212 | energy_loss: 0.1366 | total_train_loss: 0.1071
step: 14400/30000 | pT_loss: 0.1265 | eta_loss: 0.1443 | phi_loss: 0.0211 | energy_loss: 0.1361 | total_train_loss: 0.1070
step: 14450/30000 | pT_loss: 0.1260 | eta_loss: 0.1442 | phi_loss: 0.0211 | energy_loss: 0.1359 | total_train_loss: 0.1068
step: 14500/30000 | pT_loss: 0.1257 | eta_loss: 0.1441 | phi_loss: 0.0210 | energy_loss: 0.1363 | total_train_loss: 0.1068
step: 14550/30000 | pT_loss: 0.1257 | eta_loss: 0.1441 | phi_loss: 0.0211 | energy_loss: 0.1363 | total_train_loss: 0.1068
step: 14600/30000 | pT_loss: 0.1263 | eta_loss: 0.1441 | phi_loss: 0.0211 | energy_loss: 0.1368 | total_train_loss: 0.1071
step: 14650/30000 | pT_loss: 0.1266 | eta_loss: 0.1441 | phi_loss: 0.0212 | energy_loss: 0.1371 | total_train_loss: 0.1072
step: 14700/30000 | pT_loss: 0.1266 | eta_loss: 0.1440 | phi_loss: 0.0212 | energy_loss: 0.1374 | total_train_loss: 0.1073
step: 14750/30000 | pT_loss: 0.1271 | eta_loss: 0.1441 | phi_loss: 0.0212 | energy_loss: 0.1379 | total_train_loss: 0.1076
step: 14800/30000 | pT_loss: 0.1271 | eta_loss: 0.1441 | phi_loss: 0.0212 | energy_loss: 0.1377 | total_train_loss: 0.1075
step: 14850/30000 | pT_loss: 0.1266 | eta_loss: 0.1441 | phi_loss: 0.0212 | energy_loss: 0.1372 | total_train_loss: 0.1073
step: 14900/30000 | pT_loss: 0.1262 | eta_loss: 0.1441 | phi_loss: 0.0212 | energy_loss: 0.1369 | total_train_loss: 0.1071
step: 14950/30000 | pT_loss: 0.1264 | eta_loss: 0.1441 | phi_loss: 0.0211 | energy_loss: 0.1375 | total_train_loss: 0.1073
step: 15000/30000 | pT_loss: 0.1264 | eta_loss: 0.1441 | phi_loss: 0.0212 | energy_loss: 0.1373 | total_train_loss: 0.1072
epoch: 15/30 | pT_loss: 0.1225 | eta_loss: 0.1413 | phi_loss: 0.0245 | energy_loss: 0.1308 | total_val_loss: 0.1048
step: 15050/30000 | pT_loss: 0.1263 | eta_loss: 0.1427 | phi_loss: 0.0211 | energy_loss: 0.1434 | total_train_loss: 0.1084
step: 15100/30000 | pT_loss: 0.1276 | eta_loss: 0.1426 | phi_loss: 0.0211 | energy_loss: 0.1396 | total_train_loss: 0.1077
step: 15150/30000 | pT_loss: 0.1262 | eta_loss: 0.1432 | phi_loss: 0.0209 | energy_loss: 0.1390 | total_train_loss: 0.1073
step: 15200/30000 | pT_loss: 0.1262 | eta_loss: 0.1428 | phi_loss: 0.0209 | energy_loss: 0.1400 | total_train_loss: 0.1075
step: 15250/30000 | pT_loss: 0.1260 | eta_loss: 0.1430 | phi_loss: 0.0209 | energy_loss: 0.1404 | total_train_loss: 0.1076
step: 15300/30000 | pT_loss: 0.1273 | eta_loss: 0.1436 | phi_loss: 0.0210 | energy_loss: 0.1415 | total_train_loss: 0.1084
step: 15350/30000 | pT_loss: 0.1260 | eta_loss: 0.1436 | phi_loss: 0.0212 | energy_loss: 0.1404 | total_train_loss: 0.1078
step: 15400/30000 | pT_loss: 0.1261 | eta_loss: 0.1436 | phi_loss: 0.0211 | energy_loss: 0.1399 | total_train_loss: 0.1077
step: 15450/30000 | pT_loss: 0.1257 | eta_loss: 0.1434 | phi_loss: 0.0210 | energy_loss: 0.1391 | total_train_loss: 0.1073
step: 15500/30000 | pT_loss: 0.1257 | eta_loss: 0.1432 | phi_loss: 0.0210 | energy_loss: 0.1386 | total_train_loss: 0.1071
step: 15550/30000 | pT_loss: 0.1258 | eta_loss: 0.1432 | phi_loss: 0.0209 | energy_loss: 0.1380 | total_train_loss: 0.1070
step: 15600/30000 | pT_loss: 0.1258 | eta_loss: 0.1431 | phi_loss: 0.0209 | energy_loss: 0.1380 | total_train_loss: 0.1070
step: 15650/30000 | pT_loss: 0.1259 | eta_loss: 0.1431 | phi_loss: 0.0209 | energy_loss: 0.1378 | total_train_loss: 0.1069
step: 15700/30000 | pT_loss: 0.1256 | eta_loss: 0.1431 | phi_loss: 0.0209 | energy_loss: 0.1378 | total_train_loss: 0.1069
step: 15750/30000 | pT_loss: 0.1257 | eta_loss: 0.1431 | phi_loss: 0.0210 | energy_loss: 0.1380 | total_train_loss: 0.1069
step: 15800/30000 | pT_loss: 0.1254 | eta_loss: 0.1432 | phi_loss: 0.0210 | energy_loss: 0.1377 | total_train_loss: 0.1068
step: 15850/30000 | pT_loss: 0.1253 | eta_loss: 0.1432 | phi_loss: 0.0210 | energy_loss: 0.1375 | total_train_loss: 0.1068
step: 15900/30000 | pT_loss: 0.1252 | eta_loss: 0.1432 | phi_loss: 0.0210 | energy_loss: 0.1373 | total_train_loss: 0.1067
step: 15950/30000 | pT_loss: 0.1251 | eta_loss: 0.1432 | phi_loss: 0.0209 | energy_loss: 0.1371 | total_train_loss: 0.1066
step: 16000/30000 | pT_loss: 0.1255 | eta_loss: 0.1432 | phi_loss: 0.0209 | energy_loss: 0.1374 | total_train_loss: 0.1068
epoch: 16/30 | pT_loss: 0.1233 | eta_loss: 0.1458 | phi_loss: 0.0240 | energy_loss: 0.1369 | total_val_loss: 0.1075
step: 16050/30000 | pT_loss: 0.1269 | eta_loss: 0.1422 | phi_loss: 0.0226 | energy_loss: 0.1330 | total_train_loss: 0.1062
step: 16100/30000 | pT_loss: 0.1239 | eta_loss: 0.1420 | phi_loss: 0.0217 | energy_loss: 0.1321 | total_train_loss: 0.1049
step: 16150/30000 | pT_loss: 0.1236 | eta_loss: 0.1425 | phi_loss: 0.0214 | energy_loss: 0.1348 | total_train_loss: 0.1056
step: 16200/30000 | pT_loss: 0.1233 | eta_loss: 0.1427 | phi_loss: 0.0212 | energy_loss: 0.1351 | total_train_loss: 0.1056
step: 16250/30000 | pT_loss: 0.1242 | eta_loss: 0.1428 | phi_loss: 0.0211 | energy_loss: 0.1364 | total_train_loss: 0.1061
step: 16300/30000 | pT_loss: 0.1236 | eta_loss: 0.1427 | phi_loss: 0.0210 | energy_loss: 0.1367 | total_train_loss: 0.1060
step: 16350/30000 | pT_loss: 0.1231 | eta_loss: 0.1426 | phi_loss: 0.0210 | energy_loss: 0.1358 | total_train_loss: 0.1056
step: 16400/30000 | pT_loss: 0.1229 | eta_loss: 0.1425 | phi_loss: 0.0210 | energy_loss: 0.1354 | total_train_loss: 0.1054
step: 16450/30000 | pT_loss: 0.1235 | eta_loss: 0.1426 | phi_loss: 0.0210 | energy_loss: 0.1358 | total_train_loss: 0.1057
step: 16500/30000 | pT_loss: 0.1238 | eta_loss: 0.1425 | phi_loss: 0.0210 | energy_loss: 0.1359 | total_train_loss: 0.1058
step: 16550/30000 | pT_loss: 0.1243 | eta_loss: 0.1426 | phi_loss: 0.0209 | energy_loss: 0.1364 | total_train_loss: 0.1060
step: 16600/30000 | pT_loss: 0.1238 | eta_loss: 0.1426 | phi_loss: 0.0209 | energy_loss: 0.1358 | total_train_loss: 0.1058
step: 16650/30000 | pT_loss: 0.1233 | eta_loss: 0.1426 | phi_loss: 0.0209 | energy_loss: 0.1355 | total_train_loss: 0.1056
step: 16700/30000 | pT_loss: 0.1231 | eta_loss: 0.1427 | phi_loss: 0.0209 | energy_loss: 0.1356 | total_train_loss: 0.1056
step: 16750/30000 | pT_loss: 0.1231 | eta_loss: 0.1427 | phi_loss: 0.0209 | energy_loss: 0.1357 | total_train_loss: 0.1056
step: 16800/30000 | pT_loss: 0.1229 | eta_loss: 0.1427 | phi_loss: 0.0209 | energy_loss: 0.1354 | total_train_loss: 0.1055
step: 16850/30000 | pT_loss: 0.1233 | eta_loss: 0.1427 | phi_loss: 0.0209 | energy_loss: 0.1355 | total_train_loss: 0.1056
step: 16900/30000 | pT_loss: 0.1231 | eta_loss: 0.1427 | phi_loss: 0.0209 | energy_loss: 0.1354 | total_train_loss: 0.1055
step: 16950/30000 | pT_loss: 0.1232 | eta_loss: 0.1427 | phi_loss: 0.0208 | energy_loss: 0.1356 | total_train_loss: 0.1056
step: 17000/30000 | pT_loss: 0.1231 | eta_loss: 0.1427 | phi_loss: 0.0208 | energy_loss: 0.1355 | total_train_loss: 0.1055
epoch: 17/30 | pT_loss: 0.1260 | eta_loss: 0.1451 | phi_loss: 0.0263 | energy_loss: 0.1381 | total_val_loss: 0.1089
step: 17050/30000 | pT_loss: 0.1217 | eta_loss: 0.1409 | phi_loss: 0.0204 | energy_loss: 0.1346 | total_train_loss: 0.1044
step: 17100/30000 | pT_loss: 0.1256 | eta_loss: 0.1419 | phi_loss: 0.0204 | energy_loss: 0.1357 | total_train_loss: 0.1059
step: 17150/30000 | pT_loss: 0.1253 | eta_loss: 0.1420 | phi_loss: 0.0203 | energy_loss: 0.1362 | total_train_loss: 0.1060
step: 17200/30000 | pT_loss: 0.1240 | eta_loss: 0.1422 | phi_loss: 0.0203 | energy_loss: 0.1339 | total_train_loss: 0.1051
step: 17250/30000 | pT_loss: 0.1252 | eta_loss: 0.1421 | phi_loss: 0.0204 | energy_loss: 0.1356 | total_train_loss: 0.1058
step: 17300/30000 | pT_loss: 0.1246 | eta_loss: 0.1419 | phi_loss: 0.0204 | energy_loss: 0.1343 | total_train_loss: 0.1053
step: 17350/30000 | pT_loss: 0.1235 | eta_loss: 0.1420 | phi_loss: 0.0203 | energy_loss: 0.1338 | total_train_loss: 0.1049
step: 17400/30000 | pT_loss: 0.1230 | eta_loss: 0.1420 | phi_loss: 0.0203 | energy_loss: 0.1335 | total_train_loss: 0.1047
step: 17450/30000 | pT_loss: 0.1236 | eta_loss: 0.1420 | phi_loss: 0.0203 | energy_loss: 0.1337 | total_train_loss: 0.1049
step: 17500/30000 | pT_loss: 0.1230 | eta_loss: 0.1419 | phi_loss: 0.0203 | energy_loss: 0.1336 | total_train_loss: 0.1047
step: 17550/30000 | pT_loss: 0.1230 | eta_loss: 0.1419 | phi_loss: 0.0203 | energy_loss: 0.1339 | total_train_loss: 0.1048
step: 17600/30000 | pT_loss: 0.1229 | eta_loss: 0.1418 | phi_loss: 0.0203 | energy_loss: 0.1340 | total_train_loss: 0.1048
step: 17650/30000 | pT_loss: 0.1229 | eta_loss: 0.1419 | phi_loss: 0.0204 | energy_loss: 0.1345 | total_train_loss: 0.1049
step: 17700/30000 | pT_loss: 0.1232 | eta_loss: 0.1419 | phi_loss: 0.0204 | energy_loss: 0.1349 | total_train_loss: 0.1051
step: 17750/30000 | pT_loss: 0.1231 | eta_loss: 0.1419 | phi_loss: 0.0204 | energy_loss: 0.1349 | total_train_loss: 0.1051
step: 17800/30000 | pT_loss: 0.1231 | eta_loss: 0.1419 | phi_loss: 0.0204 | energy_loss: 0.1349 | total_train_loss: 0.1051
step: 17850/30000 | pT_loss: 0.1235 | eta_loss: 0.1419 | phi_loss: 0.0204 | energy_loss: 0.1353 | total_train_loss: 0.1053
step: 17900/30000 | pT_loss: 0.1230 | eta_loss: 0.1419 | phi_loss: 0.0205 | energy_loss: 0.1347 | total_train_loss: 0.1050
step: 17950/30000 | pT_loss: 0.1234 | eta_loss: 0.1419 | phi_loss: 0.0205 | energy_loss: 0.1350 | total_train_loss: 0.1052
step: 18000/30000 | pT_loss: 0.1236 | eta_loss: 0.1419 | phi_loss: 0.0205 | energy_loss: 0.1355 | total_train_loss: 0.1054
epoch: 18/30 | pT_loss: 0.1224 | eta_loss: 0.1430 | phi_loss: 0.0234 | energy_loss: 0.1392 | total_val_loss: 0.1070
step: 18050/30000 | pT_loss: 0.1207 | eta_loss: 0.1418 | phi_loss: 0.0204 | energy_loss: 0.1360 | total_train_loss: 0.1047
step: 18100/30000 | pT_loss: 0.1192 | eta_loss: 0.1414 | phi_loss: 0.0203 | energy_loss: 0.1311 | total_train_loss: 0.1030
step: 18150/30000 | pT_loss: 0.1189 | eta_loss: 0.1417 | phi_loss: 0.0203 | energy_loss: 0.1313 | total_train_loss: 0.1031
step: 18200/30000 | pT_loss: 0.1203 | eta_loss: 0.1419 | phi_loss: 0.0204 | energy_loss: 0.1324 | total_train_loss: 0.1037
step: 18250/30000 | pT_loss: 0.1202 | eta_loss: 0.1415 | phi_loss: 0.0203 | energy_loss: 0.1326 | total_train_loss: 0.1037
step: 18300/30000 | pT_loss: 0.1202 | eta_loss: 0.1414 | phi_loss: 0.0203 | energy_loss: 0.1315 | total_train_loss: 0.1034
step: 18350/30000 | pT_loss: 0.1211 | eta_loss: 0.1413 | phi_loss: 0.0203 | energy_loss: 0.1319 | total_train_loss: 0.1037
step: 18400/30000 | pT_loss: 0.1213 | eta_loss: 0.1414 | phi_loss: 0.0203 | energy_loss: 0.1317 | total_train_loss: 0.1037
step: 18450/30000 | pT_loss: 0.1217 | eta_loss: 0.1414 | phi_loss: 0.0203 | energy_loss: 0.1324 | total_train_loss: 0.1039
step: 18500/30000 | pT_loss: 0.1219 | eta_loss: 0.1413 | phi_loss: 0.0203 | energy_loss: 0.1331 | total_train_loss: 0.1041
step: 18550/30000 | pT_loss: 0.1217 | eta_loss: 0.1413 | phi_loss: 0.0203 | energy_loss: 0.1329 | total_train_loss: 0.1040
step: 18600/30000 | pT_loss: 0.1215 | eta_loss: 0.1414 | phi_loss: 0.0203 | energy_loss: 0.1330 | total_train_loss: 0.1040
step: 18650/30000 | pT_loss: 0.1214 | eta_loss: 0.1414 | phi_loss: 0.0203 | energy_loss: 0.1324 | total_train_loss: 0.1039
step: 18700/30000 | pT_loss: 0.1209 | eta_loss: 0.1414 | phi_loss: 0.0203 | energy_loss: 0.1322 | total_train_loss: 0.1037
step: 18750/30000 | pT_loss: 0.1209 | eta_loss: 0.1413 | phi_loss: 0.0202 | energy_loss: 0.1320 | total_train_loss: 0.1036
step: 18800/30000 | pT_loss: 0.1212 | eta_loss: 0.1413 | phi_loss: 0.0202 | energy_loss: 0.1328 | total_train_loss: 0.1039
step: 18850/30000 | pT_loss: 0.1210 | eta_loss: 0.1414 | phi_loss: 0.0202 | energy_loss: 0.1326 | total_train_loss: 0.1038
step: 18900/30000 | pT_loss: 0.1210 | eta_loss: 0.1415 | phi_loss: 0.0202 | energy_loss: 0.1321 | total_train_loss: 0.1037
step: 18950/30000 | pT_loss: 0.1210 | eta_loss: 0.1415 | phi_loss: 0.0202 | energy_loss: 0.1322 | total_train_loss: 0.1037
step: 19000/30000 | pT_loss: 0.1213 | eta_loss: 0.1415 | phi_loss: 0.0202 | energy_loss: 0.1324 | total_train_loss: 0.1038
epoch: 19/30 | pT_loss: 0.1187 | eta_loss: 0.1432 | phi_loss: 0.0210 | energy_loss: 0.1298 | total_val_loss: 0.1032
step: 19050/30000 | pT_loss: 0.1222 | eta_loss: 0.1412 | phi_loss: 0.0200 | energy_loss: 0.1367 | total_train_loss: 0.1050
step: 19100/30000 | pT_loss: 0.1226 | eta_loss: 0.1414 | phi_loss: 0.0201 | energy_loss: 0.1324 | total_train_loss: 0.1041
step: 19150/30000 | pT_loss: 0.1221 | eta_loss: 0.1410 | phi_loss: 0.0201 | energy_loss: 0.1323 | total_train_loss: 0.1039
step: 19200/30000 | pT_loss: 0.1220 | eta_loss: 0.1412 | phi_loss: 0.0201 | energy_loss: 0.1323 | total_train_loss: 0.1039
step: 19250/30000 | pT_loss: 0.1223 | eta_loss: 0.1415 | phi_loss: 0.0202 | energy_loss: 0.1331 | total_train_loss: 0.1043
step: 19300/30000 | pT_loss: 0.1218 | eta_loss: 0.1414 | phi_loss: 0.0202 | energy_loss: 0.1327 | total_train_loss: 0.1041
step: 19350/30000 | pT_loss: 0.1221 | eta_loss: 0.1415 | phi_loss: 0.0202 | energy_loss: 0.1331 | total_train_loss: 0.1042
step: 19400/30000 | pT_loss: 0.1218 | eta_loss: 0.1416 | phi_loss: 0.0202 | energy_loss: 0.1323 | total_train_loss: 0.1040
step: 19450/30000 | pT_loss: 0.1221 | eta_loss: 0.1414 | phi_loss: 0.0202 | energy_loss: 0.1331 | total_train_loss: 0.1042
step: 19500/30000 | pT_loss: 0.1222 | eta_loss: 0.1414 | phi_loss: 0.0201 | energy_loss: 0.1333 | total_train_loss: 0.1042
step: 19550/30000 | pT_loss: 0.1221 | eta_loss: 0.1414 | phi_loss: 0.0202 | energy_loss: 0.1333 | total_train_loss: 0.1042
step: 19600/30000 | pT_loss: 0.1228 | eta_loss: 0.1414 | phi_loss: 0.0202 | energy_loss: 0.1338 | total_train_loss: 0.1045
step: 19650/30000 | pT_loss: 0.1227 | eta_loss: 0.1413 | phi_loss: 0.0202 | energy_loss: 0.1336 | total_train_loss: 0.1045
step: 19700/30000 | pT_loss: 0.1225 | eta_loss: 0.1413 | phi_loss: 0.0202 | energy_loss: 0.1334 | total_train_loss: 0.1043
step: 19750/30000 | pT_loss: 0.1224 | eta_loss: 0.1412 | phi_loss: 0.0201 | energy_loss: 0.1331 | total_train_loss: 0.1042
step: 19800/30000 | pT_loss: 0.1224 | eta_loss: 0.1411 | phi_loss: 0.0201 | energy_loss: 0.1336 | total_train_loss: 0.1043
step: 19850/30000 | pT_loss: 0.1221 | eta_loss: 0.1411 | phi_loss: 0.0201 | energy_loss: 0.1332 | total_train_loss: 0.1041
step: 19900/30000 | pT_loss: 0.1222 | eta_loss: 0.1411 | phi_loss: 0.0201 | energy_loss: 0.1332 | total_train_loss: 0.1042
step: 19950/30000 | pT_loss: 0.1224 | eta_loss: 0.1411 | phi_loss: 0.0201 | energy_loss: 0.1333 | total_train_loss: 0.1042
step: 20000/30000 | pT_loss: 0.1226 | eta_loss: 0.1411 | phi_loss: 0.0201 | energy_loss: 0.1339 | total_train_loss: 0.1044
epoch: 20/30 | pT_loss: 0.1187 | eta_loss: 0.1397 | phi_loss: 0.0194 | energy_loss: 0.1335 | total_val_loss: 0.1028
step: 20050/30000 | pT_loss: 0.1199 | eta_loss: 0.1398 | phi_loss: 0.0201 | energy_loss: 0.1296 | total_train_loss: 0.1023
step: 20100/30000 | pT_loss: 0.1190 | eta_loss: 0.1399 | phi_loss: 0.0203 | energy_loss: 0.1294 | total_train_loss: 0.1021
step: 20150/30000 | pT_loss: 0.1199 | eta_loss: 0.1400 | phi_loss: 0.0202 | energy_loss: 0.1320 | total_train_loss: 0.1030
step: 20200/30000 | pT_loss: 0.1182 | eta_loss: 0.1404 | phi_loss: 0.0201 | energy_loss: 0.1292 | total_train_loss: 0.1020
step: 20250/30000 | pT_loss: 0.1201 | eta_loss: 0.1403 | phi_loss: 0.0201 | energy_loss: 0.1307 | total_train_loss: 0.1028
step: 20300/30000 | pT_loss: 0.1200 | eta_loss: 0.1403 | phi_loss: 0.0201 | energy_loss: 0.1301 | total_train_loss: 0.1026
step: 20350/30000 | pT_loss: 0.1196 | eta_loss: 0.1403 | phi_loss: 0.0200 | energy_loss: 0.1293 | total_train_loss: 0.1023
step: 20400/30000 | pT_loss: 0.1199 | eta_loss: 0.1404 | phi_loss: 0.0200 | energy_loss: 0.1299 | total_train_loss: 0.1025
step: 20450/30000 | pT_loss: 0.1205 | eta_loss: 0.1405 | phi_loss: 0.0200 | energy_loss: 0.1305 | total_train_loss: 0.1029
step: 20500/30000 | pT_loss: 0.1207 | eta_loss: 0.1406 | phi_loss: 0.0200 | energy_loss: 0.1310 | total_train_loss: 0.1031
step: 20550/30000 | pT_loss: 0.1206 | eta_loss: 0.1404 | phi_loss: 0.0200 | energy_loss: 0.1310 | total_train_loss: 0.1030
step: 20600/30000 | pT_loss: 0.1205 | eta_loss: 0.1405 | phi_loss: 0.0201 | energy_loss: 0.1314 | total_train_loss: 0.1031
step: 20650/30000 | pT_loss: 0.1204 | eta_loss: 0.1406 | phi_loss: 0.0201 | energy_loss: 0.1315 | total_train_loss: 0.1031
step: 20700/30000 | pT_loss: 0.1210 | eta_loss: 0.1405 | phi_loss: 0.0201 | energy_loss: 0.1322 | total_train_loss: 0.1035
step: 20750/30000 | pT_loss: 0.1213 | eta_loss: 0.1405 | phi_loss: 0.0202 | energy_loss: 0.1329 | total_train_loss: 0.1037
step: 20800/30000 | pT_loss: 0.1215 | eta_loss: 0.1404 | phi_loss: 0.0204 | energy_loss: 0.1336 | total_train_loss: 0.1040
step: 20850/30000 | pT_loss: 0.1213 | eta_loss: 0.1404 | phi_loss: 0.0205 | energy_loss: 0.1334 | total_train_loss: 0.1039
step: 20900/30000 | pT_loss: 0.1211 | eta_loss: 0.1405 | phi_loss: 0.0205 | energy_loss: 0.1331 | total_train_loss: 0.1038
step: 20950/30000 | pT_loss: 0.1212 | eta_loss: 0.1406 | phi_loss: 0.0205 | energy_loss: 0.1330 | total_train_loss: 0.1038
step: 21000/30000 | pT_loss: 0.1210 | eta_loss: 0.1405 | phi_loss: 0.0205 | energy_loss: 0.1331 | total_train_loss: 0.1038
epoch: 21/30 | pT_loss: 0.1231 | eta_loss: 0.1407 | phi_loss: 0.0205 | energy_loss: 0.1352 | total_val_loss: 0.1049
step: 21050/30000 | pT_loss: 0.1164 | eta_loss: 0.1417 | phi_loss: 0.0204 | energy_loss: 0.1253 | total_train_loss: 0.1009
step: 21100/30000 | pT_loss: 0.1182 | eta_loss: 0.1399 | phi_loss: 0.0204 | energy_loss: 0.1292 | total_train_loss: 0.1019
step: 21150/30000 | pT_loss: 0.1165 | eta_loss: 0.1399 | phi_loss: 0.0203 | energy_loss: 0.1272 | total_train_loss: 0.1010
step: 21200/30000 | pT_loss: 0.1175 | eta_loss: 0.1401 | phi_loss: 0.0202 | energy_loss: 0.1284 | total_train_loss: 0.1015
step: 21250/30000 | pT_loss: 0.1170 | eta_loss: 0.1402 | phi_loss: 0.0202 | energy_loss: 0.1272 | total_train_loss: 0.1011
step: 21300/30000 | pT_loss: 0.1182 | eta_loss: 0.1401 | phi_loss: 0.0201 | energy_loss: 0.1270 | total_train_loss: 0.1014
step: 21350/30000 | pT_loss: 0.1180 | eta_loss: 0.1403 | phi_loss: 0.0201 | energy_loss: 0.1273 | total_train_loss: 0.1014
step: 21400/30000 | pT_loss: 0.1179 | eta_loss: 0.1402 | phi_loss: 0.0201 | energy_loss: 0.1279 | total_train_loss: 0.1015
step: 21450/30000 | pT_loss: 0.1180 | eta_loss: 0.1403 | phi_loss: 0.0201 | energy_loss: 0.1276 | total_train_loss: 0.1015
step: 21500/30000 | pT_loss: 0.1177 | eta_loss: 0.1403 | phi_loss: 0.0200 | energy_loss: 0.1272 | total_train_loss: 0.1013
step: 21550/30000 | pT_loss: 0.1177 | eta_loss: 0.1402 | phi_loss: 0.0200 | energy_loss: 0.1268 | total_train_loss: 0.1012
step: 21600/30000 | pT_loss: 0.1174 | eta_loss: 0.1402 | phi_loss: 0.0200 | energy_loss: 0.1264 | total_train_loss: 0.1010
step: 21650/30000 | pT_loss: 0.1175 | eta_loss: 0.1401 | phi_loss: 0.0202 | energy_loss: 0.1265 | total_train_loss: 0.1011
step: 21700/30000 | pT_loss: 0.1179 | eta_loss: 0.1402 | phi_loss: 0.0205 | energy_loss: 0.1268 | total_train_loss: 0.1014
step: 21750/30000 | pT_loss: 0.1180 | eta_loss: 0.1402 | phi_loss: 0.0205 | energy_loss: 0.1270 | total_train_loss: 0.1015
step: 21800/30000 | pT_loss: 0.1181 | eta_loss: 0.1402 | phi_loss: 0.0206 | energy_loss: 0.1271 | total_train_loss: 0.1015
step: 21850/30000 | pT_loss: 0.1182 | eta_loss: 0.1402 | phi_loss: 0.0206 | energy_loss: 0.1271 | total_train_loss: 0.1015
step: 21900/30000 | pT_loss: 0.1185 | eta_loss: 0.1403 | phi_loss: 0.0205 | energy_loss: 0.1274 | total_train_loss: 0.1017
step: 21950/30000 | pT_loss: 0.1185 | eta_loss: 0.1403 | phi_loss: 0.0205 | energy_loss: 0.1274 | total_train_loss: 0.1017
step: 22000/30000 | pT_loss: 0.1184 | eta_loss: 0.1403 | phi_loss: 0.0205 | energy_loss: 0.1275 | total_train_loss: 0.1017
epoch: 22/30 | pT_loss: 0.1181 | eta_loss: 0.1441 | phi_loss: 0.0214 | energy_loss: 0.1297 | total_val_loss: 0.1033
step: 22050/30000 | pT_loss: 0.1230 | eta_loss: 0.1410 | phi_loss: 0.0204 | energy_loss: 0.1345 | total_train_loss: 0.1047
step: 22100/30000 | pT_loss: 0.1232 | eta_loss: 0.1399 | phi_loss: 0.0201 | energy_loss: 0.1313 | total_train_loss: 0.1036
step: 22150/30000 | pT_loss: 0.1217 | eta_loss: 0.1400 | phi_loss: 0.0202 | energy_loss: 0.1315 | total_train_loss: 0.1033
step: 22200/30000 | pT_loss: 0.1202 | eta_loss: 0.1400 | phi_loss: 0.0201 | energy_loss: 0.1300 | total_train_loss: 0.1026
step: 22250/30000 | pT_loss: 0.1201 | eta_loss: 0.1401 | phi_loss: 0.0201 | energy_loss: 0.1296 | total_train_loss: 0.1025
step: 22300/30000 | pT_loss: 0.1194 | eta_loss: 0.1402 | phi_loss: 0.0200 | energy_loss: 0.1293 | total_train_loss: 0.1022
step: 22350/30000 | pT_loss: 0.1194 | eta_loss: 0.1402 | phi_loss: 0.0200 | energy_loss: 0.1295 | total_train_loss: 0.1023
step: 22400/30000 | pT_loss: 0.1188 | eta_loss: 0.1403 | phi_loss: 0.0200 | energy_loss: 0.1288 | total_train_loss: 0.1020
step: 22450/30000 | pT_loss: 0.1189 | eta_loss: 0.1402 | phi_loss: 0.0199 | energy_loss: 0.1288 | total_train_loss: 0.1020
step: 22500/30000 | pT_loss: 0.1190 | eta_loss: 0.1402 | phi_loss: 0.0199 | energy_loss: 0.1289 | total_train_loss: 0.1020
step: 22550/30000 | pT_loss: 0.1183 | eta_loss: 0.1402 | phi_loss: 0.0199 | energy_loss: 0.1281 | total_train_loss: 0.1016
step: 22600/30000 | pT_loss: 0.1180 | eta_loss: 0.1402 | phi_loss: 0.0199 | energy_loss: 0.1277 | total_train_loss: 0.1015
step: 22650/30000 | pT_loss: 0.1179 | eta_loss: 0.1402 | phi_loss: 0.0199 | energy_loss: 0.1276 | total_train_loss: 0.1014
step: 22700/30000 | pT_loss: 0.1183 | eta_loss: 0.1402 | phi_loss: 0.0199 | energy_loss: 0.1280 | total_train_loss: 0.1016
step: 22750/30000 | pT_loss: 0.1183 | eta_loss: 0.1402 | phi_loss: 0.0199 | energy_loss: 0.1283 | total_train_loss: 0.1017
step: 22800/30000 | pT_loss: 0.1189 | eta_loss: 0.1403 | phi_loss: 0.0199 | energy_loss: 0.1287 | total_train_loss: 0.1019
step: 22850/30000 | pT_loss: 0.1188 | eta_loss: 0.1402 | phi_loss: 0.0199 | energy_loss: 0.1288 | total_train_loss: 0.1019
step: 22900/30000 | pT_loss: 0.1191 | eta_loss: 0.1401 | phi_loss: 0.0199 | energy_loss: 0.1291 | total_train_loss: 0.1021
step: 22950/30000 | pT_loss: 0.1189 | eta_loss: 0.1401 | phi_loss: 0.0199 | energy_loss: 0.1288 | total_train_loss: 0.1019
step: 23000/30000 | pT_loss: 0.1187 | eta_loss: 0.1400 | phi_loss: 0.0199 | energy_loss: 0.1288 | total_train_loss: 0.1019
epoch: 23/30 | pT_loss: 0.1215 | eta_loss: 0.1474 | phi_loss: 0.0212 | energy_loss: 0.1326 | total_val_loss: 0.1057
step: 23050/30000 | pT_loss: 0.1178 | eta_loss: 0.1403 | phi_loss: 0.0196 | energy_loss: 0.1293 | total_train_loss: 0.1017
step: 23100/30000 | pT_loss: 0.1154 | eta_loss: 0.1403 | phi_loss: 0.0196 | energy_loss: 0.1255 | total_train_loss: 0.1002
step: 23150/30000 | pT_loss: 0.1190 | eta_loss: 0.1402 | phi_loss: 0.0197 | energy_loss: 0.1273 | total_train_loss: 0.1015
step: 23200/30000 | pT_loss: 0.1183 | eta_loss: 0.1401 | phi_loss: 0.0197 | energy_loss: 0.1283 | total_train_loss: 0.1016
step: 23250/30000 | pT_loss: 0.1171 | eta_loss: 0.1399 | phi_loss: 0.0198 | energy_loss: 0.1281 | total_train_loss: 0.1012
step: 23300/30000 | pT_loss: 0.1180 | eta_loss: 0.1398 | phi_loss: 0.0198 | energy_loss: 0.1289 | total_train_loss: 0.1016
step: 23350/30000 | pT_loss: 0.1172 | eta_loss: 0.1396 | phi_loss: 0.0197 | energy_loss: 0.1276 | total_train_loss: 0.1011
step: 23400/30000 | pT_loss: 0.1172 | eta_loss: 0.1395 | phi_loss: 0.0197 | energy_loss: 0.1278 | total_train_loss: 0.1010
step: 23450/30000 | pT_loss: 0.1170 | eta_loss: 0.1395 | phi_loss: 0.0197 | energy_loss: 0.1279 | total_train_loss: 0.1010
step: 23500/30000 | pT_loss: 0.1169 | eta_loss: 0.1395 | phi_loss: 0.0196 | energy_loss: 0.1283 | total_train_loss: 0.1011
step: 23550/30000 | pT_loss: 0.1169 | eta_loss: 0.1397 | phi_loss: 0.0197 | energy_loss: 0.1282 | total_train_loss: 0.1011
step: 23600/30000 | pT_loss: 0.1172 | eta_loss: 0.1397 | phi_loss: 0.0197 | energy_loss: 0.1282 | total_train_loss: 0.1012
step: 23650/30000 | pT_loss: 0.1172 | eta_loss: 0.1396 | phi_loss: 0.0196 | energy_loss: 0.1282 | total_train_loss: 0.1012
step: 23700/30000 | pT_loss: 0.1174 | eta_loss: 0.1396 | phi_loss: 0.0197 | energy_loss: 0.1277 | total_train_loss: 0.1011
step: 23750/30000 | pT_loss: 0.1170 | eta_loss: 0.1396 | phi_loss: 0.0197 | energy_loss: 0.1276 | total_train_loss: 0.1010
step: 23800/30000 | pT_loss: 0.1174 | eta_loss: 0.1396 | phi_loss: 0.0197 | energy_loss: 0.1279 | total_train_loss: 0.1011
step: 23850/30000 | pT_loss: 0.1176 | eta_loss: 0.1395 | phi_loss: 0.0196 | energy_loss: 0.1281 | total_train_loss: 0.1012
step: 23900/30000 | pT_loss: 0.1178 | eta_loss: 0.1394 | phi_loss: 0.0196 | energy_loss: 0.1283 | total_train_loss: 0.1013
step: 23950/30000 | pT_loss: 0.1180 | eta_loss: 0.1394 | phi_loss: 0.0196 | energy_loss: 0.1286 | total_train_loss: 0.1014
step: 24000/30000 | pT_loss: 0.1179 | eta_loss: 0.1394 | phi_loss: 0.0196 | energy_loss: 0.1285 | total_train_loss: 0.1014
epoch: 24/30 | pT_loss: 0.1179 | eta_loss: 0.1446 | phi_loss: 0.0211 | energy_loss: 0.1325 | total_val_loss: 0.1040
step: 24050/30000 | pT_loss: 0.1193 | eta_loss: 0.1384 | phi_loss: 0.0194 | energy_loss: 0.1367 | total_train_loss: 0.1035
step: 24100/30000 | pT_loss: 0.1150 | eta_loss: 0.1387 | phi_loss: 0.0195 | energy_loss: 0.1310 | total_train_loss: 0.1010
step: 24150/30000 | pT_loss: 0.1145 | eta_loss: 0.1388 | phi_loss: 0.0194 | energy_loss: 0.1292 | total_train_loss: 0.1005
step: 24200/30000 | pT_loss: 0.1160 | eta_loss: 0.1385 | phi_loss: 0.0194 | energy_loss: 0.1281 | total_train_loss: 0.1005
step: 24250/30000 | pT_loss: 0.1171 | eta_loss: 0.1383 | phi_loss: 0.0195 | energy_loss: 0.1282 | total_train_loss: 0.1008
step: 24300/30000 | pT_loss: 0.1163 | eta_loss: 0.1384 | phi_loss: 0.0195 | energy_loss: 0.1270 | total_train_loss: 0.1003
step: 24350/30000 | pT_loss: 0.1159 | eta_loss: 0.1387 | phi_loss: 0.0195 | energy_loss: 0.1259 | total_train_loss: 0.1000
step: 24400/30000 | pT_loss: 0.1157 | eta_loss: 0.1388 | phi_loss: 0.0195 | energy_loss: 0.1256 | total_train_loss: 0.0999
step: 24450/30000 | pT_loss: 0.1157 | eta_loss: 0.1388 | phi_loss: 0.0196 | energy_loss: 0.1257 | total_train_loss: 0.1000
step: 24500/30000 | pT_loss: 0.1161 | eta_loss: 0.1390 | phi_loss: 0.0196 | energy_loss: 0.1259 | total_train_loss: 0.1001
step: 24550/30000 | pT_loss: 0.1158 | eta_loss: 0.1390 | phi_loss: 0.0196 | energy_loss: 0.1262 | total_train_loss: 0.1001
step: 24600/30000 | pT_loss: 0.1160 | eta_loss: 0.1390 | phi_loss: 0.0196 | energy_loss: 0.1263 | total_train_loss: 0.1002
step: 24650/30000 | pT_loss: 0.1156 | eta_loss: 0.1390 | phi_loss: 0.0196 | energy_loss: 0.1265 | total_train_loss: 0.1002
step: 24700/30000 | pT_loss: 0.1157 | eta_loss: 0.1391 | phi_loss: 0.0196 | energy_loss: 0.1265 | total_train_loss: 0.1002
step: 24750/30000 | pT_loss: 0.1158 | eta_loss: 0.1392 | phi_loss: 0.0196 | energy_loss: 0.1269 | total_train_loss: 0.1004
step: 24800/30000 | pT_loss: 0.1159 | eta_loss: 0.1392 | phi_loss: 0.0196 | energy_loss: 0.1269 | total_train_loss: 0.1004
step: 24850/30000 | pT_loss: 0.1160 | eta_loss: 0.1393 | phi_loss: 0.0196 | energy_loss: 0.1272 | total_train_loss: 0.1005
step: 24900/30000 | pT_loss: 0.1164 | eta_loss: 0.1393 | phi_loss: 0.0195 | energy_loss: 0.1273 | total_train_loss: 0.1006
step: 24950/30000 | pT_loss: 0.1163 | eta_loss: 0.1393 | phi_loss: 0.0196 | energy_loss: 0.1276 | total_train_loss: 0.1007
step: 25000/30000 | pT_loss: 0.1162 | eta_loss: 0.1392 | phi_loss: 0.0196 | energy_loss: 0.1275 | total_train_loss: 0.1006
epoch: 25/30 | pT_loss: 0.1185 | eta_loss: 0.1426 | phi_loss: 0.0224 | energy_loss: 0.1308 | total_val_loss: 0.1036
step: 25050/30000 | pT_loss: 0.1160 | eta_loss: 0.1386 | phi_loss: 0.0193 | energy_loss: 0.1317 | total_train_loss: 0.1014
step: 25100/30000 | pT_loss: 0.1151 | eta_loss: 0.1389 | phi_loss: 0.0193 | energy_loss: 0.1280 | total_train_loss: 0.1003
step: 25150/30000 | pT_loss: 0.1151 | eta_loss: 0.1385 | phi_loss: 0.0193 | energy_loss: 0.1290 | total_train_loss: 0.1005
step: 25200/30000 | pT_loss: 0.1147 | eta_loss: 0.1386 | phi_loss: 0.0193 | energy_loss: 0.1273 | total_train_loss: 0.1000
step: 25250/30000 | pT_loss: 0.1142 | eta_loss: 0.1389 | phi_loss: 0.0193 | energy_loss: 0.1267 | total_train_loss: 0.0998
step: 25300/30000 | pT_loss: 0.1149 | eta_loss: 0.1389 | phi_loss: 0.0194 | energy_loss: 0.1265 | total_train_loss: 0.0999
step: 25350/30000 | pT_loss: 0.1143 | eta_loss: 0.1390 | phi_loss: 0.0194 | energy_loss: 0.1254 | total_train_loss: 0.0995
step: 25400/30000 | pT_loss: 0.1150 | eta_loss: 0.1389 | phi_loss: 0.0195 | energy_loss: 0.1259 | total_train_loss: 0.0998
step: 25450/30000 | pT_loss: 0.1150 | eta_loss: 0.1389 | phi_loss: 0.0196 | energy_loss: 0.1251 | total_train_loss: 0.0996
step: 25500/30000 | pT_loss: 0.1155 | eta_loss: 0.1389 | phi_loss: 0.0196 | energy_loss: 0.1259 | total_train_loss: 0.0999
step: 25550/30000 | pT_loss: 0.1160 | eta_loss: 0.1388 | phi_loss: 0.0196 | energy_loss: 0.1265 | total_train_loss: 0.1002
step: 25600/30000 | pT_loss: 0.1162 | eta_loss: 0.1388 | phi_loss: 0.0196 | energy_loss: 0.1266 | total_train_loss: 0.1003
step: 25650/30000 | pT_loss: 0.1165 | eta_loss: 0.1388 | phi_loss: 0.0196 | energy_loss: 0.1265 | total_train_loss: 0.1004
step: 25700/30000 | pT_loss: 0.1163 | eta_loss: 0.1388 | phi_loss: 0.0196 | energy_loss: 0.1263 | total_train_loss: 0.1002
step: 25750/30000 | pT_loss: 0.1164 | eta_loss: 0.1388 | phi_loss: 0.0196 | energy_loss: 0.1264 | total_train_loss: 0.1003
step: 25800/30000 | pT_loss: 0.1165 | eta_loss: 0.1388 | phi_loss: 0.0196 | energy_loss: 0.1266 | total_train_loss: 0.1004
step: 25850/30000 | pT_loss: 0.1166 | eta_loss: 0.1387 | phi_loss: 0.0196 | energy_loss: 0.1264 | total_train_loss: 0.1003
step: 25900/30000 | pT_loss: 0.1164 | eta_loss: 0.1387 | phi_loss: 0.0196 | energy_loss: 0.1262 | total_train_loss: 0.1002
step: 25950/30000 | pT_loss: 0.1166 | eta_loss: 0.1387 | phi_loss: 0.0196 | energy_loss: 0.1264 | total_train_loss: 0.1003
step: 26000/30000 | pT_loss: 0.1166 | eta_loss: 0.1388 | phi_loss: 0.0196 | energy_loss: 0.1264 | total_train_loss: 0.1003
epoch: 26/30 | pT_loss: 0.1169 | eta_loss: 0.1472 | phi_loss: 0.0223 | energy_loss: 0.1296 | total_val_loss: 0.1040
Early stopping at epoch 26. Best val_loss: 0.1028

Best model saved to: ./logs/LorentzParT/best/mae_1m_ragged_seed456.pt
step: 50/60000 | train_loss: 2.1998 | train_metric: 0.1670
step: 100/60000 | train_loss: 2.0993 | train_metric: 0.1985
step: 150/60000 | train_loss: 1.9637 | train_metric: 0.2603
step: 200/60000 | train_loss: 1.8384 | train_metric: 0.3120
step: 250/60000 | train_loss: 1.7408 | train_metric: 0.3527
step: 300/60000 | train_loss: 1.6647 | train_metric: 0.3838
step: 350/60000 | train_loss: 1.5986 | train_metric: 0.4108
step: 400/60000 | train_loss: 1.5471 | train_metric: 0.4316
step: 450/60000 | train_loss: 1.5028 | train_metric: 0.4493
step: 500/60000 | train_loss: 1.4671 | train_metric: 0.4633
step: 550/60000 | train_loss: 1.4358 | train_metric: 0.4756
step: 600/60000 | train_loss: 1.4080 | train_metric: 0.4865
step: 650/60000 | train_loss: 1.3852 | train_metric: 0.4955
step: 700/60000 | train_loss: 1.3654 | train_metric: 0.5029
step: 750/60000 | train_loss: 1.3477 | train_metric: 0.5097
step: 800/60000 | train_loss: 1.3306 | train_metric: 0.5162
step: 850/60000 | train_loss: 1.3160 | train_metric: 0.5218
step: 900/60000 | train_loss: 1.3017 | train_metric: 0.5273
step: 950/60000 | train_loss: 1.2886 | train_metric: 0.5323
step: 1000/60000 | train_loss: 1.2773 | train_metric: 0.5366
epoch: 1/60 | val_loss: 1.0652 | val_metric: 0.6186
step: 1050/60000 | train_loss: 1.0667 | train_metric: 0.6176
step: 1100/60000 | train_loss: 1.0594 | train_metric: 0.6201
step: 1150/60000 | train_loss: 1.0535 | train_metric: 0.6223
step: 1200/60000 | train_loss: 1.0514 | train_metric: 0.6227
step: 1250/60000 | train_loss: 1.0483 | train_metric: 0.6239
step: 1300/60000 | train_loss: 1.0468 | train_metric: 0.6245
step: 1350/60000 | train_loss: 1.0443 | train_metric: 0.6252
step: 1400/60000 | train_loss: 1.0432 | train_metric: 0.6253
step: 1450/60000 | train_loss: 1.0422 | train_metric: 0.6257
step: 1500/60000 | train_loss: 1.0396 | train_metric: 0.6266
step: 1550/60000 | train_loss: 1.0388 | train_metric: 0.6268
step: 1600/60000 | train_loss: 1.0375 | train_metric: 0.6273
step: 1650/60000 | train_loss: 1.0363 | train_metric: 0.6277
step: 1700/60000 | train_loss: 1.0342 | train_metric: 0.6285
step: 1750/60000 | train_loss: 1.0327 | train_metric: 0.6292
step: 1800/60000 | train_loss: 1.0303 | train_metric: 0.6302
step: 1850/60000 | train_loss: 1.0295 | train_metric: 0.6304
step: 1900/60000 | train_loss: 1.0278 | train_metric: 0.6310
step: 1950/60000 | train_loss: 1.0263 | train_metric: 0.6316
step: 2000/60000 | train_loss: 1.0247 | train_metric: 0.6321
epoch: 2/60 | val_loss: 1.0475 | val_metric: 0.6256
step: 2050/60000 | train_loss: 0.9867 | train_metric: 0.6469
step: 2100/60000 | train_loss: 0.9870 | train_metric: 0.6472
step: 2150/60000 | train_loss: 0.9908 | train_metric: 0.6454
step: 2200/60000 | train_loss: 0.9891 | train_metric: 0.6460
step: 2250/60000 | train_loss: 0.9899 | train_metric: 0.6448
step: 2300/60000 | train_loss: 0.9889 | train_metric: 0.6451
step: 2350/60000 | train_loss: 0.9877 | train_metric: 0.6458
step: 2400/60000 | train_loss: 0.9868 | train_metric: 0.6463
step: 2450/60000 | train_loss: 0.9860 | train_metric: 0.6468
step: 2500/60000 | train_loss: 0.9848 | train_metric: 0.6473
step: 2550/60000 | train_loss: 0.9838 | train_metric: 0.6478
step: 2600/60000 | train_loss: 0.9820 | train_metric: 0.6484
step: 2650/60000 | train_loss: 0.9809 | train_metric: 0.6490
step: 2700/60000 | train_loss: 0.9805 | train_metric: 0.6492
step: 2750/60000 | train_loss: 0.9797 | train_metric: 0.6493
step: 2800/60000 | train_loss: 0.9790 | train_metric: 0.6495
step: 2850/60000 | train_loss: 0.9783 | train_metric: 0.6497
step: 2900/60000 | train_loss: 0.9781 | train_metric: 0.6497
step: 2950/60000 | train_loss: 0.9768 | train_metric: 0.6502
step: 3000/60000 | train_loss: 0.9758 | train_metric: 0.6507
epoch: 3/60 | val_loss: 0.9570 | val_metric: 0.6597
step: 3050/60000 | train_loss: 0.9644 | train_metric: 0.6540
step: 3100/60000 | train_loss: 0.9599 | train_metric: 0.6563
step: 3150/60000 | train_loss: 0.9585 | train_metric: 0.6564
step: 3200/60000 | train_loss: 0.9602 | train_metric: 0.6561
step: 3250/60000 | train_loss: 0.9629 | train_metric: 0.6552
step: 3300/60000 | train_loss: 0.9610 | train_metric: 0.6560
step: 3350/60000 | train_loss: 0.9584 | train_metric: 0.6568
step: 3400/60000 | train_loss: 0.9558 | train_metric: 0.6578
step: 3450/60000 | train_loss: 0.9542 | train_metric: 0.6586
step: 3500/60000 | train_loss: 0.9532 | train_metric: 0.6590
step: 3550/60000 | train_loss: 0.9523 | train_metric: 0.6596
step: 3600/60000 | train_loss: 0.9519 | train_metric: 0.6597
step: 3650/60000 | train_loss: 0.9509 | train_metric: 0.6598
step: 3700/60000 | train_loss: 0.9500 | train_metric: 0.6602
step: 3750/60000 | train_loss: 0.9502 | train_metric: 0.6601
step: 3800/60000 | train_loss: 0.9503 | train_metric: 0.6601
step: 3850/60000 | train_loss: 0.9496 | train_metric: 0.6605
step: 3900/60000 | train_loss: 0.9486 | train_metric: 0.6609
step: 3950/60000 | train_loss: 0.9484 | train_metric: 0.6610
step: 4000/60000 | train_loss: 0.9481 | train_metric: 0.6611
epoch: 4/60 | val_loss: 0.9334 | val_metric: 0.6655
step: 4050/60000 | train_loss: 0.9387 | train_metric: 0.6650
step: 4100/60000 | train_loss: 0.9334 | train_metric: 0.6669
step: 4150/60000 | train_loss: 0.9315 | train_metric: 0.6674
step: 4200/60000 | train_loss: 0.9305 | train_metric: 0.6678
step: 4250/60000 | train_loss: 0.9308 | train_metric: 0.6679
step: 4300/60000 | train_loss: 0.9315 | train_metric: 0.6674
step: 4350/60000 | train_loss: 0.9308 | train_metric: 0.6674
step: 4400/60000 | train_loss: 0.9304 | train_metric: 0.6678
step: 4450/60000 | train_loss: 0.9301 | train_metric: 0.6681
step: 4500/60000 | train_loss: 0.9298 | train_metric: 0.6682
step: 4550/60000 | train_loss: 0.9294 | train_metric: 0.6683
step: 4600/60000 | train_loss: 0.9306 | train_metric: 0.6677
step: 4650/60000 | train_loss: 0.9308 | train_metric: 0.6676
step: 4700/60000 | train_loss: 0.9314 | train_metric: 0.6672
step: 4750/60000 | train_loss: 0.9314 | train_metric: 0.6672
step: 4800/60000 | train_loss: 0.9309 | train_metric: 0.6674
step: 4850/60000 | train_loss: 0.9300 | train_metric: 0.6677
step: 4900/60000 | train_loss: 0.9301 | train_metric: 0.6676
step: 4950/60000 | train_loss: 0.9297 | train_metric: 0.6679
step: 5000/60000 | train_loss: 0.9291 | train_metric: 0.6682
epoch: 5/60 | val_loss: 0.9210 | val_metric: 0.6695
step: 5050/60000 | train_loss: 0.9208 | train_metric: 0.6696
step: 5100/60000 | train_loss: 0.9178 | train_metric: 0.6725
step: 5150/60000 | train_loss: 0.9172 | train_metric: 0.6727
step: 5200/60000 | train_loss: 0.9163 | train_metric: 0.6723
step: 5250/60000 | train_loss: 0.9160 | train_metric: 0.6729
step: 5300/60000 | train_loss: 0.9170 | train_metric: 0.6722
step: 5350/60000 | train_loss: 0.9165 | train_metric: 0.6729
step: 5400/60000 | train_loss: 0.9177 | train_metric: 0.6726
step: 5450/60000 | train_loss: 0.9182 | train_metric: 0.6723
step: 5500/60000 | train_loss: 0.9182 | train_metric: 0.6724
step: 5550/60000 | train_loss: 0.9184 | train_metric: 0.6723
step: 5600/60000 | train_loss: 0.9181 | train_metric: 0.6724
step: 5650/60000 | train_loss: 0.9185 | train_metric: 0.6721
step: 5700/60000 | train_loss: 0.9189 | train_metric: 0.6720
step: 5750/60000 | train_loss: 0.9190 | train_metric: 0.6720
step: 5800/60000 | train_loss: 0.9190 | train_metric: 0.6721
step: 5850/60000 | train_loss: 0.9184 | train_metric: 0.6722
step: 5900/60000 | train_loss: 0.9182 | train_metric: 0.6722
step: 5950/60000 | train_loss: 0.9178 | train_metric: 0.6723
step: 6000/60000 | train_loss: 0.9172 | train_metric: 0.6725
epoch: 6/60 | val_loss: 0.9025 | val_metric: 0.6807
step: 6050/60000 | train_loss: 0.9197 | train_metric: 0.6720
step: 6100/60000 | train_loss: 0.9098 | train_metric: 0.6750
step: 6150/60000 | train_loss: 0.9070 | train_metric: 0.6766
step: 6200/60000 | train_loss: 0.9062 | train_metric: 0.6763
step: 6250/60000 | train_loss: 0.9084 | train_metric: 0.6755
step: 6300/60000 | train_loss: 0.9085 | train_metric: 0.6757
step: 6350/60000 | train_loss: 0.9084 | train_metric: 0.6755
step: 6400/60000 | train_loss: 0.9082 | train_metric: 0.6755
step: 6450/60000 | train_loss: 0.9087 | train_metric: 0.6753
step: 6500/60000 | train_loss: 0.9093 | train_metric: 0.6752
step: 6550/60000 | train_loss: 0.9097 | train_metric: 0.6751
step: 6600/60000 | train_loss: 0.9084 | train_metric: 0.6755
step: 6650/60000 | train_loss: 0.9087 | train_metric: 0.6754
step: 6700/60000 | train_loss: 0.9085 | train_metric: 0.6756
step: 6750/60000 | train_loss: 0.9085 | train_metric: 0.6757
step: 6800/60000 | train_loss: 0.9084 | train_metric: 0.6756
step: 6850/60000 | train_loss: 0.9083 | train_metric: 0.6756
step: 6900/60000 | train_loss: 0.9084 | train_metric: 0.6756
step: 6950/60000 | train_loss: 0.9086 | train_metric: 0.6755
step: 7000/60000 | train_loss: 0.9085 | train_metric: 0.6755
epoch: 7/60 | val_loss: 0.8985 | val_metric: 0.6816
step: 7050/60000 | train_loss: 0.8986 | train_metric: 0.6795
step: 7100/60000 | train_loss: 0.9008 | train_metric: 0.6775
step: 7150/60000 | train_loss: 0.9058 | train_metric: 0.6763
step: 7200/60000 | train_loss: 0.9030 | train_metric: 0.6771
step: 7250/60000 | train_loss: 0.9026 | train_metric: 0.6769
step: 7300/60000 | train_loss: 0.9038 | train_metric: 0.6769
step: 7350/60000 | train_loss: 0.9039 | train_metric: 0.6767
step: 7400/60000 | train_loss: 0.9029 | train_metric: 0.6769
step: 7450/60000 | train_loss: 0.9028 | train_metric: 0.6772
step: 7500/60000 | train_loss: 0.9030 | train_metric: 0.6772
step: 7550/60000 | train_loss: 0.9020 | train_metric: 0.6775
step: 7600/60000 | train_loss: 0.9024 | train_metric: 0.6774
step: 7650/60000 | train_loss: 0.9025 | train_metric: 0.6774
step: 7700/60000 | train_loss: 0.9025 | train_metric: 0.6774
step: 7750/60000 | train_loss: 0.9025 | train_metric: 0.6775
step: 7800/60000 | train_loss: 0.9018 | train_metric: 0.6777
step: 7850/60000 | train_loss: 0.9022 | train_metric: 0.6777
step: 7900/60000 | train_loss: 0.9019 | train_metric: 0.6777
step: 7950/60000 | train_loss: 0.9019 | train_metric: 0.6777
step: 8000/60000 | train_loss: 0.9017 | train_metric: 0.6779
epoch: 8/60 | val_loss: 0.8964 | val_metric: 0.6817
step: 8050/60000 | train_loss: 0.8896 | train_metric: 0.6816
step: 8100/60000 | train_loss: 0.8900 | train_metric: 0.6820
step: 8150/60000 | train_loss: 0.8953 | train_metric: 0.6806
step: 8200/60000 | train_loss: 0.8957 | train_metric: 0.6807
step: 8250/60000 | train_loss: 0.8978 | train_metric: 0.6798
step: 8300/60000 | train_loss: 0.8987 | train_metric: 0.6792
step: 8350/60000 | train_loss: 0.8986 | train_metric: 0.6792
step: 8400/60000 | train_loss: 0.8976 | train_metric: 0.6799
step: 8450/60000 | train_loss: 0.8969 | train_metric: 0.6799
step: 8500/60000 | train_loss: 0.8970 | train_metric: 0.6797
step: 8550/60000 | train_loss: 0.8970 | train_metric: 0.6798
step: 8600/60000 | train_loss: 0.8970 | train_metric: 0.6795
step: 8650/60000 | train_loss: 0.8965 | train_metric: 0.6796
step: 8700/60000 | train_loss: 0.8963 | train_metric: 0.6798
step: 8750/60000 | train_loss: 0.8960 | train_metric: 0.6799
step: 8800/60000 | train_loss: 0.8958 | train_metric: 0.6798
step: 8850/60000 | train_loss: 0.8958 | train_metric: 0.6799
step: 8900/60000 | train_loss: 0.8955 | train_metric: 0.6799
step: 8950/60000 | train_loss: 0.8952 | train_metric: 0.6800
step: 9000/60000 | train_loss: 0.8950 | train_metric: 0.6801
epoch: 9/60 | val_loss: 0.8933 | val_metric: 0.6827
step: 9050/60000 | train_loss: 0.9033 | train_metric: 0.6780
step: 9100/60000 | train_loss: 0.8965 | train_metric: 0.6800
step: 9150/60000 | train_loss: 0.8929 | train_metric: 0.6813
step: 9200/60000 | train_loss: 0.8921 | train_metric: 0.6816
step: 9250/60000 | train_loss: 0.8908 | train_metric: 0.6816
step: 9300/60000 | train_loss: 0.8900 | train_metric: 0.6821
step: 9350/60000 | train_loss: 0.8900 | train_metric: 0.6822
step: 9400/60000 | train_loss: 0.8898 | train_metric: 0.6822
step: 9450/60000 | train_loss: 0.8890 | train_metric: 0.6825
step: 9500/60000 | train_loss: 0.8889 | train_metric: 0.6824
step: 9550/60000 | train_loss: 0.8890 | train_metric: 0.6824
step: 9600/60000 | train_loss: 0.8889 | train_metric: 0.6824
step: 9650/60000 | train_loss: 0.8887 | train_metric: 0.6822
step: 9700/60000 | train_loss: 0.8889 | train_metric: 0.6822
step: 9750/60000 | train_loss: 0.8886 | train_metric: 0.6822
step: 9800/60000 | train_loss: 0.8886 | train_metric: 0.6823
step: 9850/60000 | train_loss: 0.8887 | train_metric: 0.6822
step: 9900/60000 | train_loss: 0.8889 | train_metric: 0.6822
step: 9950/60000 | train_loss: 0.8891 | train_metric: 0.6821
step: 10000/60000 | train_loss: 0.8892 | train_metric: 0.6822
epoch: 10/60 | val_loss: 0.9104 | val_metric: 0.6751
step: 10050/60000 | train_loss: 0.8937 | train_metric: 0.6813
step: 10100/60000 | train_loss: 0.8893 | train_metric: 0.6830
step: 10150/60000 | train_loss: 0.8847 | train_metric: 0.6842
step: 10200/60000 | train_loss: 0.8861 | train_metric: 0.6832
step: 10250/60000 | train_loss: 0.8854 | train_metric: 0.6834
step: 10300/60000 | train_loss: 0.8856 | train_metric: 0.6831
step: 10350/60000 | train_loss: 0.8847 | train_metric: 0.6835
step: 10400/60000 | train_loss: 0.8845 | train_metric: 0.6835
step: 10450/60000 | train_loss: 0.8846 | train_metric: 0.6834
step: 10500/60000 | train_loss: 0.8846 | train_metric: 0.6835
step: 10550/60000 | train_loss: 0.8846 | train_metric: 0.6835
step: 10600/60000 | train_loss: 0.8836 | train_metric: 0.6837
step: 10650/60000 | train_loss: 0.8830 | train_metric: 0.6840
step: 10700/60000 | train_loss: 0.8831 | train_metric: 0.6839
step: 10750/60000 | train_loss: 0.8831 | train_metric: 0.6840
step: 10800/60000 | train_loss: 0.8839 | train_metric: 0.6837
step: 10850/60000 | train_loss: 0.8845 | train_metric: 0.6836
step: 10900/60000 | train_loss: 0.8845 | train_metric: 0.6837
step: 10950/60000 | train_loss: 0.8844 | train_metric: 0.6837
step: 11000/60000 | train_loss: 0.8846 | train_metric: 0.6836
epoch: 11/60 | val_loss: 0.8910 | val_metric: 0.6821
step: 11050/60000 | train_loss: 0.8734 | train_metric: 0.6877
step: 11100/60000 | train_loss: 0.8753 | train_metric: 0.6876
step: 11150/60000 | train_loss: 0.8752 | train_metric: 0.6880
step: 11200/60000 | train_loss: 0.8775 | train_metric: 0.6866
step: 11250/60000 | train_loss: 0.8775 | train_metric: 0.6864
step: 11300/60000 | train_loss: 0.8790 | train_metric: 0.6859
step: 11350/60000 | train_loss: 0.8793 | train_metric: 0.6857
step: 11400/60000 | train_loss: 0.8785 | train_metric: 0.6856
step: 11450/60000 | train_loss: 0.8783 | train_metric: 0.6857
step: 11500/60000 | train_loss: 0.8786 | train_metric: 0.6856
step: 11550/60000 | train_loss: 0.8789 | train_metric: 0.6855
step: 11600/60000 | train_loss: 0.8789 | train_metric: 0.6853
step: 11650/60000 | train_loss: 0.8795 | train_metric: 0.6850
step: 11700/60000 | train_loss: 0.8796 | train_metric: 0.6852
step: 11750/60000 | train_loss: 0.8798 | train_metric: 0.6851
step: 11800/60000 | train_loss: 0.8795 | train_metric: 0.6854
step: 11850/60000 | train_loss: 0.8800 | train_metric: 0.6852
step: 11900/60000 | train_loss: 0.8800 | train_metric: 0.6853
step: 11950/60000 | train_loss: 0.8803 | train_metric: 0.6851
step: 12000/60000 | train_loss: 0.8804 | train_metric: 0.6850
epoch: 12/60 | val_loss: 0.8914 | val_metric: 0.6819
step: 12050/60000 | train_loss: 0.8752 | train_metric: 0.6851
step: 12100/60000 | train_loss: 0.8754 | train_metric: 0.6871
step: 12150/60000 | train_loss: 0.8752 | train_metric: 0.6872
step: 12200/60000 | train_loss: 0.8773 | train_metric: 0.6862
step: 12250/60000 | train_loss: 0.8769 | train_metric: 0.6859
step: 12300/60000 | train_loss: 0.8761 | train_metric: 0.6856
step: 12350/60000 | train_loss: 0.8771 | train_metric: 0.6855
step: 12400/60000 | train_loss: 0.8761 | train_metric: 0.6860
step: 12450/60000 | train_loss: 0.8756 | train_metric: 0.6862
step: 12500/60000 | train_loss: 0.8767 | train_metric: 0.6859
step: 12550/60000 | train_loss: 0.8766 | train_metric: 0.6859
step: 12600/60000 | train_loss: 0.8759 | train_metric: 0.6864
step: 12650/60000 | train_loss: 0.8759 | train_metric: 0.6866
step: 12700/60000 | train_loss: 0.8765 | train_metric: 0.6863
step: 12750/60000 | train_loss: 0.8759 | train_metric: 0.6866
step: 12800/60000 | train_loss: 0.8760 | train_metric: 0.6865
step: 12850/60000 | train_loss: 0.8762 | train_metric: 0.6865
step: 12900/60000 | train_loss: 0.8760 | train_metric: 0.6865
step: 12950/60000 | train_loss: 0.8759 | train_metric: 0.6867
step: 13000/60000 | train_loss: 0.8761 | train_metric: 0.6866
epoch: 13/60 | val_loss: 0.8860 | val_metric: 0.6848
step: 13050/60000 | train_loss: 0.8719 | train_metric: 0.6866
step: 13100/60000 | train_loss: 0.8729 | train_metric: 0.6868
step: 13150/60000 | train_loss: 0.8710 | train_metric: 0.6883
step: 13200/60000 | train_loss: 0.8705 | train_metric: 0.6886
step: 13250/60000 | train_loss: 0.8691 | train_metric: 0.6893
step: 13300/60000 | train_loss: 0.8696 | train_metric: 0.6888
step: 13350/60000 | train_loss: 0.8705 | train_metric: 0.6886
step: 13400/60000 | train_loss: 0.8694 | train_metric: 0.6888
step: 13450/60000 | train_loss: 0.8692 | train_metric: 0.6888
step: 13500/60000 | train_loss: 0.8693 | train_metric: 0.6887
step: 13550/60000 | train_loss: 0.8687 | train_metric: 0.6889
step: 13600/60000 | train_loss: 0.8695 | train_metric: 0.6884
step: 13650/60000 | train_loss: 0.8699 | train_metric: 0.6882
step: 13700/60000 | train_loss: 0.8699 | train_metric: 0.6881
step: 13750/60000 | train_loss: 0.8702 | train_metric: 0.6880
step: 13800/60000 | train_loss: 0.8706 | train_metric: 0.6879
step: 13850/60000 | train_loss: 0.8711 | train_metric: 0.6878
step: 13900/60000 | train_loss: 0.8712 | train_metric: 0.6879
step: 13950/60000 | train_loss: 0.8715 | train_metric: 0.6878
step: 14000/60000 | train_loss: 0.8713 | train_metric: 0.6878
epoch: 14/60 | val_loss: 0.8843 | val_metric: 0.6853
step: 14050/60000 | train_loss: 0.8634 | train_metric: 0.6885
step: 14100/60000 | train_loss: 0.8633 | train_metric: 0.6894
step: 14150/60000 | train_loss: 0.8638 | train_metric: 0.6901
step: 14200/60000 | train_loss: 0.8626 | train_metric: 0.6911
step: 14250/60000 | train_loss: 0.8650 | train_metric: 0.6901
step: 14300/60000 | train_loss: 0.8641 | train_metric: 0.6903
step: 14350/60000 | train_loss: 0.8635 | train_metric: 0.6904
step: 14400/60000 | train_loss: 0.8643 | train_metric: 0.6902
step: 14450/60000 | train_loss: 0.8658 | train_metric: 0.6896
step: 14500/60000 | train_loss: 0.8662 | train_metric: 0.6894
step: 14550/60000 | train_loss: 0.8664 | train_metric: 0.6892
step: 14600/60000 | train_loss: 0.8667 | train_metric: 0.6891
step: 14650/60000 | train_loss: 0.8663 | train_metric: 0.6893
step: 14700/60000 | train_loss: 0.8663 | train_metric: 0.6894
step: 14750/60000 | train_loss: 0.8662 | train_metric: 0.6894
step: 14800/60000 | train_loss: 0.8662 | train_metric: 0.6895
step: 14850/60000 | train_loss: 0.8662 | train_metric: 0.6895
step: 14900/60000 | train_loss: 0.8670 | train_metric: 0.6892
step: 14950/60000 | train_loss: 0.8672 | train_metric: 0.6891
step: 15000/60000 | train_loss: 0.8673 | train_metric: 0.6892
epoch: 15/60 | val_loss: 0.8825 | val_metric: 0.6853
step: 15050/60000 | train_loss: 0.8555 | train_metric: 0.6914
step: 15100/60000 | train_loss: 0.8595 | train_metric: 0.6909
step: 15150/60000 | train_loss: 0.8593 | train_metric: 0.6921
step: 15200/60000 | train_loss: 0.8580 | train_metric: 0.6928
step: 15250/60000 | train_loss: 0.8592 | train_metric: 0.6924
step: 15300/60000 | train_loss: 0.8580 | train_metric: 0.6925
step: 15350/60000 | train_loss: 0.8590 | train_metric: 0.6920
step: 15400/60000 | train_loss: 0.8594 | train_metric: 0.6918
step: 15450/60000 | train_loss: 0.8607 | train_metric: 0.6911
step: 15500/60000 | train_loss: 0.8605 | train_metric: 0.6913
step: 15550/60000 | train_loss: 0.8606 | train_metric: 0.6916
step: 15600/60000 | train_loss: 0.8606 | train_metric: 0.6917
step: 15650/60000 | train_loss: 0.8609 | train_metric: 0.6915
step: 15700/60000 | train_loss: 0.8617 | train_metric: 0.6911
step: 15750/60000 | train_loss: 0.8621 | train_metric: 0.6910
step: 15800/60000 | train_loss: 0.8624 | train_metric: 0.6910
step: 15850/60000 | train_loss: 0.8625 | train_metric: 0.6909
step: 15900/60000 | train_loss: 0.8625 | train_metric: 0.6909
step: 15950/60000 | train_loss: 0.8625 | train_metric: 0.6909
step: 16000/60000 | train_loss: 0.8628 | train_metric: 0.6907
epoch: 16/60 | val_loss: 0.8884 | val_metric: 0.6839
step: 16050/60000 | train_loss: 0.8523 | train_metric: 0.6949
step: 16100/60000 | train_loss: 0.8532 | train_metric: 0.6943
step: 16150/60000 | train_loss: 0.8555 | train_metric: 0.6937
step: 16200/60000 | train_loss: 0.8550 | train_metric: 0.6940
step: 16250/60000 | train_loss: 0.8572 | train_metric: 0.6930
step: 16300/60000 | train_loss: 0.8569 | train_metric: 0.6929
step: 16350/60000 | train_loss: 0.8575 | train_metric: 0.6928
step: 16400/60000 | train_loss: 0.8575 | train_metric: 0.6928
step: 16450/60000 | train_loss: 0.8578 | train_metric: 0.6928
step: 16500/60000 | train_loss: 0.8580 | train_metric: 0.6929
step: 16550/60000 | train_loss: 0.8579 | train_metric: 0.6930
step: 16600/60000 | train_loss: 0.8581 | train_metric: 0.6927
step: 16650/60000 | train_loss: 0.8591 | train_metric: 0.6924
step: 16700/60000 | train_loss: 0.8589 | train_metric: 0.6924
step: 16750/60000 | train_loss: 0.8586 | train_metric: 0.6926
step: 16800/60000 | train_loss: 0.8585 | train_metric: 0.6924
step: 16850/60000 | train_loss: 0.8584 | train_metric: 0.6927
step: 16900/60000 | train_loss: 0.8589 | train_metric: 0.6923
step: 16950/60000 | train_loss: 0.8588 | train_metric: 0.6923
step: 17000/60000 | train_loss: 0.8589 | train_metric: 0.6923
epoch: 17/60 | val_loss: 0.8875 | val_metric: 0.6852
step: 17050/60000 | train_loss: 0.8460 | train_metric: 0.6950
step: 17100/60000 | train_loss: 0.8457 | train_metric: 0.6963
step: 17150/60000 | train_loss: 0.8491 | train_metric: 0.6948
step: 17200/60000 | train_loss: 0.8503 | train_metric: 0.6953
step: 17250/60000 | train_loss: 0.8502 | train_metric: 0.6955
step: 17300/60000 | train_loss: 0.8508 | train_metric: 0.6955
step: 17350/60000 | train_loss: 0.8500 | train_metric: 0.6958
step: 17400/60000 | train_loss: 0.8508 | train_metric: 0.6956
step: 17450/60000 | train_loss: 0.8518 | train_metric: 0.6951
step: 17500/60000 | train_loss: 0.8514 | train_metric: 0.6952
step: 17550/60000 | train_loss: 0.8524 | train_metric: 0.6948
step: 17600/60000 | train_loss: 0.8525 | train_metric: 0.6947
step: 17650/60000 | train_loss: 0.8535 | train_metric: 0.6941
step: 17700/60000 | train_loss: 0.8530 | train_metric: 0.6944
step: 17750/60000 | train_loss: 0.8537 | train_metric: 0.6940
step: 17800/60000 | train_loss: 0.8539 | train_metric: 0.6939
step: 17850/60000 | train_loss: 0.8539 | train_metric: 0.6938
step: 17900/60000 | train_loss: 0.8537 | train_metric: 0.6940
step: 17950/60000 | train_loss: 0.8540 | train_metric: 0.6939
step: 18000/60000 | train_loss: 0.8547 | train_metric: 0.6936
epoch: 18/60 | val_loss: 0.8855 | val_metric: 0.6850
step: 18050/60000 | train_loss: 0.8466 | train_metric: 0.6952
step: 18100/60000 | train_loss: 0.8437 | train_metric: 0.6957
step: 18150/60000 | train_loss: 0.8447 | train_metric: 0.6966
step: 18200/60000 | train_loss: 0.8472 | train_metric: 0.6959
step: 18250/60000 | train_loss: 0.8493 | train_metric: 0.6951
step: 18300/60000 | train_loss: 0.8482 | train_metric: 0.6955
step: 18350/60000 | train_loss: 0.8500 | train_metric: 0.6947
step: 18400/60000 | train_loss: 0.8499 | train_metric: 0.6950
step: 18450/60000 | train_loss: 0.8500 | train_metric: 0.6948
step: 18500/60000 | train_loss: 0.8496 | train_metric: 0.6950
step: 18550/60000 | train_loss: 0.8489 | train_metric: 0.6952
step: 18600/60000 | train_loss: 0.8499 | train_metric: 0.6949
step: 18650/60000 | train_loss: 0.8496 | train_metric: 0.6951
step: 18700/60000 | train_loss: 0.8492 | train_metric: 0.6952
step: 18750/60000 | train_loss: 0.8494 | train_metric: 0.6951
step: 18800/60000 | train_loss: 0.8494 | train_metric: 0.6953
step: 18850/60000 | train_loss: 0.8491 | train_metric: 0.6954
step: 18900/60000 | train_loss: 0.8493 | train_metric: 0.6954
step: 18950/60000 | train_loss: 0.8497 | train_metric: 0.6951
step: 19000/60000 | train_loss: 0.8496 | train_metric: 0.6951
epoch: 19/60 | val_loss: 0.8858 | val_metric: 0.6836
step: 19050/60000 | train_loss: 0.8368 | train_metric: 0.6998
step: 19100/60000 | train_loss: 0.8353 | train_metric: 0.7012
step: 19150/60000 | train_loss: 0.8361 | train_metric: 0.7015
step: 19200/60000 | train_loss: 0.8365 | train_metric: 0.7008
step: 19250/60000 | train_loss: 0.8375 | train_metric: 0.7000
step: 19300/60000 | train_loss: 0.8380 | train_metric: 0.7001
step: 19350/60000 | train_loss: 0.8384 | train_metric: 0.6996
step: 19400/60000 | train_loss: 0.8393 | train_metric: 0.6993
step: 19450/60000 | train_loss: 0.8394 | train_metric: 0.6991
step: 19500/60000 | train_loss: 0.8398 | train_metric: 0.6987
step: 19550/60000 | train_loss: 0.8408 | train_metric: 0.6982
step: 19600/60000 | train_loss: 0.8417 | train_metric: 0.6981
step: 19650/60000 | train_loss: 0.8416 | train_metric: 0.6981
step: 19700/60000 | train_loss: 0.8418 | train_metric: 0.6978
step: 19750/60000 | train_loss: 0.8420 | train_metric: 0.6978
step: 19800/60000 | train_loss: 0.8425 | train_metric: 0.6976
step: 19850/60000 | train_loss: 0.8429 | train_metric: 0.6973
step: 19900/60000 | train_loss: 0.8433 | train_metric: 0.6973
step: 19950/60000 | train_loss: 0.8435 | train_metric: 0.6972
step: 20000/60000 | train_loss: 0.8440 | train_metric: 0.6971
epoch: 20/60 | val_loss: 0.8863 | val_metric: 0.6850
step: 20050/60000 | train_loss: 0.8326 | train_metric: 0.6999
step: 20100/60000 | train_loss: 0.8334 | train_metric: 0.6997
step: 20150/60000 | train_loss: 0.8359 | train_metric: 0.6986
step: 20200/60000 | train_loss: 0.8368 | train_metric: 0.6983
step: 20250/60000 | train_loss: 0.8358 | train_metric: 0.6989
step: 20300/60000 | train_loss: 0.8356 | train_metric: 0.6991
step: 20350/60000 | train_loss: 0.8368 | train_metric: 0.6988
step: 20400/60000 | train_loss: 0.8363 | train_metric: 0.6990
step: 20450/60000 | train_loss: 0.8367 | train_metric: 0.6987
step: 20500/60000 | train_loss: 0.8374 | train_metric: 0.6987
step: 20550/60000 | train_loss: 0.8377 | train_metric: 0.6985
step: 20600/60000 | train_loss: 0.8379 | train_metric: 0.6985
step: 20650/60000 | train_loss: 0.8388 | train_metric: 0.6982
step: 20700/60000 | train_loss: 0.8387 | train_metric: 0.6983
step: 20750/60000 | train_loss: 0.8387 | train_metric: 0.6982
step: 20800/60000 | train_loss: 0.8387 | train_metric: 0.6983
step: 20850/60000 | train_loss: 0.8385 | train_metric: 0.6983
step: 20900/60000 | train_loss: 0.8383 | train_metric: 0.6985
step: 20950/60000 | train_loss: 0.8387 | train_metric: 0.6984
step: 21000/60000 | train_loss: 0.8388 | train_metric: 0.6983
epoch: 21/60 | val_loss: 0.8869 | val_metric: 0.6858
Early stopping at epoch 21. Best val_loss: 0.8825

Best fine-tuned model saved to: ./logs/LorentzParT/best/jepa_1m_ragged_bestft_seed456.pt
Final val accuracy: 0.6858
step: 50/60000 | train_loss: 2.1842 | train_metric: 0.1774
step: 100/60000 | train_loss: 2.0069 | train_metric: 0.2515
step: 150/60000 | train_loss: 1.8408 | train_metric: 0.3223
step: 200/60000 | train_loss: 1.7076 | train_metric: 0.3762
step: 250/60000 | train_loss: 1.6115 | train_metric: 0.4139
step: 300/60000 | train_loss: 1.5412 | train_metric: 0.4413
step: 350/60000 | train_loss: 1.4854 | train_metric: 0.4625
step: 400/60000 | train_loss: 1.4411 | train_metric: 0.4794
step: 450/60000 | train_loss: 1.4053 | train_metric: 0.4931
step: 500/60000 | train_loss: 1.3755 | train_metric: 0.5043
step: 550/60000 | train_loss: 1.3506 | train_metric: 0.5136
step: 600/60000 | train_loss: 1.3278 | train_metric: 0.5222
step: 650/60000 | train_loss: 1.3079 | train_metric: 0.5298
step: 700/60000 | train_loss: 1.2912 | train_metric: 0.5359
step: 750/60000 | train_loss: 1.2763 | train_metric: 0.5414
step: 800/60000 | train_loss: 1.2619 | train_metric: 0.5468
step: 850/60000 | train_loss: 1.2487 | train_metric: 0.5517
step: 900/60000 | train_loss: 1.2363 | train_metric: 0.5564
step: 950/60000 | train_loss: 1.2245 | train_metric: 0.5608
step: 1000/60000 | train_loss: 1.2148 | train_metric: 0.5644
epoch: 1/60 | val_loss: 1.0624 | val_metric: 0.6181
step: 1050/60000 | train_loss: 1.0327 | train_metric: 0.6324
step: 1100/60000 | train_loss: 1.0237 | train_metric: 0.6348
step: 1150/60000 | train_loss: 1.0206 | train_metric: 0.6363
step: 1200/60000 | train_loss: 1.0175 | train_metric: 0.6377
step: 1250/60000 | train_loss: 1.0129 | train_metric: 0.6393
step: 1300/60000 | train_loss: 1.0123 | train_metric: 0.6396
step: 1350/60000 | train_loss: 1.0097 | train_metric: 0.6402
step: 1400/60000 | train_loss: 1.0070 | train_metric: 0.6411
step: 1450/60000 | train_loss: 1.0054 | train_metric: 0.6416
step: 1500/60000 | train_loss: 1.0041 | train_metric: 0.6421
step: 1550/60000 | train_loss: 1.0033 | train_metric: 0.6424
step: 1600/60000 | train_loss: 1.0021 | train_metric: 0.6428
step: 1650/60000 | train_loss: 1.0008 | train_metric: 0.6433
step: 1700/60000 | train_loss: 0.9988 | train_metric: 0.6441
step: 1750/60000 | train_loss: 0.9974 | train_metric: 0.6447
step: 1800/60000 | train_loss: 0.9957 | train_metric: 0.6453
step: 1850/60000 | train_loss: 0.9945 | train_metric: 0.6456
step: 1900/60000 | train_loss: 0.9938 | train_metric: 0.6458
step: 1950/60000 | train_loss: 0.9927 | train_metric: 0.6462
step: 2000/60000 | train_loss: 0.9917 | train_metric: 0.6465
epoch: 2/60 | val_loss: 0.9892 | val_metric: 0.6469
step: 2050/60000 | train_loss: 0.9606 | train_metric: 0.6571
step: 2100/60000 | train_loss: 0.9637 | train_metric: 0.6558
step: 2150/60000 | train_loss: 0.9645 | train_metric: 0.6555
step: 2200/60000 | train_loss: 0.9625 | train_metric: 0.6572
step: 2250/60000 | train_loss: 0.9638 | train_metric: 0.6560
step: 2300/60000 | train_loss: 0.9626 | train_metric: 0.6562
step: 2350/60000 | train_loss: 0.9618 | train_metric: 0.6567
step: 2400/60000 | train_loss: 0.9601 | train_metric: 0.6573
step: 2450/60000 | train_loss: 0.9599 | train_metric: 0.6575
step: 2500/60000 | train_loss: 0.9595 | train_metric: 0.6575
step: 2550/60000 | train_loss: 0.9595 | train_metric: 0.6574
step: 2600/60000 | train_loss: 0.9577 | train_metric: 0.6582
step: 2650/60000 | train_loss: 0.9568 | train_metric: 0.6585
step: 2700/60000 | train_loss: 0.9569 | train_metric: 0.6585
step: 2750/60000 | train_loss: 0.9558 | train_metric: 0.6589
step: 2800/60000 | train_loss: 0.9550 | train_metric: 0.6591
step: 2850/60000 | train_loss: 0.9548 | train_metric: 0.6591
step: 2900/60000 | train_loss: 0.9548 | train_metric: 0.6591
step: 2950/60000 | train_loss: 0.9538 | train_metric: 0.6596
step: 3000/60000 | train_loss: 0.9531 | train_metric: 0.6599
epoch: 3/60 | val_loss: 0.9324 | val_metric: 0.6687
step: 3050/60000 | train_loss: 0.9459 | train_metric: 0.6624
step: 3100/60000 | train_loss: 0.9423 | train_metric: 0.6630
step: 3150/60000 | train_loss: 0.9405 | train_metric: 0.6634
step: 3200/60000 | train_loss: 0.9425 | train_metric: 0.6628
step: 3250/60000 | train_loss: 0.9465 | train_metric: 0.6610
step: 3300/60000 | train_loss: 0.9446 | train_metric: 0.6620
step: 3350/60000 | train_loss: 0.9428 | train_metric: 0.6625
step: 3400/60000 | train_loss: 0.9409 | train_metric: 0.6634
step: 3450/60000 | train_loss: 0.9390 | train_metric: 0.6644
step: 3500/60000 | train_loss: 0.9385 | train_metric: 0.6648
step: 3550/60000 | train_loss: 0.9381 | train_metric: 0.6651
step: 3600/60000 | train_loss: 0.9384 | train_metric: 0.6649
step: 3650/60000 | train_loss: 0.9378 | train_metric: 0.6650
step: 3700/60000 | train_loss: 0.9372 | train_metric: 0.6653
step: 3750/60000 | train_loss: 0.9372 | train_metric: 0.6653
step: 3800/60000 | train_loss: 0.9375 | train_metric: 0.6652
step: 3850/60000 | train_loss: 0.9370 | train_metric: 0.6654
step: 3900/60000 | train_loss: 0.9361 | train_metric: 0.6658
step: 3950/60000 | train_loss: 0.9361 | train_metric: 0.6658
step: 4000/60000 | train_loss: 0.9359 | train_metric: 0.6659
epoch: 4/60 | val_loss: 0.9442 | val_metric: 0.6609
step: 4050/60000 | train_loss: 0.9325 | train_metric: 0.6652
step: 4100/60000 | train_loss: 0.9249 | train_metric: 0.6690
step: 4150/60000 | train_loss: 0.9230 | train_metric: 0.6700
step: 4200/60000 | train_loss: 0.9216 | train_metric: 0.6708
step: 4250/60000 | train_loss: 0.9219 | train_metric: 0.6712
step: 4300/60000 | train_loss: 0.9223 | train_metric: 0.6707
step: 4350/60000 | train_loss: 0.9216 | train_metric: 0.6710
step: 4400/60000 | train_loss: 0.9214 | train_metric: 0.6712
step: 4450/60000 | train_loss: 0.9211 | train_metric: 0.6716
step: 4500/60000 | train_loss: 0.9208 | train_metric: 0.6716
step: 4550/60000 | train_loss: 0.9206 | train_metric: 0.6717
step: 4600/60000 | train_loss: 0.9219 | train_metric: 0.6711
step: 4650/60000 | train_loss: 0.9221 | train_metric: 0.6710
step: 4700/60000 | train_loss: 0.9227 | train_metric: 0.6707
step: 4750/60000 | train_loss: 0.9226 | train_metric: 0.6707
step: 4800/60000 | train_loss: 0.9222 | train_metric: 0.6708
step: 4850/60000 | train_loss: 0.9213 | train_metric: 0.6712
step: 4900/60000 | train_loss: 0.9216 | train_metric: 0.6710
step: 4950/60000 | train_loss: 0.9211 | train_metric: 0.6712
step: 5000/60000 | train_loss: 0.9208 | train_metric: 0.6714
epoch: 5/60 | val_loss: 0.9196 | val_metric: 0.6730
step: 5050/60000 | train_loss: 0.9129 | train_metric: 0.6740
step: 5100/60000 | train_loss: 0.9093 | train_metric: 0.6758
step: 5150/60000 | train_loss: 0.9094 | train_metric: 0.6752
step: 5200/60000 | train_loss: 0.9095 | train_metric: 0.6748
step: 5250/60000 | train_loss: 0.9092 | train_metric: 0.6752
step: 5300/60000 | train_loss: 0.9097 | train_metric: 0.6749
step: 5350/60000 | train_loss: 0.9092 | train_metric: 0.6752
step: 5400/60000 | train_loss: 0.9112 | train_metric: 0.6747
step: 5450/60000 | train_loss: 0.9117 | train_metric: 0.6745
step: 5500/60000 | train_loss: 0.9116 | train_metric: 0.6747
step: 5550/60000 | train_loss: 0.9121 | train_metric: 0.6743
step: 5600/60000 | train_loss: 0.9119 | train_metric: 0.6744
step: 5650/60000 | train_loss: 0.9121 | train_metric: 0.6742
step: 5700/60000 | train_loss: 0.9124 | train_metric: 0.6742
step: 5750/60000 | train_loss: 0.9125 | train_metric: 0.6742
step: 5800/60000 | train_loss: 0.9123 | train_metric: 0.6744
step: 5850/60000 | train_loss: 0.9117 | train_metric: 0.6746
step: 5900/60000 | train_loss: 0.9116 | train_metric: 0.6746
step: 5950/60000 | train_loss: 0.9114 | train_metric: 0.6746
step: 6000/60000 | train_loss: 0.9107 | train_metric: 0.6748
epoch: 6/60 | val_loss: 0.9121 | val_metric: 0.6756
step: 6050/60000 | train_loss: 0.9118 | train_metric: 0.6736
step: 6100/60000 | train_loss: 0.9057 | train_metric: 0.6762
step: 6150/60000 | train_loss: 0.9032 | train_metric: 0.6781
step: 6200/60000 | train_loss: 0.9014 | train_metric: 0.6781
step: 6250/60000 | train_loss: 0.9031 | train_metric: 0.6778
step: 6300/60000 | train_loss: 0.9029 | train_metric: 0.6779
step: 6350/60000 | train_loss: 0.9026 | train_metric: 0.6778
step: 6400/60000 | train_loss: 0.9030 | train_metric: 0.6777
step: 6450/60000 | train_loss: 0.9035 | train_metric: 0.6775
step: 6500/60000 | train_loss: 0.9043 | train_metric: 0.6772
step: 6550/60000 | train_loss: 0.9049 | train_metric: 0.6769
step: 6600/60000 | train_loss: 0.9036 | train_metric: 0.6774
step: 6650/60000 | train_loss: 0.9043 | train_metric: 0.6772
step: 6700/60000 | train_loss: 0.9039 | train_metric: 0.6775
step: 6750/60000 | train_loss: 0.9038 | train_metric: 0.6775
step: 6800/60000 | train_loss: 0.9038 | train_metric: 0.6774
step: 6850/60000 | train_loss: 0.9037 | train_metric: 0.6774
step: 6900/60000 | train_loss: 0.9037 | train_metric: 0.6774
step: 6950/60000 | train_loss: 0.9040 | train_metric: 0.6774
step: 7000/60000 | train_loss: 0.9039 | train_metric: 0.6774
epoch: 7/60 | val_loss: 0.8971 | val_metric: 0.6805
step: 7050/60000 | train_loss: 0.8962 | train_metric: 0.6807
step: 7100/60000 | train_loss: 0.8981 | train_metric: 0.6790
step: 7150/60000 | train_loss: 0.9026 | train_metric: 0.6773
step: 7200/60000 | train_loss: 0.8995 | train_metric: 0.6788
step: 7250/60000 | train_loss: 0.8985 | train_metric: 0.6788
step: 7300/60000 | train_loss: 0.8993 | train_metric: 0.6784
step: 7350/60000 | train_loss: 0.8988 | train_metric: 0.6787
step: 7400/60000 | train_loss: 0.8980 | train_metric: 0.6788
step: 7450/60000 | train_loss: 0.8979 | train_metric: 0.6789
step: 7500/60000 | train_loss: 0.8979 | train_metric: 0.6790
step: 7550/60000 | train_loss: 0.8971 | train_metric: 0.6792
step: 7600/60000 | train_loss: 0.8976 | train_metric: 0.6790
step: 7650/60000 | train_loss: 0.8977 | train_metric: 0.6792
step: 7700/60000 | train_loss: 0.8977 | train_metric: 0.6792
step: 7750/60000 | train_loss: 0.8977 | train_metric: 0.6792
step: 7800/60000 | train_loss: 0.8970 | train_metric: 0.6794
step: 7850/60000 | train_loss: 0.8976 | train_metric: 0.6792
step: 7900/60000 | train_loss: 0.8974 | train_metric: 0.6792
step: 7950/60000 | train_loss: 0.8977 | train_metric: 0.6792
step: 8000/60000 | train_loss: 0.8977 | train_metric: 0.6793
epoch: 8/60 | val_loss: 0.8978 | val_metric: 0.6815
step: 8050/60000 | train_loss: 0.8856 | train_metric: 0.6852
step: 8100/60000 | train_loss: 0.8853 | train_metric: 0.6845
step: 8150/60000 | train_loss: 0.8900 | train_metric: 0.6825
step: 8200/60000 | train_loss: 0.8901 | train_metric: 0.6827
step: 8250/60000 | train_loss: 0.8926 | train_metric: 0.6817
step: 8300/60000 | train_loss: 0.8939 | train_metric: 0.6810
step: 8350/60000 | train_loss: 0.8942 | train_metric: 0.6810
step: 8400/60000 | train_loss: 0.8934 | train_metric: 0.6814
step: 8450/60000 | train_loss: 0.8929 | train_metric: 0.6814
step: 8500/60000 | train_loss: 0.8931 | train_metric: 0.6813
step: 8550/60000 | train_loss: 0.8930 | train_metric: 0.6815
step: 8600/60000 | train_loss: 0.8931 | train_metric: 0.6811
step: 8650/60000 | train_loss: 0.8927 | train_metric: 0.6810
step: 8700/60000 | train_loss: 0.8925 | train_metric: 0.6810
step: 8750/60000 | train_loss: 0.8923 | train_metric: 0.6811
step: 8800/60000 | train_loss: 0.8920 | train_metric: 0.6811
step: 8850/60000 | train_loss: 0.8920 | train_metric: 0.6812
step: 8900/60000 | train_loss: 0.8918 | train_metric: 0.6813
step: 8950/60000 | train_loss: 0.8915 | train_metric: 0.6815
step: 9000/60000 | train_loss: 0.8914 | train_metric: 0.6815
epoch: 9/60 | val_loss: 0.9032 | val_metric: 0.6793
step: 9050/60000 | train_loss: 0.9014 | train_metric: 0.6784
step: 9100/60000 | train_loss: 0.8941 | train_metric: 0.6810
step: 9150/60000 | train_loss: 0.8896 | train_metric: 0.6827
step: 9200/60000 | train_loss: 0.8885 | train_metric: 0.6831
step: 9250/60000 | train_loss: 0.8874 | train_metric: 0.6829
step: 9300/60000 | train_loss: 0.8861 | train_metric: 0.6836
step: 9350/60000 | train_loss: 0.8863 | train_metric: 0.6835
step: 9400/60000 | train_loss: 0.8861 | train_metric: 0.6837
step: 9450/60000 | train_loss: 0.8858 | train_metric: 0.6838
step: 9500/60000 | train_loss: 0.8855 | train_metric: 0.6839
step: 9550/60000 | train_loss: 0.8857 | train_metric: 0.6838
step: 9600/60000 | train_loss: 0.8851 | train_metric: 0.6840
step: 9650/60000 | train_loss: 0.8851 | train_metric: 0.6838
step: 9700/60000 | train_loss: 0.8854 | train_metric: 0.6838
step: 9750/60000 | train_loss: 0.8854 | train_metric: 0.6838
step: 9800/60000 | train_loss: 0.8856 | train_metric: 0.6838
step: 9850/60000 | train_loss: 0.8856 | train_metric: 0.6838
step: 9900/60000 | train_loss: 0.8859 | train_metric: 0.6837
step: 9950/60000 | train_loss: 0.8861 | train_metric: 0.6836
step: 10000/60000 | train_loss: 0.8863 | train_metric: 0.6836
epoch: 10/60 | val_loss: 0.9100 | val_metric: 0.6740
step: 10050/60000 | train_loss: 0.8941 | train_metric: 0.6799
step: 10100/60000 | train_loss: 0.8892 | train_metric: 0.6816
step: 10150/60000 | train_loss: 0.8835 | train_metric: 0.6840
step: 10200/60000 | train_loss: 0.8839 | train_metric: 0.6838
step: 10250/60000 | train_loss: 0.8833 | train_metric: 0.6837
step: 10300/60000 | train_loss: 0.8838 | train_metric: 0.6836
step: 10350/60000 | train_loss: 0.8831 | train_metric: 0.6837
step: 10400/60000 | train_loss: 0.8826 | train_metric: 0.6839
step: 10450/60000 | train_loss: 0.8830 | train_metric: 0.6837
step: 10500/60000 | train_loss: 0.8830 | train_metric: 0.6837
step: 10550/60000 | train_loss: 0.8828 | train_metric: 0.6840
step: 10600/60000 | train_loss: 0.8819 | train_metric: 0.6843
step: 10650/60000 | train_loss: 0.8812 | train_metric: 0.6846
step: 10700/60000 | train_loss: 0.8811 | train_metric: 0.6847
step: 10750/60000 | train_loss: 0.8810 | train_metric: 0.6849
step: 10800/60000 | train_loss: 0.8819 | train_metric: 0.6845
step: 10850/60000 | train_loss: 0.8827 | train_metric: 0.6843
step: 10900/60000 | train_loss: 0.8826 | train_metric: 0.6844
step: 10950/60000 | train_loss: 0.8824 | train_metric: 0.6844
step: 11000/60000 | train_loss: 0.8825 | train_metric: 0.6844
epoch: 11/60 | val_loss: 0.9029 | val_metric: 0.6762
step: 11050/60000 | train_loss: 0.8719 | train_metric: 0.6879
step: 11100/60000 | train_loss: 0.8728 | train_metric: 0.6880
step: 11150/60000 | train_loss: 0.8725 | train_metric: 0.6884
step: 11200/60000 | train_loss: 0.8752 | train_metric: 0.6873
step: 11250/60000 | train_loss: 0.8752 | train_metric: 0.6870
step: 11300/60000 | train_loss: 0.8768 | train_metric: 0.6865
step: 11350/60000 | train_loss: 0.8774 | train_metric: 0.6862
step: 11400/60000 | train_loss: 0.8764 | train_metric: 0.6867
step: 11450/60000 | train_loss: 0.8762 | train_metric: 0.6869
step: 11500/60000 | train_loss: 0.8768 | train_metric: 0.6866
step: 11550/60000 | train_loss: 0.8769 | train_metric: 0.6865
step: 11600/60000 | train_loss: 0.8769 | train_metric: 0.6865
step: 11650/60000 | train_loss: 0.8776 | train_metric: 0.6861
step: 11700/60000 | train_loss: 0.8777 | train_metric: 0.6862
step: 11750/60000 | train_loss: 0.8780 | train_metric: 0.6859
step: 11800/60000 | train_loss: 0.8777 | train_metric: 0.6862
step: 11850/60000 | train_loss: 0.8782 | train_metric: 0.6861
step: 11900/60000 | train_loss: 0.8781 | train_metric: 0.6861
step: 11950/60000 | train_loss: 0.8785 | train_metric: 0.6859
step: 12000/60000 | train_loss: 0.8786 | train_metric: 0.6858
epoch: 12/60 | val_loss: 0.8948 | val_metric: 0.6798
step: 12050/60000 | train_loss: 0.8736 | train_metric: 0.6871
step: 12100/60000 | train_loss: 0.8745 | train_metric: 0.6879
step: 12150/60000 | train_loss: 0.8737 | train_metric: 0.6888
step: 12200/60000 | train_loss: 0.8756 | train_metric: 0.6878
step: 12250/60000 | train_loss: 0.8752 | train_metric: 0.6870
step: 12300/60000 | train_loss: 0.8746 | train_metric: 0.6866
step: 12350/60000 | train_loss: 0.8752 | train_metric: 0.6866
step: 12400/60000 | train_loss: 0.8743 | train_metric: 0.6870
step: 12450/60000 | train_loss: 0.8738 | train_metric: 0.6871
step: 12500/60000 | train_loss: 0.8751 | train_metric: 0.6867
step: 12550/60000 | train_loss: 0.8754 | train_metric: 0.6865
step: 12600/60000 | train_loss: 0.8745 | train_metric: 0.6868
step: 12650/60000 | train_loss: 0.8744 | train_metric: 0.6870
step: 12700/60000 | train_loss: 0.8747 | train_metric: 0.6869
step: 12750/60000 | train_loss: 0.8739 | train_metric: 0.6873
step: 12800/60000 | train_loss: 0.8740 | train_metric: 0.6873
step: 12850/60000 | train_loss: 0.8742 | train_metric: 0.6871
step: 12900/60000 | train_loss: 0.8739 | train_metric: 0.6873
step: 12950/60000 | train_loss: 0.8737 | train_metric: 0.6874
step: 13000/60000 | train_loss: 0.8739 | train_metric: 0.6874
epoch: 13/60 | val_loss: 0.8912 | val_metric: 0.6825
step: 13050/60000 | train_loss: 0.8691 | train_metric: 0.6887
step: 13100/60000 | train_loss: 0.8701 | train_metric: 0.6890
step: 13150/60000 | train_loss: 0.8691 | train_metric: 0.6897
step: 13200/60000 | train_loss: 0.8686 | train_metric: 0.6901
step: 13250/60000 | train_loss: 0.8673 | train_metric: 0.6906
step: 13300/60000 | train_loss: 0.8676 | train_metric: 0.6901
step: 13350/60000 | train_loss: 0.8685 | train_metric: 0.6898
step: 13400/60000 | train_loss: 0.8677 | train_metric: 0.6901
step: 13450/60000 | train_loss: 0.8675 | train_metric: 0.6900
step: 13500/60000 | train_loss: 0.8677 | train_metric: 0.6901
step: 13550/60000 | train_loss: 0.8671 | train_metric: 0.6903
step: 13600/60000 | train_loss: 0.8678 | train_metric: 0.6900
step: 13650/60000 | train_loss: 0.8683 | train_metric: 0.6899
step: 13700/60000 | train_loss: 0.8683 | train_metric: 0.6898
step: 13750/60000 | train_loss: 0.8684 | train_metric: 0.6898
step: 13800/60000 | train_loss: 0.8689 | train_metric: 0.6894
step: 13850/60000 | train_loss: 0.8694 | train_metric: 0.6893
step: 13900/60000 | train_loss: 0.8696 | train_metric: 0.6894
step: 13950/60000 | train_loss: 0.8698 | train_metric: 0.6891
step: 14000/60000 | train_loss: 0.8698 | train_metric: 0.6890
epoch: 14/60 | val_loss: 0.8827 | val_metric: 0.6868
step: 14050/60000 | train_loss: 0.8630 | train_metric: 0.6893
step: 14100/60000 | train_loss: 0.8620 | train_metric: 0.6903
step: 14150/60000 | train_loss: 0.8614 | train_metric: 0.6912
step: 14200/60000 | train_loss: 0.8615 | train_metric: 0.6914
step: 14250/60000 | train_loss: 0.8629 | train_metric: 0.6908
step: 14300/60000 | train_loss: 0.8620 | train_metric: 0.6910
step: 14350/60000 | train_loss: 0.8615 | train_metric: 0.6911
step: 14400/60000 | train_loss: 0.8627 | train_metric: 0.6909
step: 14450/60000 | train_loss: 0.8644 | train_metric: 0.6905
step: 14500/60000 | train_loss: 0.8649 | train_metric: 0.6903
step: 14550/60000 | train_loss: 0.8652 | train_metric: 0.6900
step: 14600/60000 | train_loss: 0.8654 | train_metric: 0.6899
step: 14650/60000 | train_loss: 0.8649 | train_metric: 0.6901
step: 14700/60000 | train_loss: 0.8649 | train_metric: 0.6903
step: 14750/60000 | train_loss: 0.8651 | train_metric: 0.6901
step: 14800/60000 | train_loss: 0.8651 | train_metric: 0.6902
step: 14850/60000 | train_loss: 0.8650 | train_metric: 0.6902
step: 14900/60000 | train_loss: 0.8659 | train_metric: 0.6898
step: 14950/60000 | train_loss: 0.8660 | train_metric: 0.6898
step: 15000/60000 | train_loss: 0.8662 | train_metric: 0.6898
epoch: 15/60 | val_loss: 0.8829 | val_metric: 0.6848
step: 15050/60000 | train_loss: 0.8540 | train_metric: 0.6926
step: 15100/60000 | train_loss: 0.8588 | train_metric: 0.6923
step: 15150/60000 | train_loss: 0.8585 | train_metric: 0.6928
step: 15200/60000 | train_loss: 0.8573 | train_metric: 0.6932
step: 15250/60000 | train_loss: 0.8588 | train_metric: 0.6924
step: 15300/60000 | train_loss: 0.8578 | train_metric: 0.6923
step: 15350/60000 | train_loss: 0.8585 | train_metric: 0.6918
step: 15400/60000 | train_loss: 0.8586 | train_metric: 0.6919
step: 15450/60000 | train_loss: 0.8599 | train_metric: 0.6913
step: 15500/60000 | train_loss: 0.8597 | train_metric: 0.6914
step: 15550/60000 | train_loss: 0.8597 | train_metric: 0.6916
step: 15600/60000 | train_loss: 0.8596 | train_metric: 0.6918
step: 15650/60000 | train_loss: 0.8600 | train_metric: 0.6916
step: 15700/60000 | train_loss: 0.8608 | train_metric: 0.6912
step: 15750/60000 | train_loss: 0.8610 | train_metric: 0.6912
step: 15800/60000 | train_loss: 0.8615 | train_metric: 0.6911
step: 15850/60000 | train_loss: 0.8616 | train_metric: 0.6911
step: 15900/60000 | train_loss: 0.8615 | train_metric: 0.6911
step: 15950/60000 | train_loss: 0.8616 | train_metric: 0.6911
step: 16000/60000 | train_loss: 0.8620 | train_metric: 0.6909
epoch: 16/60 | val_loss: 0.8878 | val_metric: 0.6847
step: 16050/60000 | train_loss: 0.8545 | train_metric: 0.6940
step: 16100/60000 | train_loss: 0.8537 | train_metric: 0.6940
step: 16150/60000 | train_loss: 0.8563 | train_metric: 0.6936
step: 16200/60000 | train_loss: 0.8564 | train_metric: 0.6941
step: 16250/60000 | train_loss: 0.8583 | train_metric: 0.6933
step: 16300/60000 | train_loss: 0.8579 | train_metric: 0.6932
step: 16350/60000 | train_loss: 0.8583 | train_metric: 0.6929
step: 16400/60000 | train_loss: 0.8580 | train_metric: 0.6930
step: 16450/60000 | train_loss: 0.8581 | train_metric: 0.6929
step: 16500/60000 | train_loss: 0.8579 | train_metric: 0.6932
step: 16550/60000 | train_loss: 0.8580 | train_metric: 0.6932
step: 16600/60000 | train_loss: 0.8583 | train_metric: 0.6929
step: 16650/60000 | train_loss: 0.8590 | train_metric: 0.6926
step: 16700/60000 | train_loss: 0.8586 | train_metric: 0.6926
step: 16750/60000 | train_loss: 0.8582 | train_metric: 0.6929
step: 16800/60000 | train_loss: 0.8581 | train_metric: 0.6928
step: 16850/60000 | train_loss: 0.8579 | train_metric: 0.6929
step: 16900/60000 | train_loss: 0.8582 | train_metric: 0.6927
step: 16950/60000 | train_loss: 0.8582 | train_metric: 0.6927
step: 17000/60000 | train_loss: 0.8582 | train_metric: 0.6927
epoch: 17/60 | val_loss: 0.8805 | val_metric: 0.6880
step: 17050/60000 | train_loss: 0.8463 | train_metric: 0.6945
step: 17100/60000 | train_loss: 0.8458 | train_metric: 0.6954
step: 17150/60000 | train_loss: 0.8494 | train_metric: 0.6940
step: 17200/60000 | train_loss: 0.8505 | train_metric: 0.6943
step: 17250/60000 | train_loss: 0.8506 | train_metric: 0.6945
step: 17300/60000 | train_loss: 0.8511 | train_metric: 0.6944
step: 17350/60000 | train_loss: 0.8501 | train_metric: 0.6946
step: 17400/60000 | train_loss: 0.8505 | train_metric: 0.6946
step: 17450/60000 | train_loss: 0.8516 | train_metric: 0.6942
step: 17500/60000 | train_loss: 0.8514 | train_metric: 0.6945
step: 17550/60000 | train_loss: 0.8522 | train_metric: 0.6942
step: 17600/60000 | train_loss: 0.8523 | train_metric: 0.6942
step: 17650/60000 | train_loss: 0.8534 | train_metric: 0.6937
step: 17700/60000 | train_loss: 0.8530 | train_metric: 0.6939
step: 17750/60000 | train_loss: 0.8537 | train_metric: 0.6935
step: 17800/60000 | train_loss: 0.8540 | train_metric: 0.6935
step: 17850/60000 | train_loss: 0.8539 | train_metric: 0.6935
step: 17900/60000 | train_loss: 0.8537 | train_metric: 0.6936
step: 17950/60000 | train_loss: 0.8542 | train_metric: 0.6935
step: 18000/60000 | train_loss: 0.8549 | train_metric: 0.6932
epoch: 18/60 | val_loss: 0.9049 | val_metric: 0.6767
step: 18050/60000 | train_loss: 0.8459 | train_metric: 0.6966
step: 18100/60000 | train_loss: 0.8440 | train_metric: 0.6970
step: 18150/60000 | train_loss: 0.8441 | train_metric: 0.6977
step: 18200/60000 | train_loss: 0.8477 | train_metric: 0.6964
step: 18250/60000 | train_loss: 0.8501 | train_metric: 0.6953
step: 18300/60000 | train_loss: 0.8491 | train_metric: 0.6954
step: 18350/60000 | train_loss: 0.8507 | train_metric: 0.6946
step: 18400/60000 | train_loss: 0.8505 | train_metric: 0.6948
step: 18450/60000 | train_loss: 0.8507 | train_metric: 0.6945
step: 18500/60000 | train_loss: 0.8500 | train_metric: 0.6949
step: 18550/60000 | train_loss: 0.8496 | train_metric: 0.6952
step: 18600/60000 | train_loss: 0.8503 | train_metric: 0.6950
step: 18650/60000 | train_loss: 0.8500 | train_metric: 0.6952
step: 18700/60000 | train_loss: 0.8496 | train_metric: 0.6953
step: 18750/60000 | train_loss: 0.8495 | train_metric: 0.6953
step: 18800/60000 | train_loss: 0.8494 | train_metric: 0.6955
step: 18850/60000 | train_loss: 0.8490 | train_metric: 0.6957
step: 18900/60000 | train_loss: 0.8492 | train_metric: 0.6956
step: 18950/60000 | train_loss: 0.8497 | train_metric: 0.6955
step: 19000/60000 | train_loss: 0.8494 | train_metric: 0.6955
epoch: 19/60 | val_loss: 0.8881 | val_metric: 0.6844
step: 19050/60000 | train_loss: 0.8379 | train_metric: 0.6996
step: 19100/60000 | train_loss: 0.8383 | train_metric: 0.7001
step: 19150/60000 | train_loss: 0.8376 | train_metric: 0.7005
step: 19200/60000 | train_loss: 0.8383 | train_metric: 0.6997
step: 19250/60000 | train_loss: 0.8398 | train_metric: 0.6986
step: 19300/60000 | train_loss: 0.8400 | train_metric: 0.6989
step: 19350/60000 | train_loss: 0.8400 | train_metric: 0.6985
step: 19400/60000 | train_loss: 0.8411 | train_metric: 0.6981
step: 19450/60000 | train_loss: 0.8410 | train_metric: 0.6982
step: 19500/60000 | train_loss: 0.8413 | train_metric: 0.6981
step: 19550/60000 | train_loss: 0.8422 | train_metric: 0.6976
step: 19600/60000 | train_loss: 0.8429 | train_metric: 0.6975
step: 19650/60000 | train_loss: 0.8426 | train_metric: 0.6975
step: 19700/60000 | train_loss: 0.8428 | train_metric: 0.6973
step: 19750/60000 | train_loss: 0.8429 | train_metric: 0.6973
step: 19800/60000 | train_loss: 0.8435 | train_metric: 0.6971
step: 19850/60000 | train_loss: 0.8438 | train_metric: 0.6968
step: 19900/60000 | train_loss: 0.8442 | train_metric: 0.6968
step: 19950/60000 | train_loss: 0.8445 | train_metric: 0.6967
step: 20000/60000 | train_loss: 0.8451 | train_metric: 0.6966
epoch: 20/60 | val_loss: 0.8855 | val_metric: 0.6863
step: 20050/60000 | train_loss: 0.8315 | train_metric: 0.7021
step: 20100/60000 | train_loss: 0.8342 | train_metric: 0.7003
step: 20150/60000 | train_loss: 0.8380 | train_metric: 0.6987
step: 20200/60000 | train_loss: 0.8390 | train_metric: 0.6980
step: 20250/60000 | train_loss: 0.8382 | train_metric: 0.6988
step: 20300/60000 | train_loss: 0.8380 | train_metric: 0.6984
step: 20350/60000 | train_loss: 0.8392 | train_metric: 0.6983
step: 20400/60000 | train_loss: 0.8390 | train_metric: 0.6981
step: 20450/60000 | train_loss: 0.8396 | train_metric: 0.6977
step: 20500/60000 | train_loss: 0.8399 | train_metric: 0.6977
step: 20550/60000 | train_loss: 0.8402 | train_metric: 0.6977
step: 20600/60000 | train_loss: 0.8405 | train_metric: 0.6975
step: 20650/60000 | train_loss: 0.8412 | train_metric: 0.6973
step: 20700/60000 | train_loss: 0.8411 | train_metric: 0.6975
step: 20750/60000 | train_loss: 0.8410 | train_metric: 0.6975
step: 20800/60000 | train_loss: 0.8409 | train_metric: 0.6976
step: 20850/60000 | train_loss: 0.8407 | train_metric: 0.6977
step: 20900/60000 | train_loss: 0.8406 | train_metric: 0.6979
step: 20950/60000 | train_loss: 0.8408 | train_metric: 0.6978
step: 21000/60000 | train_loss: 0.8409 | train_metric: 0.6977
epoch: 21/60 | val_loss: 0.8910 | val_metric: 0.6837
step: 21050/60000 | train_loss: 0.8259 | train_metric: 0.7037
step: 21100/60000 | train_loss: 0.8294 | train_metric: 0.7021
step: 21150/60000 | train_loss: 0.8290 | train_metric: 0.7024
step: 21200/60000 | train_loss: 0.8281 | train_metric: 0.7025
step: 21250/60000 | train_loss: 0.8274 | train_metric: 0.7027
step: 21300/60000 | train_loss: 0.8285 | train_metric: 0.7023
step: 21350/60000 | train_loss: 0.8294 | train_metric: 0.7014
step: 21400/60000 | train_loss: 0.8292 | train_metric: 0.7018
step: 21450/60000 | train_loss: 0.8304 | train_metric: 0.7014
step: 21500/60000 | train_loss: 0.8301 | train_metric: 0.7014
step: 21550/60000 | train_loss: 0.8313 | train_metric: 0.7009
step: 21600/60000 | train_loss: 0.8321 | train_metric: 0.7007
step: 21650/60000 | train_loss: 0.8327 | train_metric: 0.7005
step: 21700/60000 | train_loss: 0.8334 | train_metric: 0.7004
step: 21750/60000 | train_loss: 0.8334 | train_metric: 0.7003
step: 21800/60000 | train_loss: 0.8337 | train_metric: 0.7003
step: 21850/60000 | train_loss: 0.8341 | train_metric: 0.7000
step: 21900/60000 | train_loss: 0.8348 | train_metric: 0.6997
step: 21950/60000 | train_loss: 0.8356 | train_metric: 0.6994
step: 22000/60000 | train_loss: 0.8362 | train_metric: 0.6992
epoch: 22/60 | val_loss: 0.8918 | val_metric: 0.6846
step: 22050/60000 | train_loss: 0.8294 | train_metric: 0.7008
step: 22100/60000 | train_loss: 0.8258 | train_metric: 0.7023
step: 22150/60000 | train_loss: 0.8259 | train_metric: 0.7022
step: 22200/60000 | train_loss: 0.8280 | train_metric: 0.7015
step: 22250/60000 | train_loss: 0.8270 | train_metric: 0.7021
step: 22300/60000 | train_loss: 0.8261 | train_metric: 0.7025
step: 22350/60000 | train_loss: 0.8257 | train_metric: 0.7023
step: 22400/60000 | train_loss: 0.8262 | train_metric: 0.7021
step: 22450/60000 | train_loss: 0.8266 | train_metric: 0.7022
step: 22500/60000 | train_loss: 0.8263 | train_metric: 0.7024
step: 22550/60000 | train_loss: 0.8273 | train_metric: 0.7021
step: 22600/60000 | train_loss: 0.8276 | train_metric: 0.7022
step: 22650/60000 | train_loss: 0.8286 | train_metric: 0.7017
step: 22700/60000 | train_loss: 0.8285 | train_metric: 0.7018
step: 22750/60000 | train_loss: 0.8289 | train_metric: 0.7017
step: 22800/60000 | train_loss: 0.8289 | train_metric: 0.7017
step: 22850/60000 | train_loss: 0.8291 | train_metric: 0.7016
step: 22900/60000 | train_loss: 0.8295 | train_metric: 0.7015
step: 22950/60000 | train_loss: 0.8300 | train_metric: 0.7013
step: 23000/60000 | train_loss: 0.8303 | train_metric: 0.7012
epoch: 23/60 | val_loss: 0.9046 | val_metric: 0.6804
Early stopping at epoch 23. Best val_loss: 0.8805

Best fine-tuned model saved to: ./logs/LorentzParT/best/mae_1m_ragged_ft_seed456.pt
Final val accuracy: 0.6880
step: 50/60000 | train_loss: 2.3254 | train_metric: 0.1031
step: 100/60000 | train_loss: 2.2836 | train_metric: 0.1214
step: 150/60000 | train_loss: 2.1514 | train_metric: 0.1812
step: 200/60000 | train_loss: 1.9878 | train_metric: 0.2514
step: 250/60000 | train_loss: 1.8603 | train_metric: 0.3047
step: 300/60000 | train_loss: 1.7693 | train_metric: 0.3423
step: 350/60000 | train_loss: 1.6935 | train_metric: 0.3732
step: 400/60000 | train_loss: 1.6349 | train_metric: 0.3970
step: 450/60000 | train_loss: 1.5854 | train_metric: 0.4171
step: 500/60000 | train_loss: 1.5459 | train_metric: 0.4328
step: 550/60000 | train_loss: 1.5101 | train_metric: 0.4468
step: 600/60000 | train_loss: 1.4794 | train_metric: 0.4590
step: 650/60000 | train_loss: 1.4534 | train_metric: 0.4692
step: 700/60000 | train_loss: 1.4310 | train_metric: 0.4778
step: 750/60000 | train_loss: 1.4109 | train_metric: 0.4855
step: 800/60000 | train_loss: 1.3919 | train_metric: 0.4927
step: 850/60000 | train_loss: 1.3750 | train_metric: 0.4991
step: 900/60000 | train_loss: 1.3583 | train_metric: 0.5055
step: 950/60000 | train_loss: 1.3438 | train_metric: 0.5110
step: 1000/60000 | train_loss: 1.3310 | train_metric: 0.5159
epoch: 1/60 | val_loss: 1.0852 | val_metric: 0.6112
step: 1050/60000 | train_loss: 1.0918 | train_metric: 0.6052
step: 1100/60000 | train_loss: 1.0831 | train_metric: 0.6094
step: 1150/60000 | train_loss: 1.0759 | train_metric: 0.6121
step: 1200/60000 | train_loss: 1.0739 | train_metric: 0.6126
step: 1250/60000 | train_loss: 1.0706 | train_metric: 0.6137
step: 1300/60000 | train_loss: 1.0686 | train_metric: 0.6147
step: 1350/60000 | train_loss: 1.0670 | train_metric: 0.6151
step: 1400/60000 | train_loss: 1.0653 | train_metric: 0.6155
step: 1450/60000 | train_loss: 1.0628 | train_metric: 0.6165
step: 1500/60000 | train_loss: 1.0603 | train_metric: 0.6174
step: 1550/60000 | train_loss: 1.0594 | train_metric: 0.6178
step: 1600/60000 | train_loss: 1.0574 | train_metric: 0.6186
step: 1650/60000 | train_loss: 1.0572 | train_metric: 0.6187
step: 1700/60000 | train_loss: 1.0551 | train_metric: 0.6195
step: 1750/60000 | train_loss: 1.0541 | train_metric: 0.6198
step: 1800/60000 | train_loss: 1.0519 | train_metric: 0.6207
step: 1850/60000 | train_loss: 1.0517 | train_metric: 0.6206
step: 1900/60000 | train_loss: 1.0507 | train_metric: 0.6210
step: 1950/60000 | train_loss: 1.0496 | train_metric: 0.6215
step: 2000/60000 | train_loss: 1.0484 | train_metric: 0.6219
epoch: 2/60 | val_loss: 1.0365 | val_metric: 0.6227
step: 2050/60000 | train_loss: 1.0191 | train_metric: 0.6328
step: 2100/60000 | train_loss: 1.0202 | train_metric: 0.6333
step: 2150/60000 | train_loss: 1.0229 | train_metric: 0.6321
step: 2200/60000 | train_loss: 1.0218 | train_metric: 0.6325
step: 2250/60000 | train_loss: 1.0209 | train_metric: 0.6322
step: 2300/60000 | train_loss: 1.0195 | train_metric: 0.6327
step: 2350/60000 | train_loss: 1.0186 | train_metric: 0.6334
step: 2400/60000 | train_loss: 1.0177 | train_metric: 0.6338
step: 2450/60000 | train_loss: 1.0176 | train_metric: 0.6339
step: 2500/60000 | train_loss: 1.0160 | train_metric: 0.6345
step: 2550/60000 | train_loss: 1.0159 | train_metric: 0.6347
step: 2600/60000 | train_loss: 1.0145 | train_metric: 0.6352
step: 2650/60000 | train_loss: 1.0136 | train_metric: 0.6356
step: 2700/60000 | train_loss: 1.0130 | train_metric: 0.6358
step: 2750/60000 | train_loss: 1.0118 | train_metric: 0.6364
step: 2800/60000 | train_loss: 1.0106 | train_metric: 0.6368
step: 2850/60000 | train_loss: 1.0100 | train_metric: 0.6371
step: 2900/60000 | train_loss: 1.0093 | train_metric: 0.6374
step: 2950/60000 | train_loss: 1.0078 | train_metric: 0.6381
step: 3000/60000 | train_loss: 1.0069 | train_metric: 0.6385
epoch: 3/60 | val_loss: 0.9748 | val_metric: 0.6521
step: 3050/60000 | train_loss: 1.0081 | train_metric: 0.6382
step: 3100/60000 | train_loss: 1.0030 | train_metric: 0.6398
step: 3150/60000 | train_loss: 0.9960 | train_metric: 0.6423
step: 3200/60000 | train_loss: 0.9956 | train_metric: 0.6428
step: 3250/60000 | train_loss: 0.9983 | train_metric: 0.6416
step: 3300/60000 | train_loss: 0.9950 | train_metric: 0.6430
step: 3350/60000 | train_loss: 0.9919 | train_metric: 0.6438
step: 3400/60000 | train_loss: 0.9884 | train_metric: 0.6451
step: 3450/60000 | train_loss: 0.9866 | train_metric: 0.6459
step: 3500/60000 | train_loss: 0.9862 | train_metric: 0.6460
step: 3550/60000 | train_loss: 0.9850 | train_metric: 0.6466
step: 3600/60000 | train_loss: 0.9843 | train_metric: 0.6469
step: 3650/60000 | train_loss: 0.9834 | train_metric: 0.6470
step: 3700/60000 | train_loss: 0.9821 | train_metric: 0.6476
step: 3750/60000 | train_loss: 0.9808 | train_metric: 0.6482
step: 3800/60000 | train_loss: 0.9810 | train_metric: 0.6481
step: 3850/60000 | train_loss: 0.9800 | train_metric: 0.6485
step: 3900/60000 | train_loss: 0.9789 | train_metric: 0.6491
step: 3950/60000 | train_loss: 0.9783 | train_metric: 0.6494
step: 4000/60000 | train_loss: 0.9777 | train_metric: 0.6498
epoch: 4/60 | val_loss: 0.9662 | val_metric: 0.6547
step: 4050/60000 | train_loss: 0.9767 | train_metric: 0.6492
step: 4100/60000 | train_loss: 0.9641 | train_metric: 0.6538
step: 4150/60000 | train_loss: 0.9602 | train_metric: 0.6558
step: 4200/60000 | train_loss: 0.9587 | train_metric: 0.6562
step: 4250/60000 | train_loss: 0.9581 | train_metric: 0.6566
step: 4300/60000 | train_loss: 0.9574 | train_metric: 0.6567
step: 4350/60000 | train_loss: 0.9562 | train_metric: 0.6571
step: 4400/60000 | train_loss: 0.9557 | train_metric: 0.6574
step: 4450/60000 | train_loss: 0.9554 | train_metric: 0.6578
step: 4500/60000 | train_loss: 0.9548 | train_metric: 0.6581
step: 4550/60000 | train_loss: 0.9547 | train_metric: 0.6581
step: 4600/60000 | train_loss: 0.9555 | train_metric: 0.6579
step: 4650/60000 | train_loss: 0.9550 | train_metric: 0.6581
step: 4700/60000 | train_loss: 0.9549 | train_metric: 0.6581
step: 4750/60000 | train_loss: 0.9545 | train_metric: 0.6583
step: 4800/60000 | train_loss: 0.9537 | train_metric: 0.6586
step: 4850/60000 | train_loss: 0.9525 | train_metric: 0.6591
step: 4900/60000 | train_loss: 0.9522 | train_metric: 0.6591
step: 4950/60000 | train_loss: 0.9513 | train_metric: 0.6596
step: 5000/60000 | train_loss: 0.9505 | train_metric: 0.6600
epoch: 5/60 | val_loss: 0.9317 | val_metric: 0.6680
step: 5050/60000 | train_loss: 0.9309 | train_metric: 0.6677
step: 5100/60000 | train_loss: 0.9288 | train_metric: 0.6691
step: 5150/60000 | train_loss: 0.9299 | train_metric: 0.6686
step: 5200/60000 | train_loss: 0.9294 | train_metric: 0.6684
step: 5250/60000 | train_loss: 0.9285 | train_metric: 0.6686
step: 5300/60000 | train_loss: 0.9292 | train_metric: 0.6682
step: 5350/60000 | train_loss: 0.9289 | train_metric: 0.6686
step: 5400/60000 | train_loss: 0.9309 | train_metric: 0.6680
step: 5450/60000 | train_loss: 0.9313 | train_metric: 0.6678
step: 5500/60000 | train_loss: 0.9308 | train_metric: 0.6681
step: 5550/60000 | train_loss: 0.9307 | train_metric: 0.6680
step: 5600/60000 | train_loss: 0.9304 | train_metric: 0.6681
step: 5650/60000 | train_loss: 0.9305 | train_metric: 0.6679
step: 5700/60000 | train_loss: 0.9305 | train_metric: 0.6680
step: 5750/60000 | train_loss: 0.9305 | train_metric: 0.6680
step: 5800/60000 | train_loss: 0.9299 | train_metric: 0.6684
step: 5850/60000 | train_loss: 0.9291 | train_metric: 0.6686
step: 5900/60000 | train_loss: 0.9287 | train_metric: 0.6687
step: 5950/60000 | train_loss: 0.9282 | train_metric: 0.6688
step: 6000/60000 | train_loss: 0.9275 | train_metric: 0.6690
epoch: 6/60 | val_loss: 0.9117 | val_metric: 0.6758
step: 6050/60000 | train_loss: 0.9256 | train_metric: 0.6705
step: 6100/60000 | train_loss: 0.9189 | train_metric: 0.6720
step: 6150/60000 | train_loss: 0.9155 | train_metric: 0.6730
step: 6200/60000 | train_loss: 0.9145 | train_metric: 0.6728
step: 6250/60000 | train_loss: 0.9161 | train_metric: 0.6725
step: 6300/60000 | train_loss: 0.9162 | train_metric: 0.6725
step: 6350/60000 | train_loss: 0.9155 | train_metric: 0.6725
step: 6400/60000 | train_loss: 0.9152 | train_metric: 0.6726
step: 6450/60000 | train_loss: 0.9156 | train_metric: 0.6725
step: 6500/60000 | train_loss: 0.9164 | train_metric: 0.6722
step: 6550/60000 | train_loss: 0.9166 | train_metric: 0.6720
step: 6600/60000 | train_loss: 0.9154 | train_metric: 0.6724
step: 6650/60000 | train_loss: 0.9158 | train_metric: 0.6724
step: 6700/60000 | train_loss: 0.9154 | train_metric: 0.6727
step: 6750/60000 | train_loss: 0.9153 | train_metric: 0.6727
step: 6800/60000 | train_loss: 0.9153 | train_metric: 0.6728
step: 6850/60000 | train_loss: 0.9153 | train_metric: 0.6729
step: 6900/60000 | train_loss: 0.9152 | train_metric: 0.6729
step: 6950/60000 | train_loss: 0.9154 | train_metric: 0.6729
step: 7000/60000 | train_loss: 0.9152 | train_metric: 0.6731
epoch: 7/60 | val_loss: 0.9007 | val_metric: 0.6804
step: 7050/60000 | train_loss: 0.9050 | train_metric: 0.6778
step: 7100/60000 | train_loss: 0.9070 | train_metric: 0.6768
step: 7150/60000 | train_loss: 0.9105 | train_metric: 0.6755
step: 7200/60000 | train_loss: 0.9085 | train_metric: 0.6764
step: 7250/60000 | train_loss: 0.9078 | train_metric: 0.6762
step: 7300/60000 | train_loss: 0.9092 | train_metric: 0.6757
step: 7350/60000 | train_loss: 0.9092 | train_metric: 0.6758
step: 7400/60000 | train_loss: 0.9081 | train_metric: 0.6758
step: 7450/60000 | train_loss: 0.9080 | train_metric: 0.6759
step: 7500/60000 | train_loss: 0.9078 | train_metric: 0.6760
step: 7550/60000 | train_loss: 0.9067 | train_metric: 0.6765
step: 7600/60000 | train_loss: 0.9071 | train_metric: 0.6762
step: 7650/60000 | train_loss: 0.9072 | train_metric: 0.6763
step: 7700/60000 | train_loss: 0.9071 | train_metric: 0.6764
step: 7750/60000 | train_loss: 0.9071 | train_metric: 0.6763
step: 7800/60000 | train_loss: 0.9063 | train_metric: 0.6766
step: 7850/60000 | train_loss: 0.9068 | train_metric: 0.6764
step: 7900/60000 | train_loss: 0.9067 | train_metric: 0.6762
step: 7950/60000 | train_loss: 0.9069 | train_metric: 0.6762
step: 8000/60000 | train_loss: 0.9067 | train_metric: 0.6763
epoch: 8/60 | val_loss: 0.8965 | val_metric: 0.6827
step: 8050/60000 | train_loss: 0.8949 | train_metric: 0.6808
step: 8100/60000 | train_loss: 0.8944 | train_metric: 0.6812
step: 8150/60000 | train_loss: 0.9245 | train_metric: 0.6759
step: 8200/60000 | train_loss: 0.9715 | train_metric: 0.6593
step: 8250/60000 | train_loss: 0.9663 | train_metric: 0.6603
step: 8300/60000 | train_loss: 0.9603 | train_metric: 0.6615
step: 8350/60000 | train_loss: 0.9544 | train_metric: 0.6628
step: 8400/60000 | train_loss: 0.9482 | train_metric: 0.6649
step: 8450/60000 | train_loss: 0.9434 | train_metric: 0.6662
step: 8500/60000 | train_loss: 0.9401 | train_metric: 0.6670
step: 8550/60000 | train_loss: 0.9369 | train_metric: 0.6682
step: 8600/60000 | train_loss: 0.9341 | train_metric: 0.6688
step: 8650/60000 | train_loss: 0.9315 | train_metric: 0.6694
step: 8700/60000 | train_loss: 0.9295 | train_metric: 0.6702
step: 8750/60000 | train_loss: 0.9274 | train_metric: 0.6708
step: 8800/60000 | train_loss: 0.9256 | train_metric: 0.6712
step: 8850/60000 | train_loss: 0.9243 | train_metric: 0.6716
step: 8900/60000 | train_loss: 0.9228 | train_metric: 0.6720
step: 8950/60000 | train_loss: 0.9213 | train_metric: 0.6724
step: 9000/60000 | train_loss: 0.9201 | train_metric: 0.6728
epoch: 9/60 | val_loss: 0.8997 | val_metric: 0.6797
step: 9050/60000 | train_loss: 0.9094 | train_metric: 0.6745
step: 9100/60000 | train_loss: 0.9031 | train_metric: 0.6775
step: 9150/60000 | train_loss: 0.8994 | train_metric: 0.6793
step: 9200/60000 | train_loss: 0.8978 | train_metric: 0.6797
step: 9250/60000 | train_loss: 0.8966 | train_metric: 0.6799
step: 9300/60000 | train_loss: 0.8956 | train_metric: 0.6804
step: 9350/60000 | train_loss: 0.8956 | train_metric: 0.6804
step: 9400/60000 | train_loss: 0.8951 | train_metric: 0.6807
step: 9450/60000 | train_loss: 0.8942 | train_metric: 0.6809
step: 9500/60000 | train_loss: 0.8941 | train_metric: 0.6810
step: 9550/60000 | train_loss: 0.8941 | train_metric: 0.6809
step: 9600/60000 | train_loss: 0.8937 | train_metric: 0.6813
step: 9650/60000 | train_loss: 0.8936 | train_metric: 0.6811
step: 9700/60000 | train_loss: 0.8937 | train_metric: 0.6810
step: 9750/60000 | train_loss: 0.8935 | train_metric: 0.6810
step: 9800/60000 | train_loss: 0.8936 | train_metric: 0.6810
step: 9850/60000 | train_loss: 0.8936 | train_metric: 0.6809
step: 9900/60000 | train_loss: 0.8936 | train_metric: 0.6809
step: 9950/60000 | train_loss: 0.8939 | train_metric: 0.6809
step: 10000/60000 | train_loss: 0.8939 | train_metric: 0.6809
epoch: 10/60 | val_loss: 0.9118 | val_metric: 0.6744
step: 10050/60000 | train_loss: 0.9000 | train_metric: 0.6785
step: 10100/60000 | train_loss: 0.8953 | train_metric: 0.6807
step: 10150/60000 | train_loss: 0.8908 | train_metric: 0.6820
step: 10200/60000 | train_loss: 0.8916 | train_metric: 0.6815
step: 10250/60000 | train_loss: 0.8907 | train_metric: 0.6816
step: 10300/60000 | train_loss: 0.8909 | train_metric: 0.6816
step: 10350/60000 | train_loss: 0.8899 | train_metric: 0.6819
step: 10400/60000 | train_loss: 0.8896 | train_metric: 0.6818
step: 10450/60000 | train_loss: 0.8897 | train_metric: 0.6817
step: 10500/60000 | train_loss: 0.8895 | train_metric: 0.6818
step: 10550/60000 | train_loss: 0.8895 | train_metric: 0.6818
step: 10600/60000 | train_loss: 0.8885 | train_metric: 0.6821
step: 10650/60000 | train_loss: 0.8880 | train_metric: 0.6824
step: 10700/60000 | train_loss: 0.8882 | train_metric: 0.6823
step: 10750/60000 | train_loss: 0.8881 | train_metric: 0.6825
step: 10800/60000 | train_loss: 0.8889 | train_metric: 0.6821
step: 10850/60000 | train_loss: 0.8896 | train_metric: 0.6820
step: 10900/60000 | train_loss: 0.8895 | train_metric: 0.6820
step: 10950/60000 | train_loss: 0.8893 | train_metric: 0.6821
step: 11000/60000 | train_loss: 0.8895 | train_metric: 0.6820
epoch: 11/60 | val_loss: 0.8984 | val_metric: 0.6792
step: 11050/60000 | train_loss: 0.8791 | train_metric: 0.6868
step: 11100/60000 | train_loss: 0.8808 | train_metric: 0.6863
step: 11150/60000 | train_loss: 0.8807 | train_metric: 0.6866
step: 11200/60000 | train_loss: 0.8830 | train_metric: 0.6851
step: 11250/60000 | train_loss: 0.8828 | train_metric: 0.6849
step: 11300/60000 | train_loss: 0.8841 | train_metric: 0.6843
step: 11350/60000 | train_loss: 0.8847 | train_metric: 0.6840
step: 11400/60000 | train_loss: 0.8837 | train_metric: 0.6842
step: 11450/60000 | train_loss: 0.8835 | train_metric: 0.6842
step: 11500/60000 | train_loss: 0.8838 | train_metric: 0.6841
step: 11550/60000 | train_loss: 0.8841 | train_metric: 0.6839
step: 11600/60000 | train_loss: 0.8839 | train_metric: 0.6838
step: 11650/60000 | train_loss: 0.8847 | train_metric: 0.6834
step: 11700/60000 | train_loss: 0.8850 | train_metric: 0.6835
step: 11750/60000 | train_loss: 0.8852 | train_metric: 0.6832
step: 11800/60000 | train_loss: 0.8849 | train_metric: 0.6835
step: 11850/60000 | train_loss: 0.8854 | train_metric: 0.6833
step: 11900/60000 | train_loss: 0.8853 | train_metric: 0.6835
step: 11950/60000 | train_loss: 0.8856 | train_metric: 0.6833
step: 12000/60000 | train_loss: 0.8856 | train_metric: 0.6833
epoch: 12/60 | val_loss: 0.8955 | val_metric: 0.6798
step: 12050/60000 | train_loss: 0.8822 | train_metric: 0.6826
step: 12100/60000 | train_loss: 0.8827 | train_metric: 0.6846
step: 12150/60000 | train_loss: 0.8814 | train_metric: 0.6850
step: 12200/60000 | train_loss: 0.8838 | train_metric: 0.6840
step: 12250/60000 | train_loss: 0.8833 | train_metric: 0.6839
step: 12300/60000 | train_loss: 0.8828 | train_metric: 0.6838
step: 12350/60000 | train_loss: 0.8834 | train_metric: 0.6836
step: 12400/60000 | train_loss: 0.8823 | train_metric: 0.6840
step: 12450/60000 | train_loss: 0.8817 | train_metric: 0.6844
step: 12500/60000 | train_loss: 0.8829 | train_metric: 0.6840
step: 12550/60000 | train_loss: 0.8828 | train_metric: 0.6840
step: 12600/60000 | train_loss: 0.8820 | train_metric: 0.6843
step: 12650/60000 | train_loss: 0.8819 | train_metric: 0.6844
step: 12700/60000 | train_loss: 0.8824 | train_metric: 0.6843
step: 12750/60000 | train_loss: 0.8817 | train_metric: 0.6846
step: 12800/60000 | train_loss: 0.8817 | train_metric: 0.6846
step: 12850/60000 | train_loss: 0.8820 | train_metric: 0.6845
step: 12900/60000 | train_loss: 0.8818 | train_metric: 0.6846
step: 12950/60000 | train_loss: 0.8816 | train_metric: 0.6847
step: 13000/60000 | train_loss: 0.8818 | train_metric: 0.6846
epoch: 13/60 | val_loss: 0.8885 | val_metric: 0.6844
step: 13050/60000 | train_loss: 0.8784 | train_metric: 0.6839
step: 13100/60000 | train_loss: 0.8784 | train_metric: 0.6855
step: 13150/60000 | train_loss: 0.8765 | train_metric: 0.6863
step: 13200/60000 | train_loss: 0.8762 | train_metric: 0.6866
step: 13250/60000 | train_loss: 0.8751 | train_metric: 0.6874
step: 13300/60000 | train_loss: 0.8757 | train_metric: 0.6870
step: 13350/60000 | train_loss: 0.8766 | train_metric: 0.6866
step: 13400/60000 | train_loss: 0.8758 | train_metric: 0.6868
step: 13450/60000 | train_loss: 0.8754 | train_metric: 0.6869
step: 13500/60000 | train_loss: 0.8755 | train_metric: 0.6870
step: 13550/60000 | train_loss: 0.8749 | train_metric: 0.6872
step: 13600/60000 | train_loss: 0.8756 | train_metric: 0.6866
step: 13650/60000 | train_loss: 0.8760 | train_metric: 0.6864
step: 13700/60000 | train_loss: 0.8760 | train_metric: 0.6865
step: 13750/60000 | train_loss: 0.8760 | train_metric: 0.6865
step: 13800/60000 | train_loss: 0.8764 | train_metric: 0.6863
step: 13850/60000 | train_loss: 0.8769 | train_metric: 0.6863
step: 13900/60000 | train_loss: 0.8771 | train_metric: 0.6863
step: 13950/60000 | train_loss: 0.8773 | train_metric: 0.6861
step: 14000/60000 | train_loss: 0.8773 | train_metric: 0.6862
epoch: 14/60 | val_loss: 0.8869 | val_metric: 0.6845
step: 14050/60000 | train_loss: 0.8691 | train_metric: 0.6875
step: 14100/60000 | train_loss: 0.8688 | train_metric: 0.6879
step: 14150/60000 | train_loss: 0.8687 | train_metric: 0.6884
step: 14200/60000 | train_loss: 0.8680 | train_metric: 0.6887
step: 14250/60000 | train_loss: 0.8697 | train_metric: 0.6882
step: 14300/60000 | train_loss: 0.8689 | train_metric: 0.6885
step: 14350/60000 | train_loss: 0.8685 | train_metric: 0.6886
step: 14400/60000 | train_loss: 0.8694 | train_metric: 0.6885
step: 14450/60000 | train_loss: 0.8711 | train_metric: 0.6878
step: 14500/60000 | train_loss: 0.8717 | train_metric: 0.6878
step: 14550/60000 | train_loss: 0.8721 | train_metric: 0.6875
step: 14600/60000 | train_loss: 0.8724 | train_metric: 0.6873
step: 14650/60000 | train_loss: 0.8719 | train_metric: 0.6877
step: 14700/60000 | train_loss: 0.8720 | train_metric: 0.6878
step: 14750/60000 | train_loss: 0.8719 | train_metric: 0.6877
step: 14800/60000 | train_loss: 0.8720 | train_metric: 0.6879
step: 14850/60000 | train_loss: 0.8718 | train_metric: 0.6880
step: 14900/60000 | train_loss: 0.8726 | train_metric: 0.6877
step: 14950/60000 | train_loss: 0.8728 | train_metric: 0.6875
step: 15000/60000 | train_loss: 0.8729 | train_metric: 0.6875
epoch: 15/60 | val_loss: 0.8847 | val_metric: 0.6857
step: 15050/60000 | train_loss: 0.8621 | train_metric: 0.6895
step: 15100/60000 | train_loss: 0.8664 | train_metric: 0.6892
step: 15150/60000 | train_loss: 0.8659 | train_metric: 0.6899
step: 15200/60000 | train_loss: 0.8643 | train_metric: 0.6907
step: 15250/60000 | train_loss: 0.8661 | train_metric: 0.6899
step: 15300/60000 | train_loss: 0.8648 | train_metric: 0.6902
step: 15350/60000 | train_loss: 0.8658 | train_metric: 0.6896
step: 15400/60000 | train_loss: 0.8658 | train_metric: 0.6895
step: 15450/60000 | train_loss: 0.8671 | train_metric: 0.6889
step: 15500/60000 | train_loss: 0.8671 | train_metric: 0.6890
step: 15550/60000 | train_loss: 0.8670 | train_metric: 0.6893
step: 15600/60000 | train_loss: 0.8670 | train_metric: 0.6895
step: 15650/60000 | train_loss: 0.8674 | train_metric: 0.6894
step: 15700/60000 | train_loss: 0.8683 | train_metric: 0.6889
step: 15750/60000 | train_loss: 0.8686 | train_metric: 0.6889
step: 15800/60000 | train_loss: 0.8688 | train_metric: 0.6889
step: 15850/60000 | train_loss: 0.8689 | train_metric: 0.6889
step: 15900/60000 | train_loss: 0.8687 | train_metric: 0.6889
step: 15950/60000 | train_loss: 0.8686 | train_metric: 0.6890
step: 16000/60000 | train_loss: 0.8690 | train_metric: 0.6888
epoch: 16/60 | val_loss: 0.8846 | val_metric: 0.6859
step: 16050/60000 | train_loss: 0.8604 | train_metric: 0.6894
step: 16100/60000 | train_loss: 0.8596 | train_metric: 0.6907
step: 16150/60000 | train_loss: 0.8617 | train_metric: 0.6907
step: 16200/60000 | train_loss: 0.8618 | train_metric: 0.6911
step: 16250/60000 | train_loss: 0.8641 | train_metric: 0.6903
step: 16300/60000 | train_loss: 0.8635 | train_metric: 0.6905
step: 16350/60000 | train_loss: 0.8640 | train_metric: 0.6905
step: 16400/60000 | train_loss: 0.8638 | train_metric: 0.6907
step: 16450/60000 | train_loss: 0.8640 | train_metric: 0.6907
step: 16500/60000 | train_loss: 0.8641 | train_metric: 0.6909
step: 16550/60000 | train_loss: 0.8638 | train_metric: 0.6911
step: 16600/60000 | train_loss: 0.8642 | train_metric: 0.6907
step: 16650/60000 | train_loss: 0.8652 | train_metric: 0.6902
step: 16700/60000 | train_loss: 0.8649 | train_metric: 0.6904
step: 16750/60000 | train_loss: 0.8647 | train_metric: 0.6905
step: 16800/60000 | train_loss: 0.8646 | train_metric: 0.6903
step: 16850/60000 | train_loss: 0.8644 | train_metric: 0.6904
step: 16900/60000 | train_loss: 0.8649 | train_metric: 0.6901
step: 16950/60000 | train_loss: 0.8648 | train_metric: 0.6901
step: 17000/60000 | train_loss: 0.8649 | train_metric: 0.6902
epoch: 17/60 | val_loss: 0.8834 | val_metric: 0.6862
step: 17050/60000 | train_loss: 0.8541 | train_metric: 0.6916
step: 17100/60000 | train_loss: 0.8539 | train_metric: 0.6932
step: 17150/60000 | train_loss: 0.8573 | train_metric: 0.6917
step: 17200/60000 | train_loss: 0.8576 | train_metric: 0.6924
step: 17250/60000 | train_loss: 0.8575 | train_metric: 0.6923
step: 17300/60000 | train_loss: 0.8577 | train_metric: 0.6924
step: 17350/60000 | train_loss: 0.8566 | train_metric: 0.6930
step: 17400/60000 | train_loss: 0.8571 | train_metric: 0.6929
step: 17450/60000 | train_loss: 0.8583 | train_metric: 0.6924
step: 17500/60000 | train_loss: 0.8579 | train_metric: 0.6926
step: 17550/60000 | train_loss: 0.8590 | train_metric: 0.6922
step: 17600/60000 | train_loss: 0.8591 | train_metric: 0.6923
step: 17650/60000 | train_loss: 0.8599 | train_metric: 0.6918
step: 17700/60000 | train_loss: 0.8596 | train_metric: 0.6920
step: 17750/60000 | train_loss: 0.8601 | train_metric: 0.6917
step: 17800/60000 | train_loss: 0.8604 | train_metric: 0.6916
step: 17850/60000 | train_loss: 0.8604 | train_metric: 0.6916
step: 17900/60000 | train_loss: 0.8601 | train_metric: 0.6917
step: 17950/60000 | train_loss: 0.8604 | train_metric: 0.6916
step: 18000/60000 | train_loss: 0.8610 | train_metric: 0.6915
epoch: 18/60 | val_loss: 0.8836 | val_metric: 0.6859
step: 18050/60000 | train_loss: 0.8524 | train_metric: 0.6933
step: 18100/60000 | train_loss: 0.8499 | train_metric: 0.6944
step: 18150/60000 | train_loss: 0.8513 | train_metric: 0.6944
step: 18200/60000 | train_loss: 0.8542 | train_metric: 0.6935
step: 18250/60000 | train_loss: 0.8564 | train_metric: 0.6927
step: 18300/60000 | train_loss: 0.8557 | train_metric: 0.6926
step: 18350/60000 | train_loss: 0.8574 | train_metric: 0.6922
step: 18400/60000 | train_loss: 0.8569 | train_metric: 0.6925
step: 18450/60000 | train_loss: 0.8570 | train_metric: 0.6923
step: 18500/60000 | train_loss: 0.8564 | train_metric: 0.6926
step: 18550/60000 | train_loss: 0.8558 | train_metric: 0.6929
step: 18600/60000 | train_loss: 0.8566 | train_metric: 0.6927
step: 18650/60000 | train_loss: 0.8562 | train_metric: 0.6930
step: 18700/60000 | train_loss: 0.8558 | train_metric: 0.6932
step: 18750/60000 | train_loss: 0.8560 | train_metric: 0.6932
step: 18800/60000 | train_loss: 0.8559 | train_metric: 0.6935
step: 18850/60000 | train_loss: 0.8556 | train_metric: 0.6936
step: 18900/60000 | train_loss: 0.8557 | train_metric: 0.6936
step: 18950/60000 | train_loss: 0.8562 | train_metric: 0.6934
step: 19000/60000 | train_loss: 0.8560 | train_metric: 0.6934
epoch: 19/60 | val_loss: 0.8841 | val_metric: 0.6847
step: 19050/60000 | train_loss: 0.8447 | train_metric: 0.6978
step: 19100/60000 | train_loss: 0.8433 | train_metric: 0.6989
step: 19150/60000 | train_loss: 0.8435 | train_metric: 0.6987
step: 19200/60000 | train_loss: 0.8440 | train_metric: 0.6984
step: 19250/60000 | train_loss: 0.8446 | train_metric: 0.6977
step: 19300/60000 | train_loss: 0.8450 | train_metric: 0.6978
step: 19350/60000 | train_loss: 0.8455 | train_metric: 0.6973
step: 19400/60000 | train_loss: 0.8464 | train_metric: 0.6969
step: 19450/60000 | train_loss: 0.8464 | train_metric: 0.6967
step: 19500/60000 | train_loss: 0.8468 | train_metric: 0.6963
step: 19550/60000 | train_loss: 0.8478 | train_metric: 0.6958
step: 19600/60000 | train_loss: 0.8487 | train_metric: 0.6957
step: 19650/60000 | train_loss: 0.8485 | train_metric: 0.6956
step: 19700/60000 | train_loss: 0.8487 | train_metric: 0.6953
step: 19750/60000 | train_loss: 0.8487 | train_metric: 0.6953
step: 19800/60000 | train_loss: 0.8494 | train_metric: 0.6951
step: 19850/60000 | train_loss: 0.8496 | train_metric: 0.6949
step: 19900/60000 | train_loss: 0.8500 | train_metric: 0.6948
step: 19950/60000 | train_loss: 0.8503 | train_metric: 0.6948
step: 20000/60000 | train_loss: 0.8508 | train_metric: 0.6947
epoch: 20/60 | val_loss: 0.8864 | val_metric: 0.6861
step: 20050/60000 | train_loss: 0.8396 | train_metric: 0.6977
step: 20100/60000 | train_loss: 0.8409 | train_metric: 0.6973
step: 20150/60000 | train_loss: 0.8442 | train_metric: 0.6964
step: 20200/60000 | train_loss: 0.8450 | train_metric: 0.6957
step: 20250/60000 | train_loss: 0.8443 | train_metric: 0.6967
step: 20300/60000 | train_loss: 0.8441 | train_metric: 0.6969
step: 20350/60000 | train_loss: 0.8453 | train_metric: 0.6965
step: 20400/60000 | train_loss: 0.8450 | train_metric: 0.6966
step: 20450/60000 | train_loss: 0.8454 | train_metric: 0.6964
step: 20500/60000 | train_loss: 0.8457 | train_metric: 0.6965
step: 20550/60000 | train_loss: 0.8459 | train_metric: 0.6965
step: 20600/60000 | train_loss: 0.8462 | train_metric: 0.6964
step: 20650/60000 | train_loss: 0.8470 | train_metric: 0.6962
step: 20700/60000 | train_loss: 0.8468 | train_metric: 0.6964
step: 20750/60000 | train_loss: 0.8469 | train_metric: 0.6964
step: 20800/60000 | train_loss: 0.8467 | train_metric: 0.6964
step: 20850/60000 | train_loss: 0.8466 | train_metric: 0.6964
step: 20900/60000 | train_loss: 0.8464 | train_metric: 0.6965
step: 20950/60000 | train_loss: 0.8466 | train_metric: 0.6964
step: 21000/60000 | train_loss: 0.8468 | train_metric: 0.6963
epoch: 21/60 | val_loss: 0.8922 | val_metric: 0.6832
step: 21050/60000 | train_loss: 0.8294 | train_metric: 0.7024
step: 21100/60000 | train_loss: 0.8324 | train_metric: 0.7015
step: 21150/60000 | train_loss: 0.8337 | train_metric: 0.7009
step: 21200/60000 | train_loss: 0.8331 | train_metric: 0.7008
step: 21250/60000 | train_loss: 0.8328 | train_metric: 0.7008
step: 21300/60000 | train_loss: 0.8342 | train_metric: 0.7005
step: 21350/60000 | train_loss: 0.8352 | train_metric: 0.6998
step: 21400/60000 | train_loss: 0.8350 | train_metric: 0.6998
step: 21450/60000 | train_loss: 0.8360 | train_metric: 0.6995
step: 21500/60000 | train_loss: 0.8358 | train_metric: 0.6994
step: 21550/60000 | train_loss: 0.8370 | train_metric: 0.6990
step: 21600/60000 | train_loss: 0.8380 | train_metric: 0.6988
step: 21650/60000 | train_loss: 0.8385 | train_metric: 0.6988
step: 21700/60000 | train_loss: 0.8392 | train_metric: 0.6987
step: 21750/60000 | train_loss: 0.8390 | train_metric: 0.6988
step: 21800/60000 | train_loss: 0.8395 | train_metric: 0.6986
step: 21850/60000 | train_loss: 0.8401 | train_metric: 0.6983
step: 21900/60000 | train_loss: 0.8407 | train_metric: 0.6981
step: 21950/60000 | train_loss: 0.8416 | train_metric: 0.6977
step: 22000/60000 | train_loss: 0.8421 | train_metric: 0.6976
epoch: 22/60 | val_loss: 0.8936 | val_metric: 0.6841
step: 22050/60000 | train_loss: 0.8332 | train_metric: 0.6989
step: 22100/60000 | train_loss: 0.8308 | train_metric: 0.7005
step: 22150/60000 | train_loss: 0.8319 | train_metric: 0.7004
step: 22200/60000 | train_loss: 0.8336 | train_metric: 0.6997
step: 22250/60000 | train_loss: 0.8329 | train_metric: 0.7001
step: 22300/60000 | train_loss: 0.8320 | train_metric: 0.7005
step: 22350/60000 | train_loss: 0.8316 | train_metric: 0.7004
step: 22400/60000 | train_loss: 0.8321 | train_metric: 0.7002
step: 22450/60000 | train_loss: 0.8327 | train_metric: 0.7001
step: 22500/60000 | train_loss: 0.8322 | train_metric: 0.7003
step: 22550/60000 | train_loss: 0.8334 | train_metric: 0.7000
step: 22600/60000 | train_loss: 0.8337 | train_metric: 0.7000
step: 22650/60000 | train_loss: 0.8345 | train_metric: 0.6996
step: 22700/60000 | train_loss: 0.8342 | train_metric: 0.6999
step: 22750/60000 | train_loss: 0.8346 | train_metric: 0.6998
step: 22800/60000 | train_loss: 0.8346 | train_metric: 0.6999
step: 22850/60000 | train_loss: 0.8350 | train_metric: 0.6998
step: 22900/60000 | train_loss: 0.8355 | train_metric: 0.6997
step: 22950/60000 | train_loss: 0.8360 | train_metric: 0.6995
step: 23000/60000 | train_loss: 0.8362 | train_metric: 0.6994
epoch: 23/60 | val_loss: 0.8937 | val_metric: 0.6843
Early stopping at epoch 23. Best val_loss: 0.8834

Best fine-tuned model saved to: ./logs/LorentzParT/best/scratch_1m_ragged_seed456.pt
Final val accuracy: 0.6862
epoch  1/10 | val_acc: 0.1995  val_auc: 0.6919
epoch  2/10 | val_acc: 0.2068  val_auc: 0.6965
epoch  3/10 | val_acc: 0.2085  val_auc: 0.7033
epoch  4/10 | val_acc: 0.2122  val_auc: 0.7032
epoch  5/10 | val_acc: 0.2138  val_auc: 0.7045
epoch  6/10 | val_acc: 0.2190  val_auc: 0.7058
epoch  7/10 | val_acc: 0.2181  val_auc: 0.7079
epoch  8/10 | val_acc: 0.2212  val_auc: 0.7091
epoch  9/10 | val_acc: 0.2227  val_auc: 0.7096
epoch 10/10 | val_acc: 0.2247  val_auc: 0.7106

Linear probe results (probe_jepa_1m_ragged_seed456)
  test_acc:     0.2240
  test_auc:     0.7099
  best_val_acc: 0.2247
  best_val_auc: 0.7106
  train_time_s: 893.3

Per-class accuracy / AUC:
  QCD/Zνν     : acc=0.0301  auc=0.6066
  H→bb        : acc=0.1545  auc=0.6359
  H→cc        : acc=0.0855  auc=0.6238
  H→gg        : acc=0.5419  auc=0.8396
  H→4q        : acc=0.2182  auc=0.7353
  H→lνqq      : acc=0.0970  auc=0.7494
  Z→qq        : acc=0.0914  auc=0.6648
  W→qq        : acc=0.3112  auc=0.7109
  t→bqq       : acc=0.2175  auc=0.7661
  t→blν       : acc=0.4928  auc=0.7670

Saved → ./experiments/phase2/results_ragged/probe_jepa_1m_ragged_seed456.json
epoch  1/10 | val_acc: 0.2593  val_auc: 0.7361
epoch  2/10 | val_acc: 0.2711  val_auc: 0.7422
epoch  3/10 | val_acc: 0.2718  val_auc: 0.7453
epoch  4/10 | val_acc: 0.2728  val_auc: 0.7462
epoch  5/10 | val_acc: 0.2781  val_auc: 0.7479
epoch  6/10 | val_acc: 0.2786  val_auc: 0.7486
epoch  7/10 | val_acc: 0.2770  val_auc: 0.7492
epoch  8/10 | val_acc: 0.2792  val_auc: 0.7494
epoch  9/10 | val_acc: 0.2785  val_auc: 0.7498
epoch 10/10 | val_acc: 0.2793  val_auc: 0.7499

Linear probe results (probe_mae_1m_ragged_seed456)
  test_acc:     0.2797
  test_auc:     0.7497
  best_val_acc: 0.2793
  best_val_auc: 0.7499
  train_time_s: 892.4

Per-class accuracy / AUC:
  QCD/Zνν     : acc=0.1892  auc=0.6631
  H→bb        : acc=0.1292  auc=0.6711
  H→cc        : acc=0.1751  auc=0.6671
  H→gg        : acc=0.5554  auc=0.8518
  H→4q        : acc=0.1797  auc=0.7553
  H→lνqq      : acc=0.2266  auc=0.7837
  Z→qq        : acc=0.0737  auc=0.6913
  W→qq        : acc=0.3468  auc=0.7445
  t→bqq       : acc=0.5241  auc=0.8459
  t→blν       : acc=0.3971  auc=0.8226

Saved → ./experiments/phase2/results_ragged/probe_mae_1m_ragged_seed456.json

============================================================
STAGE: JEPA pretrain seed=456
CMD:   /opt/conda/bin/python scripts/pretrain_jepa.py --data-dir ./data_1m --config-path configs/pretrain_jepa_biased_1m_ragged.yaml --run-name jepa_1m_ragged_seed456 --seed 456
============================================================

============================================================
STAGE: MAE pretrain seed=456
CMD:   /opt/conda/bin/python scripts/pretrain_mae.py --data-dir ./data_1m --config-path configs/pretrain_mae_1m_ragged.yaml --run-name mae_1m_ragged_seed456 --seed 456
============================================================

============================================================
STAGE: Finetune jepa_1m_ragged_bestft_seed456
CMD:   /opt/conda/bin/python scripts/train_lorentz_part.py --data-dir ./data_1m --config-path configs/train_lorentz_part_1m_ragged.yaml --run-name jepa_1m_ragged_bestft_seed456 --seed 456 --weights ./logs/ParticleJEPA/best/jepa_1m_ragged_seed456_best.pt
============================================================

============================================================
STAGE: Finetune mae_1m_ragged_ft_seed456
CMD:   /opt/conda/bin/python scripts/train_lorentz_part.py --data-dir ./data_1m --config-path configs/train_lorentz_part_1m_ragged.yaml --run-name mae_1m_ragged_ft_seed456 --seed 456 --weights ./logs/LorentzParT/best/mae_1m_ragged_seed456.pt
============================================================

============================================================
STAGE: Finetune scratch_1m_ragged_seed456
CMD:   /opt/conda/bin/python scripts/train_lorentz_part.py --data-dir ./data_1m --config-path configs/train_lorentz_part_1m_ragged.yaml --run-name scratch_1m_ragged_seed456 --seed 456
============================================================

============================================================
STAGE: Probe probe_jepa_1m_ragged_seed456
CMD:   /opt/conda/bin/python experiments/phase0/linear_probe.py --data-dir ./data_1m --weights ./logs/ParticleJEPA/best/jepa_1m_ragged_seed456_best.pt --config-path ./experiments/phase0/configs/linear_probe.yaml --run-name probe_jepa_1m_ragged_seed456 --seed 456 --output-dir ./experiments/phase2/results_ragged
============================================================

============================================================
STAGE: Probe probe_mae_1m_ragged_seed456
CMD:   /opt/conda/bin/python experiments/phase0/linear_probe.py --data-dir ./data_1m --weights ./logs/LorentzParT/best/mae_1m_ragged_seed456.pt --config-path ./experiments/phase0/configs/linear_probe.yaml --run-name probe_mae_1m_ragged_seed456 --seed 456 --output-dir ./experiments/phase2/results_ragged
============================================================
jepa_finetune: test_acc=0.68903  test_auc=0.9497634590555556
mae_finetune: test_acc=0.6903  test_auc=0.9501537201666667
scratch: test_acc=0.69012  test_auc=0.9498762385000001

Seed 456 done in 353.0 min → ./experiments/phase2/results_ragged/seed_456.json

============================================================
All requested seeds attempted. Aggregate with:
  python experiments/analyze_results.py --results-dir ./experiments/phase2/results_ragged
