{
  "run_name": "probe_jepa_1m_seed123",
  "seed": 123,
  "weights": "./logs/ParticleJEPA/best/jepa_1m_seed123.pt",
  "test_acc": 0.21572,
  "test_auc": 0.7020271826666666,
  "best_val_acc": 0.21698,
  "best_val_auc": 0.7027505963888888,
  "per_class_acc": [
    0.0217,
    0.1427,
    0.0849,
    0.5675,
    0.2494,
    0.1639,
    0.0675,
    0.2742,
    0.1549,
    0.4305
  ],
  "per_class_auc": [
    0.6056366861111112,
    0.6290539916666666,
    0.61746177,
    0.8351676100000001,
    0.7322765544444445,
    0.7361833183333333,
    0.6570659044444445,
    0.7010175049999999,
    0.7546814477777778,
    0.7517270388888888
  ],
  "train_time_s": 893.455137640005
}