{
  "run_name": "probe_jepa_1m_seed123",
  "seed": 123,
  "weights": "./logs/ParticleJEPA/best/jepa_1m_seed123.pt",
  "test_acc": 0.22434,
  "test_auc": 0.5809383230555556,
  "best_val_acc": 0.22739,
  "best_val_auc": 0.5816806306111111,
  "per_class_acc": [
    0.0212,
    0.1421,
    0.1238,
    0.5739,
    0.2238,
    0.17,
    0.0765,
    0.2968,
    0.1916,
    0.4237
  ],
  "per_class_auc": [
    0.5519878838888889,
    0.5046915627777778,
    0.5094928133333333,
    0.6502564211111111,
    0.56036315,
    0.6515754077777778,
    0.5539706388888889,
    0.5642189566666667,
    0.5912239222222222,
    0.6716024738888889
  ],
  "train_time_s": 893.1244545600202
}