{
  "run_name": "probe_mae_1m_seed456",
  "seed": 456,
  "weights": "./logs/LorentzParT/best/mae_1m_seed456.pt",
  "test_acc": 0.25366,
  "test_auc": 0.7393547477222222,
  "best_val_acc": 0.25395,
  "best_val_auc": 0.7396003416111111,
  "per_class_acc": [
    0.2022,
    0.1569,
    0.1174,
    0.5406,
    0.2335,
    0.2365,
    0.0549,
    0.325,
    0.268,
    0.4016
  ],
  "per_class_auc": [
    0.6736981427777777,
    0.6671818788888889,
    0.6530632633333333,
    0.845896046111111,
    0.7502198522222221,
    0.7843398733333333,
    0.6834848077777778,
    0.7313936627777778,
    0.7774496566666667,
    0.8268202933333333
  ],
  "train_time_s": 895.3912171770353
}