{
  "run_name": "probe_jepa_1m_seed456",
  "seed": 456,
  "weights": "./logs/ParticleJEPA/best/jepa_1m_seed456.pt",
  "test_acc": 0.23607,
  "test_auc": 0.644484104,
  "best_val_acc": 0.23669,
  "best_val_auc": 0.6465308357777778,
  "per_class_acc": [
    0.0836,
    0.1564,
    0.0747,
    0.5703,
    0.2031,
    0.15,
    0.0769,
    0.322,
    0.3035,
    0.4202
  ],
  "per_class_auc": [
    0.588271061111111,
    0.5218245622222222,
    0.528295465,
    0.769338045,
    0.6326093322222222,
    0.7216606511111111,
    0.5962602961111112,
    0.6501383072222222,
    0.6924139094444445,
    0.7440294105555556
  ],
  "train_time_s": 894.4435971080093
}