{
  "run_name": "probe_jepa_1m_seed456",
  "seed": 456,
  "weights": "./logs/ParticleJEPA/best/jepa_1m_seed456.pt",
  "test_acc": 0.23607,
  "test_auc": 0.7192166217222222,
  "best_val_acc": 0.23669,
  "best_val_auc": 0.7199971952777777,
  "per_class_acc": [
    0.0836,
    0.1564,
    0.0747,
    0.5703,
    0.2031,
    0.15,
    0.0769,
    0.322,
    0.3035,
    0.4202
  ],
  "per_class_auc": [
    0.6127717016666667,
    0.6498811199999999,
    0.6343103133333333,
    0.8410914111111111,
    0.7390412344444445,
    0.7565683683333333,
    0.6709882061111111,
    0.7192735822222222,
    0.7871365033333334,
    0.7811037766666667
  ],
  "train_time_s": 896.0912572919624
}