{
  "run_name": "probe_mae_1m_seed42",
  "seed": 42,
  "weights": "./logs/LorentzParT/best/mae_1m_seed42.pt",
  "test_acc": 0.25337,
  "test_auc": 0.6987773385,
  "best_val_acc": 0.25496,
  "best_val_auc": 0.6987718128333334,
  "per_class_acc": [
    0.1888,
    0.1469,
    0.1162,
    0.5442,
    0.2746,
    0.2412,
    0.0572,
    0.3324,
    0.2265,
    0.4057
  ],
  "per_class_auc": [
    0.6368140594444445,
    0.6079546683333333,
    0.5687523611111112,
    0.8334261238888889,
    0.7229356866666666,
    0.7625242388888889,
    0.6179193483333334,
    0.6755671972222221,
    0.7513143655555555,
    0.8105653355555557
  ],
  "train_time_s": 894.8563971529948
}