{
  "run_name": "probe_jepa_1m_seed42",
  "seed": 42,
  "weights": "./logs/ParticleJEPA/best/jepa_1m_seed42.pt",
  "test_acc": 0.21789,
  "test_auc": 0.6077794889444444,
  "best_val_acc": 0.21865,
  "best_val_auc": 0.6085129796111112,
  "per_class_acc": [
    0.0415,
    0.1329,
    0.0806,
    0.5768,
    0.2413,
    0.1151,
    0.1106,
    0.2573,
    0.1633,
    0.4595
  ],
  "per_class_auc": [
    0.5381575361111111,
    0.5406082383333334,
    0.5034791205555555,
    0.7728275777777778,
    0.6607771455555557,
    0.61814389,
    0.5400914005555555,
    0.5786215655555556,
    0.6846897627777778,
    0.6403986522222224
  ],
  "train_time_s": 893.5471658300085
}