{
  "run_name": "probe_mae_1m_seed123",
  "seed": 123,
  "weights": "./logs/LorentzParT/best/mae_1m_seed123.pt",
  "test_acc": 0.29954,
  "test_auc": 0.7675605997777777,
  "best_val_acc": 0.3011,
  "best_val_auc": 0.7675662160555555,
  "per_class_acc": [
    0.2062,
    0.1038,
    0.1976,
    0.5415,
    0.2841,
    0.2496,
    0.0661,
    0.3642,
    0.5166,
    0.4657
  ],
  "per_class_auc": [
    0.7107512483333334,
    0.6835223988888889,
    0.6906307088888889,
    0.8553737844444445,
    0.7715728027777777,
    0.7894497433333333,
    0.7078239816666666,
    0.7624762216666667,
    0.860055695,
    0.8439494127777777
  ],
  "train_time_s": 893.2308199520921
}