{
  "run_name": "probe_jepa_1m_seed456",
  "seed": 456,
  "weights": "./logs/ParticleJEPA/best/jepa_1m_seed456.pt",
  "test_acc": 0.22707,
  "test_auc": 0.6399233206111111,
  "best_val_acc": 0.22887,
  "best_val_auc": 0.6404168184444443,
  "per_class_acc": [
    0.0709,
    0.1395,
    0.0854,
    0.5783,
    0.2118,
    0.1699,
    0.0877,
    0.2952,
    0.2374,
    0.3946
  ],
  "per_class_auc": [
    0.5783604661111111,
    0.5255377716666666,
    0.5113285461111111,
    0.7922648527777778,
    0.6700418538888889,
    0.6963624066666666,
    0.5777121844444444,
    0.6200651755555555,
    0.7123362783333334,
    0.7152236705555556
  ],
  "train_time_s": 893.2441192489932
}