{
  "run_name": "probe_jepa_1m_seed123",
  "seed": 123,
  "weights": "./logs/ParticleJEPA/best/jepa_1m_seed123.pt",
  "test_acc": 0.21572,
  "test_auc": 0.6021222112222222,
  "best_val_acc": 0.21698,
  "best_val_auc": 0.6025845922777778,
  "per_class_acc": [
    0.0217,
    0.1427,
    0.0849,
    0.5675,
    0.2494,
    0.1639,
    0.0675,
    0.2742,
    0.1549,
    0.4305
  ],
  "per_class_auc": [
    0.5640258533333333,
    0.5083672888888888,
    0.5009115083333333,
    0.7282851272222222,
    0.6099885877777778,
    0.6485889038888889,
    0.5560295700000001,
    0.5976215705555556,
    0.6420306644444443,
    0.6653730377777777
  ],
  "train_time_s": 896.831164088042
}