{
  "run_name": "probe_jepa_1m_seed42",
  "seed": 42,
  "weights": "./logs/ParticleJEPA/best/jepa_1m_seed42.pt",
  "test_acc": 0.22684,
  "test_auc": 0.6080594731666666,
  "best_val_acc": 0.22898,
  "best_val_auc": 0.6081550416111112,
  "per_class_acc": [
    0.0575,
    0.0542,
    0.1456,
    0.5551,
    0.2514,
    0.105,
    0.092,
    0.3088,
    0.2589,
    0.4399
  ],
  "per_class_auc": [
    0.5221554605555555,
    0.5597871566666667,
    0.512455645,
    0.8047942205555555,
    0.6920683594444444,
    0.5876804244444445,
    0.523340565,
    0.5582883033333333,
    0.7165692194444444,
    0.6034553772222222
  ],
  "train_time_s": 896.2634594910196
}