{
  "run_name": "probe_mae_1m_seed123",
  "seed": 123,
  "weights": "./logs/LorentzParT/best/mae_1m_seed123.pt",
  "test_acc": 0.29954,
  "test_auc": 0.7335838981666666,
  "best_val_acc": 0.3011,
  "best_val_auc": 0.7335786847222222,
  "per_class_acc": [
    0.2062,
    0.1038,
    0.1976,
    0.5415,
    0.2841,
    0.2496,
    0.0661,
    0.3642,
    0.5166,
    0.4657
  ],
  "per_class_auc": [
    0.6830062633333333,
    0.6365148516666665,
    0.6119582222222223,
    0.8483386866666667,
    0.7396424527777776,
    0.774203686111111,
    0.6457201377777778,
    0.7118259166666667,
    0.8502251033333333,
    0.8344036611111111
  ],
  "train_time_s": 895.5124923489639
}