{
  "run_name": "probe_mae_1m_seed456",
  "seed": 456,
  "weights": "./logs/LorentzParT/best/mae_1m_seed456.pt",
  "test_acc": 0.25366,
  "test_auc": 0.7196966509444445,
  "best_val_acc": 0.25395,
  "best_val_auc": 0.7200003887222223,
  "per_class_acc": [
    0.2022,
    0.1569,
    0.1174,
    0.5406,
    0.2335,
    0.2365,
    0.0549,
    0.325,
    0.268,
    0.4016
  ],
  "per_class_auc": [
    0.6540249594444445,
    0.6419811072222222,
    0.6123035833333332,
    0.8440451994444444,
    0.7361586866666666,
    0.7739514283333333,
    0.6444873355555556,
    0.7027519005555556,
    0.7682565827777779,
    0.8190057261111111
  ],
  "train_time_s": 893.6726575389912
}