{
  "run_name": "probe_jepa_1m_seed42",
  "seed": 42,
  "weights": "./logs/ParticleJEPA/best/jepa_1m_seed42.pt",
  "test_acc": 0.22684,
  "test_auc": 0.7120492087777779,
  "best_val_acc": 0.22898,
  "best_val_auc": 0.7121091342222222,
  "per_class_acc": [
    0.0575,
    0.0542,
    0.1456,
    0.5551,
    0.2514,
    0.105,
    0.092,
    0.3088,
    0.2589,
    0.4399
  ],
  "per_class_auc": [
    0.6135334133333333,
    0.63843026,
    0.6277603361111112,
    0.8396827388888888,
    0.738208341111111,
    0.7473031116666667,
    0.6672838377777778,
    0.712981823888889,
    0.7672158283333332,
    0.7680923966666667
  ],
  "train_time_s": 894.4663149799453
}