{
  "run_name": "probe_mae_1m_seed42",
  "seed": 42,
  "weights": "./logs/LorentzParT/best/mae_1m_seed42.pt",
  "test_acc": 0.25337,
  "test_auc": 0.7394631150555556,
  "best_val_acc": 0.25496,
  "best_val_auc": 0.740051612,
  "per_class_acc": [
    0.1888,
    0.1469,
    0.1162,
    0.5442,
    0.2746,
    0.2412,
    0.0572,
    0.3324,
    0.2265,
    0.4057
  ],
  "per_class_auc": [
    0.6756800527777779,
    0.66678453,
    0.6539019238888889,
    0.8450157766666667,
    0.7503838561111111,
    0.784312215,
    0.6823244783333334,
    0.7326934111111112,
    0.7749018116666667,
    0.828633095
  ],
  "train_time_s": 893.324583661044
}