{
  "seed": 456,
  "conditions": {
    "jepa_finetune": {
      "best_val_acc": 0.62952,
      "pretrain_time_s": 14956.12052105798,
      "test_acc": 0.63098,
      "test_auc": 0.9347114771111112,
      "per_class_acc": [
        0.6618,
        0.4166,
        0.4967,
        0.5544,
        0.7059,
        0.752,
        0.4695,
        0.4588,
        0.8945,
        0.8996
      ],
      "per_class_auc": [
        0.9357701622222223,
        0.8788862722222222,
        0.8809005927777779,
        0.9276111683333332,
        0.9543520766666667,
        0.9690114027777778,
        0.8919102272222224,
        0.9326210583333334,
        0.9830239794444444,
        0.9930278311111113
      ],
      "embedding_stats": {
        "mean_var": 37.25214385986328,
        "effective_rank": 70.32803344726562,
        "mean_cos_sim": 0.32544928789138794
      }
    },
    "mae_finetune": {
      "best_val_acc": 0.61509,
      "pretrain_time_s": 8708.687043363985,
      "test_acc": 0.61693,
      "test_auc": 0.9286719376666668,
      "per_class_acc": [
        0.678,
        0.4392,
        0.3878,
        0.4445,
        0.6866,
        0.7816,
        0.4009,
        0.6287,
        0.8463,
        0.8757
      ],
      "per_class_auc": [
        0.9318049383333332,
        0.8731926200000001,
        0.8716966127777779,
        0.9212039805555556,
        0.9515239366666668,
        0.9637826050000001,
        0.8786730677777779,
        0.9208436972222223,
        0.9826775922222223,
        0.991320326111111
      ],
      "embedding_stats": {
        "mean_var": 1.2408137321472168,
        "effective_rank": 28.372289657592773,
        "mean_cos_sim": 0.49463117122650146
      }
    },
    "scratch": {
      "best_val_acc": 0.63738,
      "pretrain_time_s": null,
      "test_acc": 0.64021,
      "test_auc": 0.9365874335,
      "per_class_acc": [
        0.663,
        0.4912,
        0.434,
        0.5612,
        0.6778,
        0.7118,
        0.5183,
        0.5451,
        0.8986,
        0.9011
      ],
      "per_class_auc": [
        0.9373961083333331,
        0.8826692866666666,
        0.8817678277777777,
        0.9273528477777778,
        0.9553041505555556,
        0.9690254227777777,
        0.9000796533333333,
        0.93475478,
        0.9847358522222223,
        0.9927884055555556
      ]
    },
    "jepa_probe": {
      "run_name": "probe_jepa_1m_seed456",
      "seed": 456,
      "weights": "./logs/ParticleJEPA/best/jepa_1m_seed456.pt",
      "test_acc": 0.23607,
      "test_auc": 0.7192166217222222,
      "best_val_acc": 0.23669,
      "best_val_auc": 0.7199971952777777,
      "per_class_acc": [
        0.0836,
        0.1564,
        0.0747,
        0.5703,
        0.2031,
        0.15,
        0.0769,
        0.322,
        0.3035,
        0.4202
      ],
      "per_class_auc": [
        0.6127717016666667,
        0.6498811199999999,
        0.6343103133333333,
        0.8410914111111111,
        0.7390412344444445,
        0.7565683683333333,
        0.6709882061111111,
        0.7192735822222222,
        0.7871365033333334,
        0.7811037766666667
      ],
      "train_time_s": 896.0912572919624
    },
    "mae_probe": {
      "run_name": "probe_mae_1m_seed456",
      "seed": 456,
      "weights": "./logs/LorentzParT/best/mae_1m_seed456.pt",
      "test_acc": 0.25366,
      "test_auc": 0.7393547477222222,
      "best_val_acc": 0.25395,
      "best_val_auc": 0.7396003416111111,
      "per_class_acc": [
        0.2022,
        0.1569,
        0.1174,
        0.5406,
        0.2335,
        0.2365,
        0.0549,
        0.325,
        0.268,
        0.4016
      ],
      "per_class_auc": [
        0.6736981427777777,
        0.6671818788888889,
        0.6530632633333333,
        0.845896046111111,
        0.7502198522222221,
        0.7843398733333333,
        0.6834848077777778,
        0.7313936627777778,
        0.7774496566666667,
        0.8268202933333333
      ],
      "train_time_s": 895.3912171770353
    }
  }
}