{
  "seed": 456,
  "conditions": {
    "jepa_finetune": {
      "best_val_acc": 0.62952,
      "pretrain_time_s": 14956.12052105798,
      "test_acc": 0.63098,
      "test_auc": 0.9173370558333334,
      "per_class_acc": [
        0.6618,
        0.4166,
        0.4967,
        0.5544,
        0.7059,
        0.752,
        0.4695,
        0.4588,
        0.8945,
        0.8996
      ],
      "per_class_auc": [
        0.9064504905555556,
        0.8616469044444444,
        0.8561569288888888,
        0.9176666805555557,
        0.9434872938888887,
        0.9518586277777779,
        0.8588363433333334,
        0.9110777561111111,
        0.9771750972222222,
        0.9890144355555557
      ],
      "embedding_stats": {
        "mean_var": 37.25214385986328,
        "effective_rank": 70.32803344726562,
        "mean_cos_sim": 0.32544928789138794
      }
    },
    "mae_finetune": {
      "best_val_acc": 0.61509,
      "pretrain_time_s": 8708.687043363985,
      "test_acc": 0.61693,
      "test_auc": 0.9130816067777777,
      "per_class_acc": [
        0.678,
        0.4392,
        0.3878,
        0.4445,
        0.6866,
        0.7816,
        0.4009,
        0.6287,
        0.8463,
        0.8757
      ],
      "per_class_auc": [
        0.9034449166666666,
        0.854737725,
        0.8442175955555555,
        0.9048536249999999,
        0.9399024222222221,
        0.9473112033333334,
        0.8620699972222222,
        0.9056380866666666,
        0.9792719172222222,
        0.9893685788888888
      ],
      "embedding_stats": {
        "mean_var": 1.2408137321472168,
        "effective_rank": 28.372289657592773,
        "mean_cos_sim": 0.49463117122650146
      }
    },
    "scratch": {
      "best_val_acc": 0.63738,
      "pretrain_time_s": null,
      "test_acc": 0.64021,
      "test_auc": 0.9179154843888888,
      "per_class_acc": [
        0.663,
        0.4912,
        0.434,
        0.5612,
        0.6778,
        0.7118,
        0.5183,
        0.5451,
        0.8986,
        0.9011
      ],
      "per_class_auc": [
        0.9096280544444445,
        0.8582048161111111,
        0.8542012605555556,
        0.9159058877777779,
        0.9476035377777778,
        0.9469658077777778,
        0.862992915,
        0.9128551722222223,
        0.9821425388888888,
        0.9886548533333333
      ]
    },
    "jepa_probe": {
      "run_name": "probe_jepa_1m_seed456",
      "seed": 456,
      "weights": "./logs/ParticleJEPA/best/jepa_1m_seed456.pt",
      "test_acc": 0.23607,
      "test_auc": 0.644484104,
      "best_val_acc": 0.23669,
      "best_val_auc": 0.6465308357777778,
      "per_class_acc": [
        0.0836,
        0.1564,
        0.0747,
        0.5703,
        0.2031,
        0.15,
        0.0769,
        0.322,
        0.3035,
        0.4202
      ],
      "per_class_auc": [
        0.588271061111111,
        0.5218245622222222,
        0.528295465,
        0.769338045,
        0.6326093322222222,
        0.7216606511111111,
        0.5962602961111112,
        0.6501383072222222,
        0.6924139094444445,
        0.7440294105555556
      ],
      "train_time_s": 894.4435971080093
    },
    "mae_probe": {
      "run_name": "probe_mae_1m_seed456",
      "seed": 456,
      "weights": "./logs/LorentzParT/best/mae_1m_seed456.pt",
      "test_acc": 0.25366,
      "test_auc": 0.7196966509444445,
      "best_val_acc": 0.25395,
      "best_val_auc": 0.7200003887222223,
      "per_class_acc": [
        0.2022,
        0.1569,
        0.1174,
        0.5406,
        0.2335,
        0.2365,
        0.0549,
        0.325,
        0.268,
        0.4016
      ],
      "per_class_auc": [
        0.6540249594444445,
        0.6419811072222222,
        0.6123035833333332,
        0.8440451994444444,
        0.7361586866666666,
        0.7739514283333333,
        0.6444873355555556,
        0.7027519005555556,
        0.7682565827777779,
        0.8190057261111111
      ],
      "train_time_s": 893.7307986509986
    }
  }
}