{
  "seed": 42,
  "conditions": {
    "jepa_finetune": {
      "best_val_acc": 0.61653,
      "pretrain_time_s": 3986.049452086998,
      "test_acc": 0.617,
      "test_auc": 0.9114868564444443,
      "per_class_acc": [
        0.6499,
        0.4498,
        0.4412,
        0.4892,
        0.6595,
        0.6868,
        0.4979,
        0.5268,
        0.8833,
        0.8856
      ],
      "per_class_auc": [
        0.8993647316666668,
        0.850513816111111,
        0.8458341194444444,
        0.9144667883333334,
        0.9405617827777778,
        0.9340695022222222,
        0.8568660427777778,
        0.9074804427777777,
        0.9782927044444445,
        0.9874186338888888
      ],
      "embedding_stats": {
        "mean_var": 50.441650390625,
        "effective_rank": 20.025436401367188,
        "mean_cos_sim": 0.08269638568162918
      }
    },
    "mae_finetune": {
      "best_val_acc": 0.60073,
      "pretrain_time_s": 10437.504671743998,
      "test_acc": 0.60177,
      "test_auc": 0.9121652186111111,
      "per_class_acc": [
        0.6565,
        0.4579,
        0.4624,
        0.5485,
        0.5758,
        0.6517,
        0.4526,
        0.3896,
        0.9084,
        0.9143
      ],
      "per_class_auc": [
        0.9095907472222221,
        0.8513252805555556,
        0.8447200416666666,
        0.9137753027777777,
        0.9413267444444444,
        0.948180755,
        0.8496197316666667,
        0.9000083322222223,
        0.975628745,
        0.9874765055555556
      ],
      "embedding_stats": {
        "mean_var": 0.7696226239204407,
        "effective_rank": 28.574037551879883,
        "mean_cos_sim": 0.6216413974761963
      }
    },
    "scratch": {
      "best_val_acc": 0.62448,
      "pretrain_time_s": null,
      "test_acc": 0.62726,
      "test_auc": 0.9182716123333332,
      "per_class_acc": [
        0.6519,
        0.4833,
        0.4767,
        0.516,
        0.6778,
        0.6513,
        0.5303,
        0.4793,
        0.9058,
        0.9002
      ],
      "per_class_auc": [
        0.906042078888889,
        0.8616223872222222,
        0.8566133516666666,
        0.9189043633333333,
        0.9500595772222222,
        0.9485011994444443,
        0.8618397099999999,
        0.9091150038888889,
        0.9811441572222221,
        0.9888742944444445
      ]
    },
    "jepa_probe": {
      "run_name": "probe_jepa_1m_seed42",
      "seed": 42,
      "weights": "./logs/ParticleJEPA/best/jepa_1m_seed42.pt",
      "test_acc": 0.21789,
      "test_auc": 0.6077794889444444,
      "best_val_acc": 0.21865,
      "best_val_auc": 0.6085129796111112,
      "per_class_acc": [
        0.0415,
        0.1329,
        0.0806,
        0.5768,
        0.2413,
        0.1151,
        0.1106,
        0.2573,
        0.1633,
        0.4595
      ],
      "per_class_auc": [
        0.5381575361111111,
        0.5406082383333334,
        0.5034791205555555,
        0.7728275777777778,
        0.6607771455555557,
        0.61814389,
        0.5400914005555555,
        0.5786215655555556,
        0.6846897627777778,
        0.6403986522222224
      ],
      "train_time_s": 893.5471658300085
    },
    "mae_probe": {
      "run_name": "probe_mae_1m_seed42",
      "seed": 42,
      "weights": "./logs/LorentzParT/best/mae_1m_seed42.pt",
      "test_acc": 0.25337,
      "test_auc": 0.6987773385,
      "best_val_acc": 0.25496,
      "best_val_auc": 0.6987718128333334,
      "per_class_acc": [
        0.1888,
        0.1469,
        0.1162,
        0.5442,
        0.2746,
        0.2412,
        0.0572,
        0.3324,
        0.2265,
        0.4057
      ],
      "per_class_auc": [
        0.6368140594444445,
        0.6079546683333333,
        0.5687523611111112,
        0.8334261238888889,
        0.7229356866666666,
        0.7625242388888889,
        0.6179193483333334,
        0.6755671972222221,
        0.7513143655555555,
        0.8105653355555557
      ],
      "train_time_s": 894.8563971529948
    }
  }
}