{
  "seed": 123,
  "conditions": {
    "jepa_finetune": {
      "best_val_acc": 0.617,
      "pretrain_time_s": 14972.322558830958,
      "test_acc": 0.61777,
      "test_auc": 0.9310284663888888,
      "per_class_acc": [
        0.6778,
        0.4696,
        0.4476,
        0.5609,
        0.6302,
        0.6955,
        0.4649,
        0.4277,
        0.9118,
        0.8917
      ],
      "per_class_auc": [
        0.9337905755555557,
        0.8724172655555555,
        0.8708012949999999,
        0.9239779938888889,
        0.9513397161111111,
        0.9671663866666667,
        0.8870521533333334,
        0.9315325716666666,
        0.9797283205555556,
        0.9924783855555557
      ],
      "embedding_stats": {
        "mean_var": 56.850120544433594,
        "effective_rank": 63.750640869140625,
        "mean_cos_sim": 0.23009471595287323
      }
    },
    "mae_finetune": {
      "best_val_acc": 0.62643,
      "pretrain_time_s": 10437.05437445399,
      "test_acc": 0.62784,
      "test_auc": 0.9333382860555558,
      "per_class_acc": [
        0.6322,
        0.5556,
        0.3099,
        0.5653,
        0.6698,
        0.7212,
        0.5315,
        0.4976,
        0.8908,
        0.9045
      ],
      "per_class_auc": [
        0.9342710494444445,
        0.8781630761111112,
        0.8795650466666667,
        0.9240360261111111,
        0.9532125300000001,
        0.9662865250000001,
        0.8937139261111111,
        0.9286595061111113,
        0.9832521155555557,
        0.9922230594444446
      ],
      "embedding_stats": {
        "mean_var": 3.156283378601074,
        "effective_rank": 38.871463775634766,
        "mean_cos_sim": 0.2895458936691284
      }
    },
    "scratch": {
      "best_val_acc": 0.64105,
      "pretrain_time_s": null,
      "test_acc": 0.64328,
      "test_auc": 0.9369108196666666,
      "per_class_acc": [
        0.6671,
        0.4773,
        0.4576,
        0.5693,
        0.6619,
        0.7163,
        0.4888,
        0.5861,
        0.8902,
        0.9182
      ],
      "per_class_auc": [
        0.9378580216666667,
        0.8817245866666666,
        0.8814487605555555,
        0.9274264038888889,
        0.9557000794444444,
        0.9704514683333334,
        0.9016424849999999,
        0.9349959816666666,
        0.9848287644444443,
        0.9930316450000001
      ]
    },
    "jepa_probe": {
      "run_name": "probe_jepa_1m_seed123",
      "seed": 123,
      "weights": "./logs/ParticleJEPA/best/jepa_1m_seed123.pt",
      "test_acc": 0.21572,
      "test_auc": 0.7020271826666666,
      "best_val_acc": 0.21698,
      "best_val_auc": 0.7027505963888888,
      "per_class_acc": [
        0.0217,
        0.1427,
        0.0849,
        0.5675,
        0.2494,
        0.1639,
        0.0675,
        0.2742,
        0.1549,
        0.4305
      ],
      "per_class_auc": [
        0.6056366861111112,
        0.6290539916666666,
        0.61746177,
        0.8351676100000001,
        0.7322765544444445,
        0.7361833183333333,
        0.6570659044444445,
        0.7010175049999999,
        0.7546814477777778,
        0.7517270388888888
      ],
      "train_time_s": 893.455137640005
    },
    "mae_probe": {
      "run_name": "probe_mae_1m_seed123",
      "seed": 123,
      "weights": "./logs/LorentzParT/best/mae_1m_seed123.pt",
      "test_acc": 0.29954,
      "test_auc": 0.7675605997777777,
      "best_val_acc": 0.3011,
      "best_val_auc": 0.7675662160555555,
      "per_class_acc": [
        0.2062,
        0.1038,
        0.1976,
        0.5415,
        0.2841,
        0.2496,
        0.0661,
        0.3642,
        0.5166,
        0.4657
      ],
      "per_class_auc": [
        0.7107512483333334,
        0.6835223988888889,
        0.6906307088888889,
        0.8553737844444445,
        0.7715728027777777,
        0.7894497433333333,
        0.7078239816666666,
        0.7624762216666667,
        0.860055695,
        0.8439494127777777
      ],
      "train_time_s": 893.2308199520921
    }
  }
}