{
  "seed": 42,
  "conditions": {
    "jepa_finetune": {
      "best_val_acc": 0.63359,
      "pretrain_time_s": 15000.538984267041,
      "test_acc": 0.6339,
      "test_auc": 0.9349305846666667,
      "per_class_acc": [
        0.6835,
        0.5451,
        0.3528,
        0.5557,
        0.6613,
        0.7309,
        0.4275,
        0.6031,
        0.881,
        0.8981
      ],
      "per_class_auc": [
        0.9359654811111112,
        0.8800875149999999,
        0.8792269127777776,
        0.9258378916666665,
        0.9554297944444443,
        0.9671581438888889,
        0.8977340438888888,
        0.9310444144444445,
        0.9843081377777777,
        0.9925135116666667
      ],
      "embedding_stats": {
        "mean_var": 60.26195526123047,
        "effective_rank": 62.76904296875,
        "mean_cos_sim": 0.32606640458106995
      }
    },
    "mae_finetune": {
      "best_val_acc": 0.60073,
      "pretrain_time_s": 10437.504671743998,
      "test_acc": 0.60177,
      "test_auc": 0.9276904816666667,
      "per_class_acc": [
        0.6565,
        0.4579,
        0.4624,
        0.5485,
        0.5758,
        0.6517,
        0.4526,
        0.3896,
        0.9084,
        0.9143
      ],
      "per_class_auc": [
        0.9338005638888889,
        0.8686504794444444,
        0.8681351155555554,
        0.9226964255555556,
        0.9476568811111111,
        0.9636693783333332,
        0.8775612455555555,
        0.9238038549999998,
        0.9791161349999999,
        0.9918147372222222
      ],
      "embedding_stats": {
        "mean_var": 0.7696226239204407,
        "effective_rank": 28.574037551879883,
        "mean_cos_sim": 0.6216413974761963
      }
    },
    "scratch": {
      "best_val_acc": 0.62448,
      "pretrain_time_s": null,
      "test_acc": 0.62726,
      "test_auc": 0.9342796115,
      "per_class_acc": [
        0.6519,
        0.4833,
        0.4767,
        0.516,
        0.6778,
        0.6513,
        0.5303,
        0.4793,
        0.9058,
        0.9002
      ],
      "per_class_auc": [
        0.9348313005555556,
        0.879857043888889,
        0.8793991716666667,
        0.9271419877777777,
        0.9563114805555556,
        0.9672572916666666,
        0.892855201111111,
        0.9283621594444443,
        0.9842365527777779,
        0.9925439255555557
      ]
    },
    "jepa_probe": {
      "run_name": "probe_jepa_1m_seed42",
      "seed": 42,
      "weights": "./logs/ParticleJEPA/best/jepa_1m_seed42.pt",
      "test_acc": 0.22684,
      "test_auc": 0.7120492087777779,
      "best_val_acc": 0.22898,
      "best_val_auc": 0.7121091342222222,
      "per_class_acc": [
        0.0575,
        0.0542,
        0.1456,
        0.5551,
        0.2514,
        0.105,
        0.092,
        0.3088,
        0.2589,
        0.4399
      ],
      "per_class_auc": [
        0.6135334133333333,
        0.63843026,
        0.6277603361111112,
        0.8396827388888888,
        0.738208341111111,
        0.7473031116666667,
        0.6672838377777778,
        0.712981823888889,
        0.7672158283333332,
        0.7680923966666667
      ],
      "train_time_s": 894.4663149799453
    },
    "mae_probe": {
      "run_name": "probe_mae_1m_seed42",
      "seed": 42,
      "weights": "./logs/LorentzParT/best/mae_1m_seed42.pt",
      "test_acc": 0.25337,
      "test_auc": 0.7394631150555556,
      "best_val_acc": 0.25496,
      "best_val_auc": 0.740051612,
      "per_class_acc": [
        0.1888,
        0.1469,
        0.1162,
        0.5442,
        0.2746,
        0.2412,
        0.0572,
        0.3324,
        0.2265,
        0.4057
      ],
      "per_class_auc": [
        0.6756800527777779,
        0.66678453,
        0.6539019238888889,
        0.8450157766666667,
        0.7503838561111111,
        0.784312215,
        0.6823244783333334,
        0.7326934111111112,
        0.7749018116666667,
        0.828633095
      ],
      "train_time_s": 893.324583661044
    }
  }
}