{
  "seed": 123,
  "conditions": {
    "jepa_finetune": {
      "best_val_acc": 0.61171,
      "pretrain_time_s": 3486.230784904008,
      "test_acc": 0.61291,
      "test_auc": 0.9155231061111113,
      "per_class_acc": [
        0.6555,
        0.5225,
        0.3764,
        0.5363,
        0.5957,
        0.6487,
        0.4759,
        0.5262,
        0.8945,
        0.8974
      ],
      "per_class_auc": [
        0.9088796955555556,
        0.8551362377777778,
        0.8529016827777777,
        0.9142489772222223,
        0.9394992322222222,
        0.9433763655555556,
        0.8612494644444446,
        0.9135157333333335,
        0.9804361883333333,
        0.9859874838888889
      ],
      "embedding_stats": {
        "mean_var": 41.84033966064453,
        "effective_rank": 11.856124877929688,
        "mean_cos_sim": 0.06926831603050232
      }
    },
    "mae_finetune": {
      "best_val_acc": 0.62643,
      "pretrain_time_s": 10437.05437445399,
      "test_acc": 0.62784,
      "test_auc": 0.9180006439999999,
      "per_class_acc": [
        0.6322,
        0.5556,
        0.3099,
        0.5653,
        0.6698,
        0.7212,
        0.5315,
        0.4976,
        0.8908,
        0.9045
      ],
      "per_class_auc": [
        0.9147465544444444,
        0.8588155988888889,
        0.8537653627777777,
        0.9142801005555556,
        0.9420361022222222,
        0.9515117816666666,
        0.8653420522222222,
        0.9099989033333333,
        0.9812843938888888,
        0.98822559
      ],
      "embedding_stats": {
        "mean_var": 3.156283378601074,
        "effective_rank": 38.871463775634766,
        "mean_cos_sim": 0.2895458936691284
      }
    },
    "scratch": {
      "best_val_acc": 0.64105,
      "pretrain_time_s": null,
      "test_acc": 0.64328,
      "test_auc": 0.920905608888889,
      "per_class_acc": [
        0.6671,
        0.4773,
        0.4576,
        0.5693,
        0.6619,
        0.7163,
        0.4888,
        0.5861,
        0.8902,
        0.9182
      ],
      "per_class_auc": [
        0.9143603422222223,
        0.859679245,
        0.8579919444444445,
        0.9179174333333334,
        0.9487006338888889,
        0.9545184805555557,
        0.869131793888889,
        0.9148678105555555,
        0.9826291722222222,
        0.9892592327777777
      ]
    },
    "jepa_probe": {
      "run_name": "probe_jepa_1m_seed123",
      "seed": 123,
      "weights": "./logs/ParticleJEPA/best/jepa_1m_seed123.pt",
      "test_acc": 0.22434,
      "test_auc": 0.5809383230555556,
      "best_val_acc": 0.22739,
      "best_val_auc": 0.5816806306111111,
      "per_class_acc": [
        0.0212,
        0.1421,
        0.1238,
        0.5739,
        0.2238,
        0.17,
        0.0765,
        0.2968,
        0.1916,
        0.4237
      ],
      "per_class_auc": [
        0.5519878838888889,
        0.5046915627777778,
        0.5094928133333333,
        0.6502564211111111,
        0.56036315,
        0.6515754077777778,
        0.5539706388888889,
        0.5642189566666667,
        0.5912239222222222,
        0.6716024738888889
      ],
      "train_time_s": 893.1244545600202
    },
    "mae_probe": {
      "run_name": "probe_mae_1m_seed123",
      "seed": 123,
      "weights": "./logs/LorentzParT/best/mae_1m_seed123.pt",
      "test_acc": 0.29954,
      "test_auc": 0.7335838981666666,
      "best_val_acc": 0.3011,
      "best_val_auc": 0.7335786847222222,
      "per_class_acc": [
        0.2062,
        0.1038,
        0.1976,
        0.5415,
        0.2841,
        0.2496,
        0.0661,
        0.3642,
        0.5166,
        0.4657
      ],
      "per_class_auc": [
        0.6830062633333333,
        0.6365148516666665,
        0.6119582222222223,
        0.8483386866666667,
        0.7396424527777776,
        0.774203686111111,
        0.6457201377777778,
        0.7118259166666667,
        0.8502251033333333,
        0.8344036611111111
      ],
      "train_time_s": 892.9609014460002
    }
  }
}