{
  "run_name": "probe_mae_seed123",
  "seed": 123,
  "weights": "./logs/LorentzParT/best/mae_seed123.pt",
  "test_acc": 0.2205,
  "test_auc": 0.6865818944444444,
  "best_val_acc": 0.228,
  "best_val_auc": 0.6887203499999999,
  "per_class_acc": [
    0.062,
    0.159,
    0.093,
    0.573,
    0.153,
    0.207,
    0.131,
    0.289,
    0.171,
    0.367
  ],
  "per_class_auc": [
    0.587987111111111,
    0.5967698888888889,
    0.5738537777777778,
    0.8331090555555554,
    0.6903342777777777,
    0.7586752222222223,
    0.6149878888888888,
    0.6781440555555556,
    0.740197,
    0.7917606666666667
  ],
  "train_time_s": 79.49421052099206
}