{
  "run_name": "probe_jepa_seed42",
  "seed": 42,
  "weights": "./logs/ParticleJEPA/best/jepa_seed42.pt",
  "test_acc": 0.1904,
  "test_auc": 0.6634487555555556,
  "best_val_acc": 0.1923,
  "best_val_auc": 0.6654799277777779,
  "per_class_acc": [
    0.014,
    0.094,
    0.069,
    0.617,
    0.087,
    0.096,
    0.033,
    0.206,
    0.147,
    0.541
  ],
  "per_class_auc": [
    0.5526797777777778,
    0.5893793333333334,
    0.5793643333333334,
    0.8034918888888889,
    0.6818989999999999,
    0.7103687777777777,
    0.6146035,
    0.6548776666666667,
    0.710542888888889,
    0.7372803888888889
  ],
  "train_time_s": 78.76528266095556
}