{
  "run_name": "probe_mae_seed456",
  "seed": 456,
  "weights": "./logs/LorentzParT/best/mae_seed456.pt",
  "test_acc": 0.2225,
  "test_auc": 0.7121747833333333,
  "best_val_acc": 0.2254,
  "best_val_auc": 0.7126888722222222,
  "per_class_acc": [
    0.098,
    0.15,
    0.154,
    0.636,
    0.08,
    0.13,
    0.037,
    0.283,
    0.206,
    0.451
  ],
  "per_class_auc": [
    0.5998670555555555,
    0.6295262222222222,
    0.6460775555555556,
    0.8390018333333332,
    0.7220571111111111,
    0.775276111111111,
    0.6542508888888889,
    0.6992033333333332,
    0.7499612777777779,
    0.8065264444444444
  ],
  "train_time_s": 79.31018081994262
}