{
  "run_name": "probe_jepa_seed456",
  "seed": 456,
  "weights": "./logs/ParticleJEPA/best/jepa_seed456.pt",
  "test_acc": 0.1868,
  "test_auc": 0.6640405666666667,
  "best_val_acc": 0.1927,
  "best_val_auc": 0.6668503722222222,
  "per_class_acc": [
    0.028,
    0.08,
    0.067,
    0.591,
    0.141,
    0.134,
    0.099,
    0.176,
    0.076,
    0.476
  ],
  "per_class_auc": [
    0.5663857777777778,
    0.5887882222222223,
    0.5750999444444445,
    0.8031094999999999,
    0.6901062222222223,
    0.7123051111111112,
    0.6107505,
    0.6376513888888888,
    0.7148413333333333,
    0.7413676666666666
  ],
  "train_time_s": 79.17284361890052
}