{
  "run_name": "probe_mae_seed42",
  "seed": 42,
  "weights": "./logs/LorentzParT/best/mae_seed42.pt",
  "test_acc": 0.2253,
  "test_auc": 0.6883579444444444,
  "best_val_acc": 0.2255,
  "best_val_auc": 0.6857585499999999,
  "per_class_acc": [
    0.074,
    0.157,
    0.098,
    0.611,
    0.149,
    0.085,
    0.084,
    0.277,
    0.173,
    0.545
  ],
  "per_class_auc": [
    0.5931558333333333,
    0.6032491666666666,
    0.5800243333333334,
    0.8276815555555556,
    0.7082267777777778,
    0.7794634444444445,
    0.5852174444444445,
    0.6514944444444445,
    0.741313,
    0.8137534444444444
  ],
  "train_time_s": 79.39180695591494
}