{
  "run_name": "probe_mae_biased_seed456",
  "seed": 456,
  "weights": "./logs/LorentzParT/best/mae_biased_seed456.pt",
  "test_acc": 0.2215,
  "test_auc": 0.6800904666666667,
  "best_val_acc": 0.2262,
  "best_val_auc": 0.6816826277777779,
  "per_class_acc": [
    0.101,
    0.137,
    0.172,
    0.618,
    0.078,
    0.129,
    0.039,
    0.268,
    0.208,
    0.465
  ],
  "per_class_auc": [
    0.5950092222222223,
    0.588364,
    0.5521702222222222,
    0.8271058888888889,
    0.7187336666666666,
    0.7649416666666667,
    0.5777417777777778,
    0.6460433333333333,
    0.7378624444444445,
    0.7929324444444446
  ],
  "train_time_s": 79.46103639993817
}