{
  "run_name": "probe_mae_seed456",
  "seed": 456,
  "weights": "./logs/LorentzParT/best/mae_seed456.pt",
  "test_acc": 0.2225,
  "test_auc": 0.6818121444444445,
  "best_val_acc": 0.2254,
  "best_val_auc": 0.6830979277777779,
  "per_class_acc": [
    0.098,
    0.15,
    0.154,
    0.636,
    0.08,
    0.13,
    0.037,
    0.283,
    0.206,
    0.451
  ],
  "per_class_auc": [
    0.5978905555555556,
    0.5888092222222222,
    0.5549671666666667,
    0.8291886111111111,
    0.7180831111111112,
    0.7694441111111111,
    0.5760806666666667,
    0.6471943333333334,
    0.7391676666666666,
    0.7972960000000001
  ],
  "train_time_s": 78.93380452389829
}