{
  "run_name": "probe_jepa_seed42",
  "seed": 42,
  "weights": "./logs/ParticleJEPA/best/jepa_seed42.pt",
  "test_acc": 0.1904,
  "test_auc": 0.5340488666666666,
  "best_val_acc": 0.1923,
  "best_val_auc": 0.5332928444444444,
  "per_class_acc": [
    0.014,
    0.094,
    0.069,
    0.617,
    0.087,
    0.096,
    0.033,
    0.206,
    0.147,
    0.541
  ],
  "per_class_auc": [
    0.5486367222222222,
    0.45041688888888887,
    0.4963698888888889,
    0.49096494444444444,
    0.47052900000000003,
    0.6548963333333333,
    0.5331095555555556,
    0.5521149999999999,
    0.468696,
    0.6747543333333333
  ],
  "train_time_s": 78.87377066607587
}