{
  "run_name": "probe_mae_biased_seed123",
  "seed": 123,
  "weights": "./logs/LorentzParT/best/mae_biased_seed123.pt",
  "test_acc": 0.2174,
  "test_auc": 0.693824611111111,
  "best_val_acc": 0.228,
  "best_val_auc": 0.6955685555555555,
  "per_class_acc": [
    0.044,
    0.13,
    0.092,
    0.577,
    0.143,
    0.211,
    0.102,
    0.285,
    0.187,
    0.403
  ],
  "per_class_auc": [
    0.5948079444444444,
    0.6015852222222222,
    0.5781841666666666,
    0.8389254444444445,
    0.7051922777777778,
    0.7613920555555556,
    0.6311922222222223,
    0.6807317777777777,
    0.7499584444444444,
    0.7962765555555555
  ],
  "train_time_s": 79.21627957886085
}