{
  "run_name": "probe_mae_seed123",
  "seed": 123,
  "weights": "./logs/LorentzParT/best/mae_seed123.pt",
  "test_acc": 0.2205,
  "test_auc": 0.7148854888888889,
  "best_val_acc": 0.228,
  "best_val_auc": 0.7187660166666666,
  "per_class_acc": [
    0.062,
    0.159,
    0.093,
    0.573,
    0.153,
    0.207,
    0.131,
    0.289,
    0.171,
    0.367
  ],
  "per_class_auc": [
    0.5907618333333333,
    0.6360271111111112,
    0.6499941111111112,
    0.8425268888888889,
    0.7220047777777777,
    0.7746011666666667,
    0.6618060555555554,
    0.712071611111111,
    0.7513277777777778,
    0.8077335555555555
  ],
  "train_time_s": 79.55620931403246
}