{
  "run_name": "probe_mae_biased_seed42",
  "seed": 42,
  "weights": "./logs/LorentzParT/best/mae_biased_seed42.pt",
  "test_acc": 0.2236,
  "test_auc": 0.6811665333333332,
  "best_val_acc": 0.2288,
  "best_val_auc": 0.679636961111111,
  "per_class_acc": [
    0.078,
    0.154,
    0.09,
    0.589,
    0.147,
    0.098,
    0.086,
    0.268,
    0.201,
    0.525
  ],
  "per_class_auc": [
    0.5767296666666667,
    0.5965626666666668,
    0.5731788888888889,
    0.8267231111111111,
    0.7077814444444445,
    0.7728088888888889,
    0.5726293333333333,
    0.6317108888888888,
    0.7419286666666667,
    0.8116117777777778
  ],
  "train_time_s": 79.40374307101592
}