{
  "run_name": "probe_mae_seed42",
  "seed": 42,
  "weights": "./logs/LorentzParT/best/mae_seed42.pt",
  "test_acc": 0.2253,
  "test_auc": 0.7125292277777777,
  "best_val_acc": 0.2255,
  "best_val_auc": 0.7125066166666667,
  "per_class_acc": [
    0.074,
    0.157,
    0.098,
    0.611,
    0.149,
    0.085,
    0.084,
    0.277,
    0.173,
    0.545
  ],
  "per_class_auc": [
    0.6027068888888888,
    0.6361921666666667,
    0.6462442222222222,
    0.8333198888888889,
    0.7150253333333334,
    0.7835443333333333,
    0.6478522222222223,
    0.6965771111111112,
    0.7504635555555556,
    0.8133665555555556
  ],
  "train_time_s": 79.5012425261084
}