{
  "run_name": "probe_jepa_seed456",
  "seed": 456,
  "weights": "./logs/ParticleJEPA/best/jepa_seed456.pt",
  "test_acc": 0.1868,
  "test_auc": 0.5364665999999999,
  "best_val_acc": 0.1927,
  "best_val_auc": 0.5361799944444444,
  "per_class_acc": [
    0.028,
    0.08,
    0.067,
    0.591,
    0.141,
    0.134,
    0.099,
    0.176,
    0.076,
    0.476
  ],
  "per_class_auc": [
    0.5017534444444445,
    0.5067371111111111,
    0.5067992222222222,
    0.5949261666666666,
    0.5685512222222222,
    0.56457,
    0.48309622222222226,
    0.5138208333333333,
    0.5488251111111111,
    0.5755866666666666
  ],
  "train_time_s": 79.00747664808296
}