{
  "run_name": "probe_jepa_seed123",
  "seed": 123,
  "weights": "./logs/ParticleJEPA/best/jepa_seed123.pt",
  "test_acc": 0.1933,
  "test_auc": 0.5554789611111113,
  "best_val_acc": 0.1946,
  "best_val_auc": 0.5560835944444444,
  "per_class_acc": [
    0.024,
    0.133,
    0.026,
    0.627,
    0.084,
    0.232,
    0.059,
    0.194,
    0.151,
    0.403
  ],
  "per_class_auc": [
    0.5312236666666666,
    0.5189393888888889,
    0.4985425,
    0.6217417777777777,
    0.5333655555555556,
    0.6023408888888889,
    0.5285239444444445,
    0.5445552222222223,
    0.5393865555555556,
    0.6361701111111111
  ],
  "train_time_s": 79.40186849213205
}