{
  "seed": 456,
  "conditions": {
    "jepa_finetune": {
      "best_val_acc": 0.3201,
      "pretrain_time_s": 862.8835151509993,
      "test_acc": 0.3256,
      "test_auc": 0.7710123777777776,
      "per_class_acc": [
        0.323,
        0.099,
        0.183,
        0.56,
        0.251,
        0.256,
        0.137,
        0.413,
        0.703,
        0.331
      ],
      "per_class_auc": [
        0.689615,
        0.678869,
        0.6959057777777778,
        0.8681567777777779,
        0.7806178888888888,
        0.7783768888888888,
        0.6846243333333334,
        0.7632898333333333,
        0.9252668888888889,
        0.8454013888888889
      ],
      "embedding_stats": {
        "mean_var": 38.922119140625,
        "effective_rank": 10.198713302612305,
        "mean_cos_sim": 0.14525926113128662
      }
    },
    "mae_finetune": {
      "best_val_acc": 0.2486,
      "pretrain_time_s": 575.4430196479989,
      "test_acc": 0.2378,
      "test_auc": 0.7161798888888888,
      "per_class_acc": [
        0.17,
        0.218,
        0.143,
        0.459,
        0.072,
        0.301,
        0.002,
        0.347,
        0.412,
        0.254
      ],
      "per_class_auc": [
        0.6140898888888888,
        0.6391520000000002,
        0.639396388888889,
        0.8428246666666667,
        0.7302222222222221,
        0.7804037777777778,
        0.6344122222222223,
        0.6903792777777777,
        0.7575498888888889,
        0.8333685555555556
      ],
      "embedding_stats": {
        "mean_var": 1.1925251483917236,
        "effective_rank": 22.162227630615234,
        "mean_cos_sim": 0.803596019744873
      }
    },
    "scratch": {
      "best_val_acc": 0.2712,
      "pretrain_time_s": null,
      "test_acc": 0.2708,
      "test_auc": 0.7330537388888889,
      "per_class_acc": [
        0.121,
        0.1,
        0.115,
        0.62,
        0.264,
        0.286,
        0.119,
        0.464,
        0.353,
        0.266
      ],
      "per_class_auc": [
        0.6130782222222222,
        0.6453556111111111,
        0.6413566666666667,
        0.8547977777777778,
        0.7429743333333333,
        0.7789598888888888,
        0.653104888888889,
        0.7157363333333333,
        0.8503561111111111,
        0.8348175555555555
      ]
    },
    "jepa_probe": {
      "run_name": "probe_jepa_seed456",
      "seed": 456,
      "weights": "./logs/ParticleJEPA/best/jepa_seed456.pt",
      "test_acc": 0.1868,
      "test_auc": 0.5364665999999999,
      "best_val_acc": 0.1927,
      "best_val_auc": 0.5361799944444444,
      "per_class_acc": [
        0.028,
        0.08,
        0.067,
        0.591,
        0.141,
        0.134,
        0.099,
        0.176,
        0.076,
        0.476
      ],
      "per_class_auc": [
        0.5017534444444445,
        0.5067371111111111,
        0.5067992222222222,
        0.5949261666666666,
        0.5685512222222222,
        0.56457,
        0.48309622222222226,
        0.5138208333333333,
        0.5488251111111111,
        0.5755866666666666
      ],
      "train_time_s": 79.00747664808296
    },
    "mae_probe": {
      "run_name": "probe_mae_seed456",
      "seed": 456,
      "weights": "./logs/LorentzParT/best/mae_seed456.pt",
      "test_acc": 0.2225,
      "test_auc": 0.6818121444444445,
      "best_val_acc": 0.2254,
      "best_val_auc": 0.6830979277777779,
      "per_class_acc": [
        0.098,
        0.15,
        0.154,
        0.636,
        0.08,
        0.13,
        0.037,
        0.283,
        0.206,
        0.451
      ],
      "per_class_auc": [
        0.5978905555555556,
        0.5888092222222222,
        0.5549671666666667,
        0.8291886111111111,
        0.7180831111111112,
        0.7694441111111111,
        0.5760806666666667,
        0.6471943333333334,
        0.7391676666666666,
        0.7972960000000001
      ],
      "train_time_s": 78.93380452389829
    }
  }
}