{
  "seed": 123,
  "conditions": {
    "jepa_finetune": {
      "best_val_acc": 0.2861,
      "pretrain_time_s": 868.9703014650004,
      "test_acc": 0.2847,
      "test_auc": 0.7424488388888889,
      "per_class_acc": [
        0.212,
        0.1,
        0.177,
        0.551,
        0.246,
        0.25,
        0.124,
        0.357,
        0.573,
        0.257
      ],
      "per_class_auc": [
        0.6496023333333334,
        0.6504584444444445,
        0.6538186666666668,
        0.8564895555555556,
        0.7471936666666668,
        0.7806952222222222,
        0.6573985,
        0.7219128888888888,
        0.869848111111111,
        0.8370709999999999
      ],
      "embedding_stats": {
        "mean_var": 51.872802734375,
        "effective_rank": 7.991657733917236,
        "mean_cos_sim": 0.11524571478366852
      }
    },
    "mae_finetune": {
      "best_val_acc": 0.2497,
      "pretrain_time_s": 500.4052144169982,
      "test_acc": 0.2362,
      "test_auc": 0.7161289888888888,
      "per_class_acc": [
        0.126,
        0.154,
        0.222,
        0.499,
        0.307,
        0.076,
        0.059,
        0.292,
        0.159,
        0.468
      ],
      "per_class_auc": [
        0.612778,
        0.6314915555555555,
        0.6385806666666666,
        0.8446007777777779,
        0.7283722222222221,
        0.7784443333333333,
        0.6390032222222222,
        0.6947102222222222,
        0.7598454444444446,
        0.8334634444444444
      ],
      "embedding_stats": {
        "mean_var": 1.9733409881591797,
        "effective_rank": 31.57854461669922,
        "mean_cos_sim": 0.7994244694709778
      }
    },
    "scratch": {
      "best_val_acc": 0.3071,
      "pretrain_time_s": null,
      "test_acc": 0.3059,
      "test_auc": 0.7658086333333334,
      "per_class_acc": [
        0.231,
        0.088,
        0.155,
        0.565,
        0.271,
        0.2,
        0.141,
        0.493,
        0.574,
        0.341
      ],
      "per_class_auc": [
        0.6712482777777778,
        0.6571094444444444,
        0.6884624444444445,
        0.8671142222222222,
        0.7661922222222222,
        0.7773565555555556,
        0.7021852222222222,
        0.7675514444444445,
        0.9157040555555556,
        0.8451624444444444
      ]
    },
    "jepa_probe": {
      "run_name": "probe_jepa_seed123",
      "seed": 123,
      "weights": "./logs/ParticleJEPA/best/jepa_seed123.pt",
      "test_acc": 0.1933,
      "test_auc": 0.5554789611111113,
      "best_val_acc": 0.1946,
      "best_val_auc": 0.5560835944444444,
      "per_class_acc": [
        0.024,
        0.133,
        0.026,
        0.627,
        0.084,
        0.232,
        0.059,
        0.194,
        0.151,
        0.403
      ],
      "per_class_auc": [
        0.5312236666666666,
        0.5189393888888889,
        0.4985425,
        0.6217417777777777,
        0.5333655555555556,
        0.6023408888888889,
        0.5285239444444445,
        0.5445552222222223,
        0.5393865555555556,
        0.6361701111111111
      ],
      "train_time_s": 79.40186849213205
    },
    "mae_probe": {
      "run_name": "probe_mae_seed123",
      "seed": 123,
      "weights": "./logs/LorentzParT/best/mae_seed123.pt",
      "test_acc": 0.2205,
      "test_auc": 0.6865818944444444,
      "best_val_acc": 0.228,
      "best_val_auc": 0.6887203499999999,
      "per_class_acc": [
        0.062,
        0.159,
        0.093,
        0.573,
        0.153,
        0.207,
        0.131,
        0.289,
        0.171,
        0.367
      ],
      "per_class_auc": [
        0.587987111111111,
        0.5967698888888889,
        0.5738537777777778,
        0.8331090555555554,
        0.6903342777777777,
        0.7586752222222223,
        0.6149878888888888,
        0.6781440555555556,
        0.740197,
        0.7917606666666667
      ],
      "train_time_s": 79.49421052099206
    }
  }
}