{
  "seed": 123,
  "conditions": {
    "jepa_finetune": {
      "best_val_acc": 0.2861,
      "pretrain_time_s": 868.9703014650004,
      "test_acc": 0.2847,
      "test_auc": 0.7617031666666666,
      "per_class_acc": [
        0.212,
        0.1,
        0.177,
        0.551,
        0.246,
        0.25,
        0.124,
        0.357,
        0.573,
        0.257
      ],
      "per_class_auc": [
        0.6781271111111111,
        0.6717596666666668,
        0.672617,
        0.8606833333333334,
        0.7637378888888888,
        0.7905064444444445,
        0.71095,
        0.7549798888888889,
        0.8689344444444445,
        0.844735888888889
      ],
      "embedding_stats": {
        "mean_var": 51.872802734375,
        "effective_rank": 7.991657733917236,
        "mean_cos_sim": 0.11524571478366852
      }
    },
    "mae_finetune": {
      "best_val_acc": 0.2497,
      "pretrain_time_s": 500.4052144169982,
      "test_acc": 0.2362,
      "test_auc": 0.7350893277777779,
      "per_class_acc": [
        0.126,
        0.154,
        0.222,
        0.499,
        0.307,
        0.076,
        0.059,
        0.292,
        0.159,
        0.468
      ],
      "per_class_auc": [
        0.6456915555555556,
        0.6527983333333334,
        0.6640068888888889,
        0.8461605555555556,
        0.7428538888888889,
        0.7874669999999999,
        0.681477,
        0.7277513888888889,
        0.7637531666666667,
        0.8389335000000001
      ],
      "embedding_stats": {
        "mean_var": 1.9733409881591797,
        "effective_rank": 31.57854461669922,
        "mean_cos_sim": 0.7994244694709778
      }
    },
    "scratch": {
      "best_val_acc": 0.3071,
      "pretrain_time_s": null,
      "test_acc": 0.3059,
      "test_auc": 0.7805124055555556,
      "per_class_acc": [
        0.231,
        0.088,
        0.155,
        0.565,
        0.271,
        0.2,
        0.141,
        0.493,
        0.574,
        0.341
      ],
      "per_class_auc": [
        0.6962324444444444,
        0.6750269444444446,
        0.7097237777777777,
        0.8709715555555556,
        0.7788902222222222,
        0.7973536666666666,
        0.7265125555555556,
        0.7809907777777778,
        0.915443888888889,
        0.8539782222222223
      ]
    },
    "jepa_probe": {
      "run_name": "probe_jepa_seed123",
      "seed": 123,
      "weights": "./logs/ParticleJEPA/best/jepa_seed123.pt",
      "test_acc": 0.1933,
      "test_auc": 0.6740427333333334,
      "best_val_acc": 0.1946,
      "best_val_auc": 0.6747456277777777,
      "per_class_acc": [
        0.024,
        0.133,
        0.026,
        0.627,
        0.084,
        0.232,
        0.059,
        0.194,
        0.151,
        0.403
      ],
      "per_class_auc": [
        0.5762073333333334,
        0.5995548888888889,
        0.589912388888889,
        0.8129055555555554,
        0.6995669999999999,
        0.7250706111111112,
        0.6194503333333333,
        0.6526981111111112,
        0.7144338888888888,
        0.7506272222222222
      ],
      "train_time_s": 79.17507960903458
    },
    "mae_probe": {
      "run_name": "probe_mae_seed123",
      "seed": 123,
      "weights": "./logs/LorentzParT/best/mae_seed123.pt",
      "test_acc": 0.2205,
      "test_auc": 0.7148854888888889,
      "best_val_acc": 0.228,
      "best_val_auc": 0.7187660166666666,
      "per_class_acc": [
        0.062,
        0.159,
        0.093,
        0.573,
        0.153,
        0.207,
        0.131,
        0.289,
        0.171,
        0.367
      ],
      "per_class_auc": [
        0.5907618333333333,
        0.6360271111111112,
        0.6499941111111112,
        0.8425268888888889,
        0.7220047777777777,
        0.7746011666666667,
        0.6618060555555554,
        0.712071611111111,
        0.7513277777777778,
        0.8077335555555555
      ],
      "train_time_s": 79.55620931403246
    }
  }
}