{
  "seed": 42,
  "conditions": {
    "jepa_finetune": {
      "best_val_acc": 0.3363,
      "pretrain_time_s": 952.6571868030005,
      "test_acc": 0.3271,
      "test_auc": 0.7968515555555555,
      "per_class_acc": [
        0.239,
        0.113,
        0.193,
        0.55,
        0.339,
        0.206,
        0.157,
        0.449,
        0.672,
        0.353
      ],
      "per_class_auc": [
        0.7320331111111111,
        0.7067840555555556,
        0.7297052222222222,
        0.8748492222222223,
        0.7936844444444445,
        0.8006385555555554,
        0.7415567777777777,
        0.7993967222222221,
        0.9271616666666667,
        0.8627057777777778
      ],
      "embedding_stats": {
        "mean_var": 47.89725875854492,
        "effective_rank": 7.365978717803955,
        "mean_cos_sim": 0.20625360310077667
      }
    },
    "mae_finetune": {
      "best_val_acc": 0.277,
      "pretrain_time_s": 586.4143364339998,
      "test_acc": 0.2688,
      "test_auc": 0.7556878,
      "per_class_acc": [
        0.208,
        0.125,
        0.116,
        0.542,
        0.272,
        0.22,
        0.138,
        0.459,
        0.45,
        0.158
      ],
      "per_class_auc": [
        0.6584005555555555,
        0.6651443333333334,
        0.6758830555555555,
        0.8527047777777778,
        0.7600405555555556,
        0.7887956111111112,
        0.7037673888888889,
        0.7530561666666666,
        0.851411,
        0.8476745555555556
      ],
      "embedding_stats": {
        "mean_var": 1.807999849319458,
        "effective_rank": 24.547895431518555,
        "mean_cos_sim": 0.6741053462028503
      }
    },
    "scratch": {
      "best_val_acc": 0.2738,
      "pretrain_time_s": null,
      "test_acc": 0.2711,
      "test_auc": 0.74991445,
      "per_class_acc": [
        0.184,
        0.101,
        0.195,
        0.533,
        0.265,
        0.248,
        0.069,
        0.395,
        0.41,
        0.311
      ],
      "per_class_auc": [
        0.6627380555555555,
        0.6587136111111112,
        0.6707442777777777,
        0.8530458888888889,
        0.7546506666666666,
        0.7901714444444445,
        0.6999713888888889,
        0.7413471111111112,
        0.8195134444444444,
        0.848248611111111
      ]
    },
    "jepa_probe": {
      "run_name": "probe_jepa_seed42",
      "seed": 42,
      "weights": "./logs/ParticleJEPA/best/jepa_seed42.pt",
      "test_acc": 0.1904,
      "test_auc": 0.6634487555555556,
      "best_val_acc": 0.1923,
      "best_val_auc": 0.6654799277777779,
      "per_class_acc": [
        0.014,
        0.094,
        0.069,
        0.617,
        0.087,
        0.096,
        0.033,
        0.206,
        0.147,
        0.541
      ],
      "per_class_auc": [
        0.5526797777777778,
        0.5893793333333334,
        0.5793643333333334,
        0.8034918888888889,
        0.6818989999999999,
        0.7103687777777777,
        0.6146035,
        0.6548776666666667,
        0.710542888888889,
        0.7372803888888889
      ],
      "train_time_s": 78.76528266095556
    },
    "mae_probe": {
      "run_name": "probe_mae_seed42",
      "seed": 42,
      "weights": "./logs/LorentzParT/best/mae_seed42.pt",
      "test_acc": 0.2253,
      "test_auc": 0.7125292277777777,
      "best_val_acc": 0.2255,
      "best_val_auc": 0.7125066166666667,
      "per_class_acc": [
        0.074,
        0.157,
        0.098,
        0.611,
        0.149,
        0.085,
        0.084,
        0.277,
        0.173,
        0.545
      ],
      "per_class_auc": [
        0.6027068888888888,
        0.6361921666666667,
        0.6462442222222222,
        0.8333198888888889,
        0.7150253333333334,
        0.7835443333333333,
        0.6478522222222223,
        0.6965771111111112,
        0.7504635555555556,
        0.8133665555555556
      ],
      "train_time_s": 79.5012425261084
    },
    "mae_biased_finetune": {
      "test_auc": 0.7598437555555555,
      "test_acc": 0.279,
      "per_class_auc": [
        0.6671513333333332,
        0.665289111111111,
        0.6761010555555556,
        0.8551452222222222,
        0.7615471111111112,
        0.7890872777777778,
        0.7078470555555556,
        0.7559543888888889,
        0.8686438888888888,
        0.851671111111111
      ],
      "embedding_stats": {
        "mean_var": 1.9661610126495361,
        "effective_rank": 26.112459182739258,
        "mean_cos_sim": 0.7270869612693787
      }
    }
  }
}