{
  "seed": 42,
  "conditions": {
    "jepa_finetune": {
      "best_val_acc": 0.3363,
      "pretrain_time_s": 952.6571868030005,
      "test_acc": 0.3271,
      "test_auc": 0.7720569388888888,
      "per_class_acc": [
        0.239,
        0.113,
        0.193,
        0.55,
        0.339,
        0.206,
        0.157,
        0.449,
        0.672,
        0.353
      ],
      "per_class_auc": [
        0.6990861111111111,
        0.677052222222222,
        0.6913487777777778,
        0.8670338333333334,
        0.7739967777777779,
        0.7800522222222223,
        0.6877107777777778,
        0.7630172222222221,
        0.9251784444444444,
        0.856093
      ],
      "embedding_stats": {
        "mean_var": 47.89725875854492,
        "effective_rank": 7.365978717803955,
        "mean_cos_sim": 0.20625360310077667
      }
    },
    "mae_finetune": {
      "best_val_acc": 0.277,
      "pretrain_time_s": 586.4143364339998,
      "test_acc": 0.2688,
      "test_auc": 0.7349525888888888,
      "per_class_acc": [
        0.208,
        0.125,
        0.116,
        0.542,
        0.272,
        0.22,
        0.138,
        0.459,
        0.45,
        0.158
      ],
      "per_class_auc": [
        0.6386683333333334,
        0.6456995555555556,
        0.6354717777777779,
        0.849634111111111,
        0.7476892222222222,
        0.7772089999999999,
        0.6498471111111112,
        0.7171462222222222,
        0.8493156666666667,
        0.8388448888888889
      ],
      "embedding_stats": {
        "mean_var": 1.807999849319458,
        "effective_rank": 24.547895431518555,
        "mean_cos_sim": 0.6741053462028503
      }
    },
    "scratch": {
      "best_val_acc": 0.2738,
      "pretrain_time_s": null,
      "test_acc": 0.2711,
      "test_auc": 0.7296842333333333,
      "per_class_acc": [
        0.184,
        0.101,
        0.195,
        0.533,
        0.265,
        0.248,
        0.069,
        0.395,
        0.41,
        0.311
      ],
      "per_class_auc": [
        0.6377347222222222,
        0.6370678888888889,
        0.6286655555555555,
        0.8505946666666667,
        0.7408240555555555,
        0.777055888888889,
        0.6492675555555555,
        0.706405,
        0.8244137777777777,
        0.8448132222222222
      ]
    },
    "jepa_probe": {
      "run_name": "probe_jepa_seed42",
      "seed": 42,
      "weights": "./logs/ParticleJEPA/best/jepa_seed42.pt",
      "test_acc": 0.1904,
      "test_auc": 0.5340488666666666,
      "best_val_acc": 0.1923,
      "best_val_auc": 0.5332928444444444,
      "per_class_acc": [
        0.014,
        0.094,
        0.069,
        0.617,
        0.087,
        0.096,
        0.033,
        0.206,
        0.147,
        0.541
      ],
      "per_class_auc": [
        0.5486367222222222,
        0.45041688888888887,
        0.4963698888888889,
        0.49096494444444444,
        0.47052900000000003,
        0.6548963333333333,
        0.5331095555555556,
        0.5521149999999999,
        0.468696,
        0.6747543333333333
      ],
      "train_time_s": 78.87377066607587
    },
    "mae_probe": {
      "run_name": "probe_mae_seed42",
      "seed": 42,
      "weights": "./logs/LorentzParT/best/mae_seed42.pt",
      "test_acc": 0.2253,
      "test_auc": 0.6883579444444444,
      "best_val_acc": 0.2255,
      "best_val_auc": 0.6857585499999999,
      "per_class_acc": [
        0.074,
        0.157,
        0.098,
        0.611,
        0.149,
        0.085,
        0.084,
        0.277,
        0.173,
        0.545
      ],
      "per_class_auc": [
        0.5931558333333333,
        0.6032491666666666,
        0.5800243333333334,
        0.8276815555555556,
        0.7082267777777778,
        0.7794634444444445,
        0.5852174444444445,
        0.6514944444444445,
        0.741313,
        0.8137534444444444
      ],
      "train_time_s": 79.39180695591494
    },
    "mae_biased_finetune": {
      "best_val_acc": 0.2821,
      "pretrain_time_s": 696.0579406050965,
      "test_acc": 0.279,
      "test_auc": 0.7406871888888888,
      "per_class_acc": [
        0.232,
        0.061,
        0.154,
        0.554,
        0.226,
        0.228,
        0.102,
        0.52,
        0.51,
        0.203
      ],
      "per_class_auc": [
        0.6462284444444444,
        0.6461502222222222,
        0.6356128888888889,
        0.8524547777777778,
        0.750210888888889,
        0.7770564444444444,
        0.6610381111111111,
        0.7272106666666667,
        0.8700145555555555,
        0.8408948888888887
      ],
      "embedding_stats": {
        "mean_var": 1.9661610126495361,
        "effective_rank": 26.112459182739258,
        "mean_cos_sim": 0.7144739031791687
      }
    },
    "mae_biased_probe": {
      "run_name": "probe_mae_biased_seed42",
      "seed": 42,
      "weights": "./logs/LorentzParT/best/mae_biased_seed42.pt",
      "test_acc": 0.2236,
      "test_auc": 0.6811665333333332,
      "best_val_acc": 0.2288,
      "best_val_auc": 0.679636961111111,
      "per_class_acc": [
        0.078,
        0.154,
        0.09,
        0.589,
        0.147,
        0.098,
        0.086,
        0.268,
        0.201,
        0.525
      ],
      "per_class_auc": [
        0.5767296666666667,
        0.5965626666666668,
        0.5731788888888889,
        0.8267231111111111,
        0.7077814444444445,
        0.7728088888888889,
        0.5726293333333333,
        0.6317108888888888,
        0.7419286666666667,
        0.8116117777777778
      ],
      "train_time_s": 79.40374307101592
    }
  }
}