{
  "seed": 456,
  "conditions": {
    "jepa_finetune": {
      "best_val_acc": 0.3201,
      "pretrain_time_s": 862.8835151509993,
      "test_acc": 0.3256,
      "test_auc": 0.7868920333333332,
      "per_class_acc": [
        0.323,
        0.099,
        0.183,
        0.56,
        0.251,
        0.256,
        0.137,
        0.413,
        0.703,
        0.331
      ],
      "per_class_auc": [
        0.7244741666666666,
        0.6922707777777778,
        0.7123617777777776,
        0.8703213333333333,
        0.7925915555555556,
        0.7966133333333333,
        0.7195219999999999,
        0.7822363333333333,
        0.9256208333333334,
        0.8529082222222223
      ],
      "embedding_stats": {
        "mean_var": 38.922119140625,
        "effective_rank": 10.198713302612305,
        "mean_cos_sim": 0.14525926113128662
      }
    },
    "mae_finetune": {
      "best_val_acc": 0.2486,
      "pretrain_time_s": 575.4430196479989,
      "test_acc": 0.2378,
      "test_auc": 0.733707561111111,
      "per_class_acc": [
        0.17,
        0.218,
        0.143,
        0.459,
        0.072,
        0.301,
        0.002,
        0.347,
        0.412,
        0.254
      ],
      "per_class_auc": [
        0.6388684444444445,
        0.6523527777777778,
        0.6635153888888888,
        0.8453332222222223,
        0.7403012777777777,
        0.7887325000000001,
        0.6787996666666667,
        0.7264417777777777,
        0.7637245555555555,
        0.8390059999999999
      ],
      "embedding_stats": {
        "mean_var": 1.1925251483917236,
        "effective_rank": 22.162227630615234,
        "mean_cos_sim": 0.803596019744873
      }
    },
    "scratch": {
      "best_val_acc": 0.2712,
      "pretrain_time_s": null,
      "test_acc": 0.2708,
      "test_auc": 0.7535724777777778,
      "per_class_acc": [
        0.121,
        0.1,
        0.115,
        0.62,
        0.264,
        0.286,
        0.119,
        0.464,
        0.353,
        0.266
      ],
      "per_class_auc": [
        0.6535512222222222,
        0.6598182222222222,
        0.6733823888888889,
        0.8579477777777778,
        0.7553560555555554,
        0.791507,
        0.6993494444444446,
        0.7482904444444445,
        0.8525428888888889,
        0.8439793333333334
      ]
    },
    "jepa_probe": {
      "run_name": "probe_jepa_seed456",
      "seed": 456,
      "weights": "./logs/ParticleJEPA/best/jepa_seed456.pt",
      "test_acc": 0.1868,
      "test_auc": 0.6640405666666667,
      "best_val_acc": 0.1927,
      "best_val_auc": 0.6668503722222222,
      "per_class_acc": [
        0.028,
        0.08,
        0.067,
        0.591,
        0.141,
        0.134,
        0.099,
        0.176,
        0.076,
        0.476
      ],
      "per_class_auc": [
        0.5663857777777778,
        0.5887882222222223,
        0.5750999444444445,
        0.8031094999999999,
        0.6901062222222223,
        0.7123051111111112,
        0.6107505,
        0.6376513888888888,
        0.7148413333333333,
        0.7413676666666666
      ],
      "train_time_s": 79.17284361890052
    },
    "mae_probe": {
      "run_name": "probe_mae_seed456",
      "seed": 456,
      "weights": "./logs/LorentzParT/best/mae_seed456.pt",
      "test_acc": 0.2225,
      "test_auc": 0.7121747833333333,
      "best_val_acc": 0.2254,
      "best_val_auc": 0.7126888722222222,
      "per_class_acc": [
        0.098,
        0.15,
        0.154,
        0.636,
        0.08,
        0.13,
        0.037,
        0.283,
        0.206,
        0.451
      ],
      "per_class_auc": [
        0.5998670555555555,
        0.6295262222222222,
        0.6460775555555556,
        0.8390018333333332,
        0.7220571111111111,
        0.775276111111111,
        0.6542508888888889,
        0.6992033333333332,
        0.7499612777777779,
        0.8065264444444444
      ],
      "train_time_s": 79.31018081994262
    },
    "mae_biased_finetune": {
      "test_auc": 0.7273267444444445,
      "test_acc": 0.2262,
      "per_class_auc": [
        0.6234636666666666,
        0.6443422777777777,
        0.6570646666666665,
        0.845456,
        0.738695,
        0.7848591111111112,
        0.6722396111111111,
        0.7200277222222222,
        0.7582078888888889,
        0.8289115
      ],
      "embedding_stats": {
        "mean_var": 1.2568126916885376,
        "effective_rank": 20.905067443847656,
        "mean_cos_sim": 0.7944570779800415
      }
    }
  }
}